-- phpMyAdmin SQL Dump
-- version 5.2.0
-- https://www.phpmyadmin.net/
--
-- Host: 127.0.0.1
-- Generation Time: Feb 18, 2024 at 04:12 AM
-- Server version: 10.4.27-MariaDB
-- PHP Version: 8.2.0

SET SQL_MODE = "NO_AUTO_VALUE_ON_ZERO";
START TRANSACTION;
SET time_zone = "+00:00";


/*!40101 SET @OLD_CHARACTER_SET_CLIENT=@@CHARACTER_SET_CLIENT */;
/*!40101 SET @OLD_CHARACTER_SET_RESULTS=@@CHARACTER_SET_RESULTS */;
/*!40101 SET @OLD_COLLATION_CONNECTION=@@COLLATION_CONNECTION */;
/*!40101 SET NAMES utf8mb4 */;

--
-- Database: `crf_db`
--

-- --------------------------------------------------------

--
-- Table structure for table `agency`
--

CREATE TABLE `agency` (
  `agency_id` int(11) NOT NULL,
  `agencyname` varchar(100) NOT NULL,
  `address_1` varchar(50) NOT NULL,
  `address_2` varchar(50) DEFAULT NULL,
  `city` varchar(25) NOT NULL,
  `state` varchar(10) NOT NULL,
  `zipcode` varchar(6) NOT NULL,
  `phonenumber` varchar(19) NOT NULL,
  `email` varchar(50) NOT NULL,
  `website` varchar(255) NOT NULL,
  `descriptions` text NOT NULL
) ENGINE=InnoDB DEFAULT CHARSET=utf8 COLLATE=utf8_general_ci;

--
-- Dumping data for table `agency`
--

INSERT INTO `agency` (`agency_id`, `agencyname`, `address_1`, `address_2`, `city`, `state`, `zipcode`, `phonenumber`, `email`, `website`, `descriptions`) VALUES
(1, 'WP', '5B Corriette Street', NULL, 'BELLEvie Chopin', 'IOWA', '00109', '767-616-7261', 'dangeloantoine94@gmail.com', '', 'help with homelessness'),
(2, 'RCROSS', '119 Mitchel street SW', NULL, 'Cedar Rapids', 'IOWA', '52404', '319-320-2875', 'bigsnake92@hotmail.com', '', 'Help with single parents'),
(3, 'KCC', 'KIRKWOOD COLLEGE', NULL, 'Cedar Rapids', 'Iowa', '52404', '319-320-2875', 'danny_net_hot@hotmail.com', 'kirkwoodcollege.edu', 'KIRKWOOD COMMUNITY COLLEGE');

-- --------------------------------------------------------

--
-- Table structure for table `baby`
--

CREATE TABLE `baby` (
  `id` int(11) NOT NULL,
  `baby_item` varchar(19) DEFAULT NULL
) ENGINE=InnoDB DEFAULT CHARSET=utf8 COLLATE=utf8_general_ci;

--
-- Dumping data for table `baby`
--

INSERT INTO `baby` (`id`, `baby_item`) VALUES
(1, 'Toddler bed'),
(2, 'Child bag'),
(3, 'crib');

-- --------------------------------------------------------

--
-- Table structure for table `backorder`
--

CREATE TABLE `backorder` (
  `id` int(11) NOT NULL,
  `family_id` int(11) NOT NULL,
  `product_name` varchar(40) NOT NULL,
  `qty` int(11) NOT NULL,
  `product_description` text NOT NULL,
  `product_category` varchar(20) NOT NULL,
  `created_at` date NOT NULL DEFAULT current_timestamp(),
  `updated_at` date NOT NULL DEFAULT current_timestamp()
) ENGINE=InnoDB DEFAULT CHARSET=utf8 COLLATE=utf8_general_ci;

-- --------------------------------------------------------

--
-- Table structure for table `backorder_inventory`
--

CREATE TABLE `backorder_inventory` (
  `id` int(11) NOT NULL,
  `avaliability` varchar(25) NOT NULL,
  `sku` text NOT NULL,
  `product_name` varchar(40) NOT NULL,
  `qty` int(11) NOT NULL,
  `product_description` text NOT NULL,
  `product_category` varchar(20) NOT NULL,
  `created_at` date NOT NULL,
  `updated_at` date NOT NULL
) ENGINE=InnoDB DEFAULT CHARSET=utf8 COLLATE=utf8_general_ci;

-- --------------------------------------------------------

--
-- Table structure for table `bath`
--

CREATE TABLE `bath` (
  `id` int(11) NOT NULL,
  `bath_item` varchar(19) DEFAULT NULL
) ENGINE=InnoDB DEFAULT CHARSET=utf8 COLLATE=utf8_general_ci;

--
-- Dumping data for table `bath`
--

INSERT INTO `bath` (`id`, `bath_item`) VALUES
(1, 'Towel Set'),
(2, 'Bath mat'),
(3, 'Shower Curtain'),
(4, 'Trash Can'),
(5, 'Laundry Basket'),
(6, 'Hangers');

-- --------------------------------------------------------

--
-- Table structure for table `bedding`
--

CREATE TABLE `bedding` (
  `id` int(11) NOT NULL,
  `bedding_item` varchar(19) DEFAULT NULL
) ENGINE=InnoDB DEFAULT CHARSET=utf8 COLLATE=utf8_general_ci;

--
-- Dumping data for table `bedding`
--

INSERT INTO `bedding` (`id`, `bedding_item`) VALUES
(1, 'Sheet set'),
(2, 'Blanket'),
(3, 'Comforter'),
(4, 'Pillow'),
(5, 'Throw pillows'),
(6, 'Matt Pad');

-- --------------------------------------------------------

--
-- Table structure for table `bedroom`
--

CREATE TABLE `bedroom` (
  `id` int(11) NOT NULL,
  `bedroom_item` varchar(19) DEFAULT NULL
) ENGINE=InnoDB DEFAULT CHARSET=utf8 COLLATE=utf8_general_ci;

--
-- Dumping data for table `bedroom`
--

INSERT INTO `bedroom` (`id`, `bedroom_item`) VALUES
(1, 'Qn.Matt'),
(2, 'Qn Box'),
(3, 'Full Matt'),
(4, 'Full Box'),
(5, 'Twin Matt'),
(6, 'Twin Box'),
(7, 'Dresser '),
(8, 'Night Stand'),
(9, 'Bed Frame');

-- --------------------------------------------------------

--
-- Table structure for table `calender`
--

CREATE TABLE `calender` (
  `event_id` int(11) NOT NULL,
  `event_name` varchar(100) NOT NULL,
  `event_date` datetime NOT NULL,
  `event_location` varchar(100) NOT NULL,
  `event_description` varchar(255) NOT NULL,
  `event_postedby` varchar(255) NOT NULL,
  `event_reminder` datetime NOT NULL
) ENGINE=InnoDB DEFAULT CHARSET=utf8 COLLATE=utf8_general_ci;

-- --------------------------------------------------------

--
-- Table structure for table `client_data`
--

CREATE TABLE `client_data` (
  `id` int(11) NOT NULL,
  `family_id` int(11) NOT NULL,
  `client_file` blob NOT NULL,
  `created_at` date NOT NULL DEFAULT current_timestamp(),
  `updated_at` date NOT NULL DEFAULT current_timestamp()
) ENGINE=InnoDB DEFAULT CHARSET=utf8 COLLATE=utf8_general_ci;

--
-- Dumping data for table `client_data`
--

INSERT INTO `client_data` (`id`, `family_id`, `client_file`, `created_at`, `updated_at`) VALUES
(1, 259, 0x255044462d312e370a312030206f626a0a3c3c202f54797065202f436174616c6f670a2f4f75746c696e65732032203020520a2f5061676573203320302052203e3e0a656e646f626a0a322030206f626a0a3c3c202f54797065202f4f75746c696e6573202f436f756e742030203e3e0a656e646f626a0a332030206f626a0a3c3c202f54797065202f50616765730a2f4b696473205b36203020520a5d0a2f436f756e7420310a2f5265736f7572636573203c3c0a2f50726f635365742034203020520a2f466f6e74203c3c200a2f46312038203020520a3e3e0a3e3e0a2f4d65646961426f78205b302e30303020302e303030203539352e323830203834312e3839305d0a203e3e0a656e646f626a0a342030206f626a0a5b2f504446202f54657874205d0a656e646f626a0a352030206f626a0a3c3c0a2f50726f64756365722028feff0064006f006d00700064006600200032002e0030002e00340020002b00200043005000440046290a2f4372656174696f6e446174652028443a32303234303131313136303331372d303627303027290a2f4d6f64446174652028443a32303234303131313136303331372d303627303027290a3e3e0a656e646f626a0a362030206f626a0a3c3c202f54797065202f506167650a2f4d65646961426f78205b302e30303020302e303030203539352e323830203834312e3839305d0a2f506172656e742033203020520a2f436f6e74656e74732037203020520a3e3e0a656e646f626a0a372030206f626a0a3c3c202f46696c746572202f466c6174654465636f64650a2f4c656e677468203835203e3e0a73747265616d0a789ce332d03330305040268bd2b99c42148c4df40c0ccd14cccd2cf42c2d4c15425214f4dd0c158c80a20a21690a0ad11a25a9c5259979e90af9690a0529690ac945a9892599f9799ab10a215e0aae21006c6416710a656e6473747265616d0a656e646f626a0a382030206f626a0a3c3c202f54797065202f466f6e740a2f53756274797065202f54797065310a2f4e616d65202f46310a2f42617365466f6e74202f54696d65732d426f6c640a2f456e636f64696e67202f57696e416e7369456e636f64696e670a3e3e0a656e646f626a0a787265660a3020390a303030303030303030302036353533352066200a30303030303030303039203030303030206e200a30303030303030303734203030303030206e200a30303030303030313230203030303030206e200a30303030303030323734203030303030206e200a30303030303030333033203030303030206e200a30303030303030343532203030303030206e200a30303030303030353535203030303030206e200a30303030303030373131203030303030206e200a747261696c65720a3c3c0a2f53697a6520390a2f526f6f742031203020520a2f496e666f2035203020520a2f49445b3c63303438653864326339666464643034363831336238643366613932656336613e3c63303438653864326339666464643034363831336238643366613932656336613e5d0a3e3e0a7374617274787265660a3831390a2525454f460a, '2024-01-11', '2024-01-11'),
(2, 292, 0x255044462d312e370a312030206f626a0a3c3c202f54797065202f436174616c6f670a2f4f75746c696e65732032203020520a2f5061676573203320302052203e3e0a656e646f626a0a322030206f626a0a3c3c202f54797065202f4f75746c696e6573202f436f756e742030203e3e0a656e646f626a0a332030206f626a0a3c3c202f54797065202f50616765730a2f4b696473205b36203020520a5d0a2f436f756e7420310a2f5265736f7572636573203c3c0a2f50726f635365742034203020520a2f466f6e74203c3c200a2f46312038203020520a2f46322039203020520a3e3e0a3e3e0a2f4d65646961426f78205b302e30303020302e303030203539352e323830203834312e3839305d0a203e3e0a656e646f626a0a342030206f626a0a5b2f504446202f54657874205d0a656e646f626a0a352030206f626a0a3c3c0a2f50726f64756365722028feff0064006f006d00700064006600200032002e0030002e00340020002b00200043005000440046290a2f4372656174696f6e446174652028443a32303234303131333134343934312d303627303027290a2f4d6f64446174652028443a32303234303131333134343934312d303627303027290a3e3e0a656e646f626a0a362030206f626a0a3c3c202f54797065202f506167650a2f4d65646961426f78205b302e30303020302e303030203539352e323830203834312e3839305d0a2f506172656e742033203020520a2f436f6e74656e74732037203020520a3e3e0a656e646f626a0a372030206f626a0a3c3c202f46696c746572202f466c6174654465636f64650a2f4c656e67746820343736203e3e0a73747265616d0a789c8d935d6bdb301885effb2b0ebd6aa1a892fc9dbb645b20638cb2047ab196a2c4b2adcd9640920bf9f79393d60d4c8cf9c2f6859e73ce7b5efb8a124a292eefb6bd5aed90a484b21c454949462bec6adcaf19182714bb06f879b3174e1da074632cbc74fef619bbaff8b2bb84334a78959c617e09af95751edfc5201778105e1d7ec7f02427342922f83731d34bed8dd2328673468a9245f087cee88026ac4a38e56591c5685a908c67117a59d7563ab700630c2b61f7c20a386fa5f4d83e46a4f2a22049b4c3d511561ea47a55ba45335aadfc682584aeef43abc677d2a233a3939de96bb4c6d40e8d35033e49edade8b19e991fd21d467987a71bf6748b0d465dcbd071908a25ca1342b32492c877c26330a15e114483733d49f22029da3021bc794b1c52f63d949783c3f5728bcdf67aca1d0e2797874fc1c31c7f278ec54a4b52544524d6fb74ca3bbc9a7ed45e86e9ee441b54ddc9b736da58874ed8a10fdb39d73445ec95d8ab5ef923a62f55e863f8667f8df6f8def2a6eff5044c93c732856796b248a641b5dd549372f2ec16da42101c943bbd3527b38fadce1b3d97f656638dfd11832411ebace2a4a4b3354f67ebad6ab538892e625c9e125e5611eee53fae9820ab48feb1970bc1cfc2871fe99f3a7f0091713eb40a656e6473747265616d0a656e646f626a0a382030206f626a0a3c3c202f54797065202f466f6e740a2f53756274797065202f54797065310a2f4e616d65202f46310a2f42617365466f6e74202f54696d65732d426f6c640a2f456e636f64696e67202f57696e416e7369456e636f64696e670a3e3e0a656e646f626a0a392030206f626a0a3c3c202f54797065202f466f6e740a2f53756274797065202f54797065310a2f4e616d65202f46320a2f42617365466f6e74202f54696d65732d526f6d616e0a2f456e636f64696e67202f57696e416e7369456e636f64696e670a3e3e0a656e646f626a0a787265660a302031300a303030303030303030302036353533352066200a30303030303030303039203030303030206e200a30303030303030303734203030303030206e200a30303030303030313230203030303030206e200a30303030303030323834203030303030206e200a30303030303030333133203030303030206e200a30303030303030343632203030303030206e200a30303030303030353635203030303030206e200a30303030303031313133203030303030206e200a30303030303031323231203030303030206e200a747261696c65720a3c3c0a2f53697a652031300a2f526f6f742031203020520a2f496e666f2035203020520a2f49445b3c33386433643439383863346461366232666433666331613731383734646634363e3c33386433643439383863346461366232666433666331613731383734646634363e5d0a3e3e0a7374617274787265660a313333300a2525454f460a, '2024-01-13', '2024-01-13'),
(3, 316, 0x255044462d312e370a312030206f626a0a3c3c202f54797065202f436174616c6f670a2f4f75746c696e65732032203020520a2f5061676573203320302052203e3e0a656e646f626a0a322030206f626a0a3c3c202f54797065202f4f75746c696e6573202f436f756e742030203e3e0a656e646f626a0a332030206f626a0a3c3c202f54797065202f50616765730a2f4b696473205b36203020520a5d0a2f436f756e7420310a2f5265736f7572636573203c3c0a2f50726f635365742034203020520a2f466f6e74203c3c200a2f46312038203020520a2f46322039203020520a3e3e0a3e3e0a2f4d65646961426f78205b302e30303020302e303030203539352e323830203834312e3839305d0a203e3e0a656e646f626a0a342030206f626a0a5b2f504446202f54657874205d0a656e646f626a0a352030206f626a0a3c3c0a2f50726f64756365722028feff0064006f006d00700064006600200032002e0030002e00340020002b00200043005000440046290a2f4372656174696f6e446174652028443a32303234303132303136313734382d303627303027290a2f4d6f64446174652028443a32303234303132303136313734382d303627303027290a3e3e0a656e646f626a0a362030206f626a0a3c3c202f54797065202f506167650a2f4d65646961426f78205b302e30303020302e303030203539352e323830203834312e3839305d0a2f506172656e742033203020520a2f436f6e74656e74732037203020520a3e3e0a656e646f626a0a372030206f626a0a3c3c202f46696c746572202f466c6174654465636f64650a2f4c656e6774682032393335203e3e0a73747265616d0a789c9d9bdd6edcb612c7eff31444af5aa061f9258aca9de36c72dc364e6b1b080eda2250bcb2bde7c8ab76574e4fdea68f7a8612351c59dc855629d22c7ed670867f0e871f2bbf905c08c104f9ffeefec5eb1b269de0d20a96c3bf9928d8cd9afdf05632a9b86037778cfdf6ed79b56d7765cdde3eedb69bf66957b1ab6a7ffb5431259481cf7f3d55fb96bd6d768fdffdc16e7e64ab9b177fbdd0860b69596e25b785638f0c81ea40cd32f891b226492412084a7a2278613c8166726b09f8c8b62fc4a46f57ef00e619fb9b09f623fb8db13fe0c39a46a59586a8a84b4f6a76fde25708ff7928fe4935092e10a3b82c14ed0021a10353b2ac07dedcb962145820e8a2efc27404f408d408d07030a1a0537b0216cbaf0b394e8a0e3c0b5de58e5b071a650537c63fa8f26244ea488c86c65447dc84e4bcd04982ed9cd401ef42c324a18105822e7c17a60df693add0600673cde45c153a31d7ceeeabededd757ec1f76fed034fb8a730e9fc37f38bda0256d329e3b79aca9f597e6b66cab57ffb0f765db3e547fb3b36ddb6cb6156d47e5929b1c04d1d05f97f7eda8d1f4af375000d8c5f6ae41c35347dc0af821fc3453969ba280e62d78b30c6ac9358cb7941917397446653082166495d28e481d892860044547b20901772a49b09d93c6db9bdbc28e020b045d1c1b6f63405cf02e35cfb44c0cd2dbcd0e6ae765f958bd22c553429e28aba8dbc28c481d49eceb604588825a93240bf50073075942030b64961e5241fd90d911417e2e137a2807d559d361504e8d481d090682568440ed7549b24c0f6f5e58390a2c90597a28a1bbc277588fabeaaef28bef1b3f93e9fa9a6b0e358078d6b919913a128c05ad0881842892649924debcc8c528b040e6495248eefc043b28c979b36dcbdb762289b119d71995c4583b227524180b5a1102535c24c93249bc79e1c428b0406649a29d05498a6392d4b056ac9f29e2eb4f9ec182931fb17cdf7ca95e5e6c2762c6e2eab8810849490e24966458f7b885352496644afa023c25b19d65259904d693e8e2a89879b7c70103aea0f5e97af74bd9ee36b7ff4d95e3e8128b2f6a1108e967b0a2a42fbe53b2540b2cbe31b09eccd342ca3c0cce21319eef18482d469fb1f20e9d18488c62b0a2a4afbc53b2508c587963603d9929469185d13924069c77f44b295f0a972ac4e83696dda11f0389810c5694f465774a16ea11cb6e0cac27f3f4504e87013aa4c7a74f9f7e087f3f7d4a1562f41ccbeed09581c458062b4afab23b250b2589653706d693b9b5230b63749a24278c59bf5dcea074c02cce94e8b6cb1a76cb504986ddb2f19b06c3ac735c42cc30eb619f49491d090cb991ae237a42e09349126ce7b47204e64e16a3c0024117c7e485879c4f801c961599ba89f8e5a1d98e1738ad40b1cc1eb1395baf77d57e3f5adb500aa80fd251010321026619975651010909724d09b6b34c40125820e8e2e87143f46b5be6205f74223d8dc88dcb241cc7a888d264a11f87eca494ec75b9fb5cee4ab66f7755d5b2eb8feccfa660e7d5badcb1abf2cfcd7acf2ece20658d30cb131ff6c3fd39b14f7c7fc88d89af0a38eb3ac72c9c792d60a8f0851b913a122d7921ba83c160458885dd5092603ba72d3d605e483d0a2c10747174e9c9046cf07c40505f449ecce2a7badd8fb676c21fadf32336e70f9b1a727f4b176fd402f415962a18085150c06e3513544142825e5382ed2c5390041608ba482b78a8d48b9050b64b2805f307566fa6604915f1de018ea3196c8f2d5491deab842d3a257524528638d08a1048db2249b09dd30a01b890b91a051608ba385a08b26ebb6f613baeb2e4bdc3c5d5f50dbb3c7bbfa2d9012925724bbc2a918d481d09c6815684c0e64625c93239bc792ee428b04066c92155c1a53347f4f8f92c2107ccac5c8fbcfa8598903a92d8d5c18a10bfc748928572e8ac5ff4486081cc92430998cf797e448eb377abd125a12e782e8f19bc5b5dbe595dd135162789e050dee8d40a844c2dd88e3d9b5a8484893425d8ceb2a945020b045d845b684cece1c998fc836b24688b568484e49f92655d88c91f030be479173019f1494c58ecc24062788315212161a764611730616360818cba70c2025284e56228f8101f0cc3b8e06b078393193273b4cb46a48e04e7125a110203289264d994f6e6362f468105326b4a6b9f87c69e5af18d85339ea56efd8188923a120c04ad0809dbd42959a68777d16db6496081ccd3c3f5df059d56f14d014fc3be9b78f5273d42ea486257072b420c37364916ca01e6cee8516081ccdb0f58db7d6f37bbe2c3e61bd476a754fc384b86291d67d2502390e024472b42c24c9a9265b526cea4185820cfca654cece1c998fc836b24688b568484e49f92655d88c91f030be479173019f1494c58ecc24062788315212161a764611730616360812cabf8e1ab4593c1de44e5a3af1685896746f8b1ca34cbfc9564e1ef24941523524702b3c4eaeecbe5c18a10070b4992603ba7ad8060ee7247031b08ba387e77ab61382ccb72085e27dfdb38bb59bdfb70f56f5ae00c349d29e2d4f8232b21752418065a1192c1b1364996a9e15df82d290d2c90596a687f81a0b2236a5cdcacde8f2a9cb35cda631697abd51b7a1cc09cc8b8d48e665220249324a4762e68261112f2664ab09d659914031b08ba38be56f24c4222f95d9f4abd01f0d3c5cdf9bf5697a93c4297316b863e203105d74ed13c222464cd942cd322664d0c2c107471f46864653f149982ed6dea2aeca6fc5c8fdea030c6f5111f349129e5401de714552e10a29c561cca19558e90a0d394603bcb94238105822e662977308d7e29b7ecba6a93da1d344a6aa705b7ca52ed0221da61eaa3152141a929c176966947020b64d60c44eda4ebde1799caf066b37f3828de412b992a5fb06ee85cd0f215482c5fdde6422852be28e98bd594c4769695af185820d1c58cf265604f5764454285d7ab37571f3ebc4f2512ba8c6933f46120a6807fa5218944499f3653b2508b983631b09e4417b3124948d8cfa5bea0fa75cbfddb60c93c3a68949a847e132925dd420c8468e7049ce9e9168292a0dd94603b8bb4a38105822ee66877389140bbd7cdff52d21db6494a97437e6774d51c08910e731fad0809424d09b6b34c3a125820b3a6204ae78f9922b5045e6eee1f5a76dd96db7552bf83866a740f99e55c1ad1895498d4771eafcfce7f621faee8c9f4d40305ccbbee9d99e140911b50c2e00d92b4f054012148ae4d7751e35fa220a48ec4df6f16dd0976b02224e3d62409b673da29d7bf8ca3cc28b040d0c5d1f3840115b50fc89ffc932f1925ce13bae8ae07a25363c488d49160186845885f429264991adedce596063690596a68abbafb8fc36a4ccf130ace63d9118b67e7899813868b42d04c0a2466927f5dc429453289923e6fa624b6b32c9348603d892e662cc8708ceb2e59a673fae3c5e5cdea8abd5b9d5da57209ddc6cc19fa814438aeb5a1b94448c89c2959a647cc1c0c6c20e8e2a81eb03feb86434a5ee8d4fafaae6ebe54e36f778dec433e682353d209cb9d3654ba40a27450e2b8c81d918e925ea82989ed2c932e061648743147bac3b974de946d4ab8c31629e1b42b78963b22dc40887098fc684548106e4ab09d45c291c006326f0e0ec2e539372ab5b05edfeecabba472074d247d3cfcae888665234fbe7ef0fa2bac99b7d5e6cb667bcfeef077876007f043b3634dfb50edd843f3b4af1e9a7acdee9b66bd6777bbe6911dfa7da3efd9efdfcadfbf6317ec69bbae76fbe79b89212205c7a1e49575fb50b6ecb1d9b7ac8446c1f3da37a9a0c9f27e5755ac6d42c410655db34d5b3deed93767d7ece2fa1b1f373cace9c35de0d08f69c4a9b0a47fa1284bbee2ddf76ed3eed997a67edab615f4eefbf21e5add777ed7cdb6d9edd943b97bacab7d90c987586fcacf9b7ad37e6577a069b9fdca36dbff3cedbe0e2a5fd4f5d61bf89e2762eabe344bde7d3d76fbb572b7d957bd37508b41838f9b7df7e9ae7316471547b4172dc8b8669fbfb2c78aa75cfb579c5c742d62626eeeb765d7e82bf669c69ff8fb31fd4bcc69a32184ff03e6f6a5c70a656e6473747265616d0a656e646f626a0a382030206f626a0a3c3c202f54797065202f466f6e740a2f53756274797065202f54797065310a2f4e616d65202f46310a2f42617365466f6e74202f54696d65732d426f6c640a2f456e636f64696e67202f57696e416e7369456e636f64696e670a3e3e0a656e646f626a0a392030206f626a0a3c3c202f54797065202f466f6e740a2f53756274797065202f54797065310a2f4e616d65202f46320a2f42617365466f6e74202f54696d65732d526f6d616e0a2f456e636f64696e67202f57696e416e7369456e636f64696e670a3e3e0a656e646f626a0a787265660a302031300a303030303030303030302036353533352066200a30303030303030303039203030303030206e200a30303030303030303734203030303030206e200a30303030303030313230203030303030206e200a30303030303030323834203030303030206e200a30303030303030333133203030303030206e200a30303030303030343632203030303030206e200a30303030303030353635203030303030206e200a30303030303033353733203030303030206e200a30303030303033363831203030303030206e200a747261696c65720a3c3c0a2f53697a652031300a2f526f6f742031203020520a2f496e666f2035203020520a2f49445b3c64616162633963643831643864373030663034643635383531333233333237643e3c64616162633963643831643864373030663034643635383531333233333237643e5d0a3e3e0a7374617274787265660a333739300a2525454f460a, '2024-01-20', '2024-01-20'),
(4, 320, 0x255044462d312e370a312030206f626a0a3c3c202f54797065202f436174616c6f670a2f4f75746c696e65732032203020520a2f5061676573203320302052203e3e0a656e646f626a0a322030206f626a0a3c3c202f54797065202f4f75746c696e6573202f436f756e742030203e3e0a656e646f626a0a332030206f626a0a3c3c202f54797065202f50616765730a2f4b696473205b36203020520a5d0a2f436f756e7420310a2f5265736f7572636573203c3c0a2f50726f635365742034203020520a2f466f6e74203c3c200a2f46312038203020520a2f46322039203020520a3e3e0a3e3e0a2f4d65646961426f78205b302e30303020302e303030203539352e323830203834312e3839305d0a203e3e0a656e646f626a0a342030206f626a0a5b2f504446202f54657874205d0a656e646f626a0a352030206f626a0a3c3c0a2f50726f64756365722028feff0064006f006d00700064006600200032002e0030002e00340020002b00200043005000440046290a2f4372656174696f6e446174652028443a32303234303132303136323434322d303627303027290a2f4d6f64446174652028443a32303234303132303136323434322d303627303027290a3e3e0a656e646f626a0a362030206f626a0a3c3c202f54797065202f506167650a2f4d65646961426f78205b302e30303020302e303030203539352e323830203834312e3839305d0a2f506172656e742033203020520a2f436f6e74656e74732037203020520a3e3e0a656e646f626a0a372030206f626a0a3c3c202f46696c746572202f466c6174654465636f64650a2f4c656e6774682032393530203e3e0a73747265616d0a789c9d9bdd6edcb612c7eff31444af5aa051f82d2a77b6b3c971db38edda4070d01686e295ed3d9057a7bbebf4e46dfaa8672851c391c55d689520b1f1b38633fc7338fc58f995c838e78c93ffb70fafce6f98703c1396b31cbe1a5eb09b157bf35e302133ce6eee19fbfdfb8b6ab3df96357bffbcddacf7cfdb8a2dabdddd73c524971abeffebb9daedd9fb66fbf4c39fece627b6b879f5d72ba5332e2ccbadc86ce1d81343205b5033033f92562789400241094f7856684fa099dc5a023eb3cd2b3eeadbf203c0dcb0bf19673fb1df19fb13be59d1a89454101575e949cdae5ffd06e1bf0cc53f2947c105a265260a493b4048e8c098cceb813777ae18041608bae8ba301e013500350234ec4d2868d51e81d9f2ab420c93a2052f42974e67ba0037a6c8b4f60f4a6706a48e442b684cb6448f88ca729d24d8ce491df02e841483c0024117be0be306bbc956984ce43e9e3c93854accb5b3876a73f7ed2dfb872d2f969faeafe19bf017e71634a30ccf6c5e1c6b67f5b5b92bf7d5db7fd8bb72f350d50d3bdbec9bf5a6a2edc85c643a875c54d0599777edc8c1dcafd730fbd9e5e6be41c35387db72f821fcd4480be35340f316bc590685e41a065b0893f11c149426b3809f98107640ea487891158ab7c48c08b8934982ed9c34d8dedcfa7c228105822e8e0db68674f4110a9519251283f47ebd85c279553e556f49e51485822222a9db420f481d49ec6b6f45888442932433f50073075942030b64921e4242f110e68820bf94093da483d2ace830482707a48e0403412b42a0f0ba2499a787372fac180416c8243d24576dd53bacc7b2baaffccafbcecf64bab8e62a53da10cf2ad703524782b1a0152190104592cc93c49b17391f0416c834490a91393fc10e4a72d16cf6e5dd7e2489b62653864aa2ad1d903a128c05ad088129ce93649e24debc707c105820932451ce8224c53149ea6657ad5e28e2eb4f0e2ba4ce8f587e6cbe56af2f37233163717599860849490e24966458f4602dd2a42453d215e03189edcc2bc924b08e441747c5ccdb0d0e1864125a1faf7737e5d726558ba33facbc284420a493c18a92aef28ec95c21b0f2c6c03a324d0821f23032879478bf2d3777eb5daa10a3cf5876fb4ef42446d15b51d295dd319929462cbb31b08e4c1403b665dde81c12034e3aeab510afb94b5561741b6b6edf8f9ec4407a2b4aba9a3b2633f588353706d691697af84d72374087f4b8bdbd7d13fedddea6aa307a8e35b7ef4a4f622cbd15255dcd1d939992c49a1b03ebc8d4c261c2189d26892fc3360f7d39925dfa3587ec9233f6d879b7c736507260f61bc9db3db6822d3654a07e8bad619f0f2b80750ece1fda570b387151524702a9a2856b8918113877b824c1764e2b63e0821b3b082c1074716c58e0fc52e40a1e86b548a4ee2e7e7d6c36c35551f953084472d8e66cb5da56bbdd60414429a0ae0847050c840868e090672515909020d798603bf304248105822e8e9e5178b7201a07f9a212b9a9603183fc74b9a1220a7fda6dfb71c84e08c1cecbed97725bb2dd7e5b557b76fd99c124bfa856e5962dcbffae573b76d9fc5d42ce6aaee7673eeca2bbd36597f9dad0cc97059c909d63164eca16302c0d851b903a1205d9c4dbe3446f4588853d5492603ba7ad59605e0835082c10747174cd321cb6853e20284c3c4fa6f173bddf0d2a11f707f2fc88cdc5e3ba86e4dfd0551fb5007db9a50a064214e4b0c7359c2a4848d06b4cb09d790a92c002411769050fad113c24946d134ac20482659f49588b79bcad8043ac814db59579f02a60634f491d8910210eb42204d2b648126ce7b44a002e442e078105822e8e5602d31e122c6ce2a549de565c2eaf6fd8d5d9c705cd0e48299e5be255723320752418075a1102bb229924f3e4f0e6391783c0029924879045269c3ea2c72f6709396066e56ae0d5afc484d491c4aef65684f8cd4992cc9443f92dd6609c7a32490ec9613ee7f91139ce3e2c06578baac87271cce0c3e2eadd624917599c243c83f246a75620646ac13eeec5d422244ca431c176e64d2d125820e8225c5c6362f74fc6e4ef5d23415bb4222424ff98cceb424cfe1858202fbb80c9884f62c262177a12c3ebad0809093b2633bb80091b030b64d085131690222c177dc187f8601886055f39181ca3c9cc51ce0c481d09ce25b42204069027c9bc29edcdfd870034b040264d69e5f350db532bbeb67038b4d4ad3f495152478281a0152132732249e6e9e15d88420f020b649a1e7006b127577c5dc0d3b0f1265efd398f903a92d8d5de8a109d699b2433e50073a7d520b040a6ed07ac6d3fea9b5cf161f30d6abb532a7e9c25fd948e33a9af11487092a3152161268dc9bc5a1367520c2c9017e5322676ff644cfede3512b4452b4242f28fc9bc2ec4e48f8105f2b20b988cf824262c76a12731bcde8a9090b06332b30b98b031b040e655fcf081a436b03791f9e00349aee399117e2c8d62c6df6516fe52425a3e207524304bac6a3f8feead0871b0902409b673da0a08e62e7734b09ea08be397be0a86c3329343f02af9aac7d9cde2c3a7e5bf6981d3d0b491c4a9f6475642ea48300cb422c4c0b13649e6a9e15df82d290d2c90496a287f8120cd11352e6f161f0715ced94cd86316578bc53b7a1cc09c3099508e665220249304a476ce69261112f2664cb09d79991403eb09ba38be5666464022f95d9f4cbd37f0f3e5cdc5bf1657a93c4297316bfa3e20d145a69ca4794448c89a3199a745cc9a185820e8e2e8d1c88a6e288c84ed6dea2eeca6fc520fdebbd0da75111f341129e5401de724552e10a29c92199433aa1c2141a731c176e62947020b045d4c52ee601afd5a6ed875b54f6a77d028a99de29995966a1708d10e531fad08094a8d09b6334f3b1258209366206a275cfb96c9588677ebdde341f10e5a8954f9827543e59c96af4062f96a37175c92f2454957acc624b633af7cc5c002892e26942f0d7bbac2140915ce17ef969f3e7d4c2512ba8c69d3f7a127ba80af429344a2a44b9b3199a9454c9b185847a28b4989c405ece7521f4ffdb6c93e96fb741e1d344a4d42bf8914826e217a42b4731ccef4740b4149d06e4cb09d59dad1c002411753b43b9c48a0dd79f3bf9474876d92d2e590df86ae9a3d21d261eea3152141a831c176e64947020b64d21444e9fc3193a796c0abf5c3e39e5defcbcd2aa9df414339b887347926346f452a74ea338ff3b38b9fd9a7253d999e7aa08079d7be69d31f28720d4a68bc4112169e2a20049129dd5ed4f8b72f08a923f1f79b457b82edad083199d54982ed9c76caf5aff0483d082c107471f43ca14145e503f227ffe4ab4989f3842adaeb81e8546b3e20752418065a11e297902499a7863777b9a581f564921acacaf6fee3b01ae3f38484f3983962f1e23c11734267bce03493028999e4df337152924ca2a4cb9b3189edcccb24125847a28b090b321ce3da4b96f19cfe7c7975b358b20f8bb3652a97d06dcc9cbe1f48b8cb94d234970809993326f3f488998381f5045d1cd503f667ed700891152ab5be7ea89bafd5f0d35d2dba900fda889474dc664e692a5d20513a287119cf1d918e924ea83189edcc932e061648743145bac3b974d194fb9470872d52c2295764267744b89e10e130f9d18a9020dc98603bb3842381f564da1cec85cbf34ccbd4c27a7db72def93ca1d3411f4f1f0eb250a968d3cf9fac1f9375833efaaf5d7f5e681dde3af1bc10ee04db365cdfeb1dab2c7e679573d36f58a3d34cd6ac7eeb7cd133bf42b4a3fb23fbe177ffcc02ed9f366556d772f37137d44128e43c92bebfd63b9674fcd6ecf4a68143caf7c93129a2c1fb655c5f64d8818a2ac6bb6de574f3bf6ddd935bbbcfecec70d0f2bfa701b38f4631c712a2c38098ac2245f0cef7ab7deefd8d7a67edeec2be8dd8fe503b4ba6bfdae9a4db3ddb1c772fb5457bb20930fb15e975fd6f57aff8ddd83a6e5e61b5b6ffef3bcfdd6ab7c59d71b6fe07b9e88a9fdd02c79f7f5d4eed7caed7a5775de402d060d3ead77ed77f7adb338aa38a29d6841c615fbf28d3d5559cab57fc7c945d73c26e6fa6153b68dbe65b713fec4dfaae95e7d4e1bf521fc1f86ffaf010a656e6473747265616d0a656e646f626a0a382030206f626a0a3c3c202f54797065202f466f6e740a2f53756274797065202f54797065310a2f4e616d65202f46310a2f42617365466f6e74202f54696d65732d426f6c640a2f456e636f64696e67202f57696e416e7369456e636f64696e670a3e3e0a656e646f626a0a392030206f626a0a3c3c202f54797065202f466f6e740a2f53756274797065202f54797065310a2f4e616d65202f46320a2f42617365466f6e74202f54696d65732d526f6d616e0a2f456e636f64696e67202f57696e416e7369456e636f64696e670a3e3e0a656e646f626a0a787265660a302031300a303030303030303030302036353533352066200a30303030303030303039203030303030206e200a30303030303030303734203030303030206e200a30303030303030313230203030303030206e200a30303030303030323834203030303030206e200a30303030303030333133203030303030206e200a30303030303030343632203030303030206e200a30303030303030353635203030303030206e200a30303030303033353838203030303030206e200a30303030303033363936203030303030206e200a747261696c65720a3c3c0a2f53697a652031300a2f526f6f742031203020520a2f496e666f2035203020520a2f49445b3c61626530353338333437656264323930386435333938636237383133313834643e3c61626530353338333437656264323930386435333938636237383133313834643e5d0a3e3e0a7374617274787265660a333830350a2525454f460a, '2024-01-20', '2024-01-20'),
(5, 322, 0x255044462d312e370a312030206f626a0a3c3c202f54797065202f436174616c6f670a2f4f75746c696e65732032203020520a2f5061676573203320302052203e3e0a656e646f626a0a322030206f626a0a3c3c202f54797065202f4f75746c696e6573202f436f756e742030203e3e0a656e646f626a0a332030206f626a0a3c3c202f54797065202f50616765730a2f4b696473205b36203020520a5d0a2f436f756e7420310a2f5265736f7572636573203c3c0a2f50726f635365742034203020520a2f466f6e74203c3c200a2f46312038203020520a2f46322039203020520a3e3e0a3e3e0a2f4d65646961426f78205b302e30303020302e303030203539352e323830203834312e3839305d0a203e3e0a656e646f626a0a342030206f626a0a5b2f504446202f54657874205d0a656e646f626a0a352030206f626a0a3c3c0a2f50726f64756365722028feff0064006f006d00700064006600200032002e0030002e00340020002b00200043005000440046290a2f4372656174696f6e446174652028443a32303234303132303136343134302d303627303027290a2f4d6f64446174652028443a32303234303132303136343134302d303627303027290a3e3e0a656e646f626a0a362030206f626a0a3c3c202f54797065202f506167650a2f4d65646961426f78205b302e30303020302e303030203539352e323830203834312e3839305d0a2f506172656e742033203020520a2f436f6e74656e74732037203020520a3e3e0a656e646f626a0a372030206f626a0a3c3c202f46696c746572202f466c6174654465636f64650a2f4c656e6774682033323730203e3e0a73747265616d0a789c9d9b6f6fdc361287dfe753107dd5028dcaffa2f2ce719c9cdbd8696d03c5a12d02252bdb7b27efb6bbebf4fc6dfa516f2891c351442d64f5d06bfa748733fc69663894d72f44c139679cfcffeeeec5eb1b261c2f84e5ac847f1a5eb19b15fbe1ad6042169cdddc32f6dbb7a7cde6b0ab5bf6f671b7591f1e770dbb6af69f1f1b26b9d4f0e7bf1e9bfd81bdddee1ebefb83ddfcc8ce6e5efcf542e9820bcb4a2b0a5b39f6c010c80eb4ccc07f92566789400241094f7851694f6099d25a027e659b177cb4b7ab77004bc3fe669cfdc87e63ec0ff8c38a46a5a482a8a84b4f5a76fde21708ffeb50fc27e528b840b42c4425e90608091b1893653bf0e6ce5583c0024117fd16c64f400d408b000da309059dda23b0587e5589615274e0abd0a5d385aec08da90aadfd07a53303d226a2152c263ba2474415a5ce125ce7591bf02e841483c00241177e0be305fb62ab4c214a1f4f59c84a656aede4aed97c7e7ac5fe6157a7571faeafe10fe17f585bb08c32bcb065756c9dd597ede7fad0bcfa87bda937774dbb65279bc376bd69e83ab214852e2117156cd695fd3a7250fbed1aaa9f9d6f6eb768f8dcc76d6c0555a19891169e4fc5847110b563d048aee1610b610a5e8282d214d659d054083b206d22bc2a2ac53b624604dcc92cc1759ef5b0bdb9f5f944020b045d1c7bd81ad2d14728546194c83ca4b7eb1d34cecbfaa179453aa7a814c825a9db4a0f489b48da6bb4224442a3c992857a80b9832ca18105324b0f21a17908734490f775460fe9a0352bfa18a49303d2268281a01521d0785d962cd3c39b57560c020b64961e92abaeeb4deb71d5dc36fee47de32b991eaea52a9436c4b32af580b489602c68450824449525cb24f1e655c9078105324f924a14ce17d8a424a7dbcda1fe7c1849a2ad2994a192686b07a44d0463412b42a0c479962c93c49b578e0f020b649624ca5990a43a2649bbdd37abaf14f1fda784135297472c2fb65f9a97e79b9198a9b9ba424384a42507925a321c7a701669d29229e91bf098a47596b56412584f928ba36296dd8003068584d533e7dd7dbd83232fd78e934b6cbea84520649fc18a92bef98ec9522db0f9a6c07a324f0b21caf070a6c4785defb69b5c27468fa9efc62d449262885694f47d774c164a91fa6e0aac2733a580b9ac7f365352c05547bd14e22577b9368c6e53d38dfb88240512ad28e99bee982cd42335dd14584fe6e9e1a7e4fe014de9f1f1e3c71fc2df1f3fe6da307a4e4d376e2592144bb4a2a46fba63b25092d47453603d99db394c7846cf93c4f7615b86bd1cc92efd924376c9054376d90dd9d640c381da37927743b6b27051933863c3a74adf9a9d830b88f6bd42b90169138154d1c275a4cc102eb304d7795e13ebc2b783c0024117c71e4bc90ba1157c180e23917b79f1f3fd76333c16158ca1d6d7dfa4cdc96ab56bf6fbc1898852405f118e0a180811d0c02dcf4a2ae08074728d09aeb34c40125820e8e2e82585f72722dcc94aab32b9a9e02883fc74a5a1220a6fd7ed63ca4e08c1e000f954ef6ab63fec9ae6c0ae7f65f59f0766d969b3aa77ecaafe73bddab3f3eddf35a4ade67a71f29b52861b669ffc255c8b219942f2cb0afed53966e1b66c4110381d2a37206d224a1415efae14d18a100b735496e03acf3bb6c0bc126a105820e8e2e8b165388c863e20e84dbccc66f2637bd80f9a11f797f2f288cde9fdba85fc1f1cfca805e8cb2d553090a4a081030f2a81284849afd798a47596294802eb4972915770ea98e021a14c9750126a084e7e66fc8bb1f4c6023a8881c1daca32781530dc53d2262244614d3724462b425451565982eb3caf19800b51ca416081a08ba3cdc07417050b83bc34d93716e757d737ecf2e4e28c6607a4142f2df12ab9199036118c03ad0881c14866c93239bc79c9c520b04066c921645508a78fe8f1fe2423075456a9065efd614c489b48da6ab422c4cf2759b2500ee5a7acc1738a64961c92fbb65a1e91e3e4ddd9e0f5a2aa8a521c33787776f9e6ec8a9eb3582470b01b4e4b2b90545aa6f2ad4c93d2a2a42fa43149eb2c2b2d12584f928ba3a5d5bf6b37d013ab6adecd3355487499aa28ee21921444b4a2a4afa23159a845aaa214584fe66921a40d0f674a8cd1cd13ab033d6205a11481906d062b4afa0a1a93a5526005a5c07a324f0ac96d78365352283b2ca9326c60eaf31775db640acaf8770395260515092928989bfa3313ad0809053526b8cea282a28105822ee614145cf44b55658478bfded7996a4afe52edc40d20c108d08a90504d63b24c88543b29b040660981d534a9c4dff7f5a1f9d2ec3205459c62f9a01a91a49d462b4242418dc94235b07c526081cc52030b6a520d25b30535f9f9b7cd032da967cca6559844e32c09c2f8541acc92cac1bf1a4d0e65e5cc80b489e0318d56844012f22c59362d7873ff33461a5820b3a605e56b49dbe70e93daaac258ead6bfa7a1a44d0403412b42207f44962cd3c3bb10951e0416c83c3d9c2becb387495dc1a7215b8857ff1689903691b4d56845882eb4cd92857280b9f36f5e486081ccbb6a58db7d9360f63009f77a50db3d67984c55120fe75449f1b48f241dd7d18a92be92c664e1d4902a2905d693795383e2b2bf474f4e01efd675aea8d05f2aa1b881485204d18a92be84c664a110a98452603d992984b3e1c9cc9d245369a0472c1f942210b2cd6045495f3e63b2540a2c9f14584f665e30ac09cf664a0a372ca732c43ff5f1afcebd544ee9684ec513cf7a247858a31521a19cc664d9cc908a270516c8ac9901cb697206b8feef533b989f526d4497a97ee21e906010684548a8a83159a645aa9f145820f3b4881535a9c55445118f583f284524699bd18a90505163b2500aac9f145820f36e18b1a226a5103a5b52939fbf58344886af5169e9403193be4605ffe41a7fc4234d05e722eccdbf1476ddcb64cb07a44d04466a30f7245a11e20ac3b304d779de440fe6ae7434b048d0c5f19f532b9015e666ffe315997d637d7273f6eec3d5bf69526a0b4388244eb57fc94e489b088681568498a2e259b24c0defc2bf44a38105324b0de57fe421cd1135ce6fce2e066909152dec318bcbb3b337f46e8839014d545a9a4981a44cd2be731b473289923e6fc624adb32c935260812417c77b5b61fc2b03b8d3fb421ad7e74fe737a7ff3abbcce511ba4c5913f7804494100ca7794448c89a3159a645ca9a145820e8e2e83dd98afe5148d17d4b712cc64dfda91d7c5b546bd7473c692272ca0938504a4e950b8428c7796185a6ca1112741a135c67997224b040d0c52ce526d3e8e77ac3ae9b4356bb49a39c76dd9d4768a25d2449bb94fa684548af5486e03a8bb4a3810532ab02a376be2755267744be59efefa7c49bb61299f6a59d289c71a47d4542da9782782a4edb1721a17d8d09aeb3a87d91c022411733da9736b2fb5a5f66323b7b73f5e1c3452e91d0654a9bb807247023175cd2442224a4cd982cd322a54d0a2c1074312b916c55943cf7fd835f36c5457dc8e7d1a451b608bb2f1ed1112212a21dacec341d2128094a8d09aeb34c3b125820e8629676938904dabddefe2f2bdda44d563a9047697a6a4642a4c3dc472b4282506382eb2c938e0416c8ac1244e9fcac56e58ec0cbf5ddfd815d1feacd2aabdfa4e1f0adb4810b8ae64cc31905269999edf5c9e94fecc3157de1f5dc0b85828652a974a12835fdd68cf2c72350cdabc2a9ee52edbf304a488b4455fea724dd4d3e5851620aab7324adf3bcdbbeffe2b1d483c07a925c1cbd4f685051f980caee1dc1bcfb84aabab78ec9a9d67c405a24298c6845893f427264a11adedc95960616c83c359495dd6bd56935c6f7096801709f98b6f8ea3e91724216a6742493222199040f47094e33899090496382eb2cca241a5820e862c681acfc0b169beb89bf9e5fde9c5db177672757995c4a6e53e6c47d20296de1a4a4b94448c8a53159a647ca1c0c2c127471540fe1fac7e178a165ee7c7dd76ebf34c3efa369d1873c692372d295066ec1924a1708910e263a632d958e9020d498e03acba44b8145822e664937994ba7dbfa90156ed2222b1c4c9cdc5a2a5c2044384c7eb42224c83426b8ce32e1526091ccabc1289c1f0c44ee60bdfebcab6fb3ca4d9a08faf1f04bb14a086894d9a3f809cecccfcdfacb7a73c76ef197a46102f861bb63dbc37db363f7dbc77d73bf6d57ec6ebb5dedd9ed6efbc0a67eb1fa7bf6fbb7e2f7efd8397bdcac9addfeeb612244d47dd551e51af0e1be3eb087edfec06a58143caffc921296acef764dc30edb103144d9b66c7d681ef6ec9b936b767efd8d8f1b3eace887bbc0611fe3887361c1f9605dee9752e3eed6873dfbb26d1f37870676f77d7d07abee3bbfabed66bbdbb3fb7af7d036fb20930fb15dd79fd6edfaf0c46e41d37af3c4d69bff3cee9ea2cae76dbbf1067ee7b998ac83ee927bf7f5d0cd6bf56ebd6f7a6fa01683051fd6fbee4fb79db3f454f189f6a2051957ecd3137b688a9c6ba8215d26d73c25e6fa6e53778bbe621f67fc957e17b8ff85adbc510ce1ffafde844c0a656e6473747265616d0a656e646f626a0a382030206f626a0a3c3c202f54797065202f466f6e740a2f53756274797065202f54797065310a2f4e616d65202f46310a2f42617365466f6e74202f54696d65732d426f6c640a2f456e636f64696e67202f57696e416e7369456e636f64696e670a3e3e0a656e646f626a0a392030206f626a0a3c3c202f54797065202f466f6e740a2f53756274797065202f54797065310a2f4e616d65202f46320a2f42617365466f6e74202f54696d65732d526f6d616e0a2f456e636f64696e67202f57696e416e7369456e636f64696e670a3e3e0a656e646f626a0a787265660a302031300a303030303030303030302036353533352066200a30303030303030303039203030303030206e200a30303030303030303734203030303030206e200a30303030303030313230203030303030206e200a30303030303030323834203030303030206e200a30303030303030333133203030303030206e200a30303030303030343632203030303030206e200a30303030303030353635203030303030206e200a30303030303033393038203030303030206e200a30303030303034303136203030303030206e200a747261696c65720a3c3c0a2f53697a652031300a2f526f6f742031203020520a2f496e666f2035203020520a2f49445b3c66393064626436303834363761343837656438343438663738633334633430353e3c66393064626436303834363761343837656438343438663738633334633430353e5d0a3e3e0a7374617274787265660a343132350a2525454f460a, '2024-01-20', '2024-01-20'),
(6, 341, 0x255044462d312e370a312030206f626a0a3c3c202f54797065202f436174616c6f670a2f4f75746c696e65732032203020520a2f5061676573203320302052203e3e0a656e646f626a0a322030206f626a0a3c3c202f54797065202f4f75746c696e6573202f436f756e742030203e3e0a656e646f626a0a332030206f626a0a3c3c202f54797065202f50616765730a2f4b696473205b36203020520a5d0a2f436f756e7420310a2f5265736f7572636573203c3c0a2f50726f635365742034203020520a2f466f6e74203c3c200a2f46312038203020520a2f46322039203020520a3e3e0a3e3e0a2f4d65646961426f78205b302e30303020302e303030203539352e323830203834312e3839305d0a203e3e0a656e646f626a0a342030206f626a0a5b2f504446202f54657874205d0a656e646f626a0a352030206f626a0a3c3c0a2f50726f64756365722028feff0064006f006d00700064006600200032002e0030002e00340020002b00200043005000440046290a2f4372656174696f6e446174652028443a32303234303132383135323933392d303627303027290a2f4d6f64446174652028443a32303234303132383135323933392d303627303027290a3e3e0a656e646f626a0a362030206f626a0a3c3c202f54797065202f506167650a2f4d65646961426f78205b302e30303020302e303030203539352e323830203834312e3839305d0a2f506172656e742033203020520a2f436f6e74656e74732037203020520a3e3e0a656e646f626a0a372030206f626a0a3c3c202f46696c746572202f466c6174654465636f64650a2f4c656e6774682032363132203e3e0a73747265616d0a789ca59add6edcb612c7effd1444af5aa051f8fd913bc7710cb74d7a8e6d2038680b43f1caf61ec8ab76574ee1b7e9a39ea14491a3155758eb3468e2fcb2c319fe391c72563a6105a59450f4fbf6e1e4fd0d6196164c5362e04f451db95991b71f1961bca0e4e69e90dfbe3fab36edb6acc9c7e7ed66dd3e6f2b7255edee9e2bc22997f0f35fcfd5ae251f9bedd30f7f909b9fc8f9cdc95f274216946962342bb4b3e48944c03b501305ffc4b5cc12160904c53ca185939ec030466b04be90cd099dccedea02a051e46f42c94fe43742fe801f56382ac10544855d7a5293eb937f43f8fba1f84ff2497081485e30c7f10410091398926533f0e6d6ba5160814417fd14a62b2046a08e201a0e2618746a4fc062f98563e3a4e8c05ee81c3e402d68a45c21a5ff2007ad31a913910206e31d6113420b21b2248ef3aa097873039b0407164874e1a7301db0df6c4e16d2f8784cc19dc8ecb5d3876a73f7f28efc437e3e3b83dfc3afb8b1600c216ce18c981b64f5adb92bdbeadd3fe443b979a8ea869c6eda66bda9f038dcb03e180133b0a61f878f367ebd86ad4f2e37f74d347ced5a2bab21dd1d515c17d239c2242c92e404aac835ac3463aaa0063280ab425b0d8232a647a44e84bac209da113521e08e67491ce7552bedcdb5d3a3c002892ee6565afa9506ef4c144ab0cc227d5c6fa16a7e2e9faa77a86c3227a08270ec167206933a9134d7c10a110eb267c9423dc0dc4296e0c002394a0fc6a172303523c82f65460f6ea12e0bbc0cdcf211a9138981442b44a0eada2c59a68737779a8d020be4283d38155dc93bacc755755ff963f783dfc9f86435a2105221cfc2c811a91389b1442b4420215c962c93c49b3b43478105729c248e15d66fb083929c359bb6bc6b279248ad0aa1b02452eb11a91389b1442b44608bd32c5926893777968e020be4284904544f0b55734692bad955ab3d457cfd310a4e283363f9a9f956bdb9dc4cc44cc5d5161222442539905492e1c42b349c21a92463d217e02949e32c2bc928b09e2417b3629aee7603060587d1a7e7dd4fe59f8f55fb982bc7c9652cbe518b40d03c8315267df19d92a55ac4e29b02ebc9715a3066c2e21c12e3acd96ed755db56b96a1cbda6da3b4c6320298ec10a93bef64ec9423952ed4d81f5e448399c0aeb73480ee875c41bc6de509b2bc5d16d2abcc33c06920219ac30e90bef942cd42315de14584f8ed3835b1116e8901eb7b7b76fc3ffb7b7b9521c3da7c23b4c65202996c10a93bef04ec9424952e14d81f5e4d8eaa1c21abd4e125f8bb5097399c92ef9864276f105176dd35db4b582a203fb5f71da5db485864e2dddb3e1af1a6cb5b50583b942bd003b4cea44205524b31dd113a20ac7b3248ef3ba42062e04fc330e2c90e8626e59b4eb57c5c081c472df5efcebb1d98c8f46015751eacc8ccde96ab5ad76bbd1a918a580bac22c16301024a05205d31c0b8848906b4ae238cb04448105125dcc362ab43f1595857c1199dc14709c417e5aa3b088cc77a1dd3c0ed931c6c8fb72fbb5dc9664d76eabaa25d75f20ccbbbb1d39ab56e5965c957fae573b72d9fc5d42da4a2a1727bfb22e74997df26b3f293b243f77d0295b4b3474cc1a0481d3c1d911a91311ac70b46b2b062b44a097155912c779ddb105e68e895160814417b3c796a2703df401416da2269bc9cf75bb1b1523ea1b73336373f6b8ae21ff37f8e08f5a80be54630503490a2ab8c60b27918298f47a4d491a67998228b09e241779050f1d13b44fa8ee7ae608873d0427ff7e35850aa2e072adb9095e195cf031a91361acd0aabb280e568888c2b82c89e3bcae18800b66f828b040a28bd962a0ba6641c3659eabecb7169757d737e4f3e9a7739c1d9052d468e4955335227522318e6885085c8c78962c93c39b1bca46810572941c8cbb825939a3c72fa7193960671931f2ead307913a9134d5c10a117f3fc9928572087fcb1aadd3408e928353d8cfc6ccc8717a713efa8a51b8c2b039838bf3cf1fceaff0391b37092da0bce1ad1548da5acac9b0c5072b4cfa8d3425699c655b0b05d693e462766bf55fb62ba889ce1dd77da61d32b84cbb6898c3405210831526fd2e9a92855aa45d9402ebc9715a30aec3e21c12c3779ffbcd67dc20d169dc44518d40d04c831526fd269a92a56ac44d9402ebc9716a70aac3f21c5283bbf1ae326102873effa9acabd7dfa5b873fd594a697743e00a648144e2fed1a11ece3e6121bd94af8970e5e2dd431cab46a44ec46785e99e1b0d5688400ad22c89e3bcaee705736ddc28b040a28bd906cfef2409cb08550e5af4630f3fa9a155d6d8adef2b31a9138981442b44786159962cd3c3bb604e8e020be4383da023d3fef03ba847eef0930e4a3d5cbd9157dff522522792a63a5821220ba9b364a11c606ea5180516c85172f82f2dfca3cfc372ec1d7ed08780da76c660eff03b3ed3c3a335dfba51131fad41cba0d23ef5d7716de0aaada1b116dda34a0808933a11c50b618736689f4095e15912c779e595ddc23617a3c002892e660f0f01590cbb5ac1d5dcd99cae67a737e717bf5efd07a7255c7928dc409253c9ed88d489c430a21522beb7ce92656a7873ed4f6b14582047a921fc5360df511d54e3f2e6fcd3f8c90004acd58cc5e7f3f30fa3e66fc809ffa201c7991408ca24b8e6ec651222216fa6248eb32c935060814417fd0b056921874fa6c51e5c4722ddfef22312167b4a964d212d760a2c90e862f6eea04cc124851a00cd37cf75f3ef4fcf7e26bf5efd3f8546427086a7426324b401325e081828e0fc772fd043f0eeb19f7fb880489d089cb1d6745f8b0f5688a842cb2c89e3bcee42e01f5271390a2c90e862b6d0485051f8805cf72cffb842032d8f6f75925309651a933a911846b442c44235cf92656a7873ebf32a053690a3d4109a77c7d961352685c67238b0d58cc55ea1493901796728cea440522649b89c32ca512661d2e7cd94a4719665120aac27c9c5fc55aa50d0fb49d8384eb9cc85fdcbe5e79bf32b72717e7a95cba5e83665ce308f81487f5b6312e512267de64cc9423d52e6c4c002492e66f560b65f20c7e1da97eb602eeae65b35fede52b27e12076d58463a69a13e3289a41b0892ce30e8d62c960e9120dd94c471164987021b48747194740773e9ac29dbac70072db2c269575865b1708120e162f2472b44824c5312c759265c0a6c20c7edc1413838310dcd3db0b8bedb96f759e50e9ab0d173a5feed49c939dcabb247f10b9c9977d5fadb7af340eee3dbb4e566f5b6d992a67dacb6e4b179de558f4dbd220f4db3da91fb6df3440ebd81fb23f9fd7bf6fb0fe4923c6f56d576d7c250b988a8edbe039946d43e962d796a762d296150f0bcf2437218b27cd85615699b10314459d764dd564f3bf2dde935b9bcfecec70d1f16f8c35de0308f69c499b044f736a4cabefad4cf6eddeec8b7a67edeb415cceec7f20146dd757e57cda6d9eec863b97daaab5d90c98758afcbafeb7addbe907bd0b4dcbc90f5e6bfcfdb9741e5cbbade78033ff35c4c16523bfb4cf069fdf0e8655aefaade1ba84560c0a7f5aefbe9be73965635ae682f5a907145bebe90a7aac8b956fee5e1e49aa6c45c3f6cca6ed077e4f688ffd27ba3fdcb3d79a32184ff018be6d6040a656e6473747265616d0a656e646f626a0a382030206f626a0a3c3c202f54797065202f466f6e740a2f53756274797065202f54797065310a2f4e616d65202f46310a2f42617365466f6e74202f54696d65732d426f6c640a2f456e636f64696e67202f57696e416e7369456e636f64696e670a3e3e0a656e646f626a0a392030206f626a0a3c3c202f54797065202f466f6e740a2f53756274797065202f54797065310a2f4e616d65202f46320a2f42617365466f6e74202f54696d65732d526f6d616e0a2f456e636f64696e67202f57696e416e7369456e636f64696e670a3e3e0a656e646f626a0a787265660a302031300a303030303030303030302036353533352066200a30303030303030303039203030303030206e200a30303030303030303734203030303030206e200a30303030303030313230203030303030206e200a30303030303030323834203030303030206e200a30303030303030333133203030303030206e200a30303030303030343632203030303030206e200a30303030303030353635203030303030206e200a30303030303033323530203030303030206e200a30303030303033333538203030303030206e200a747261696c65720a3c3c0a2f53697a652031300a2f526f6f742031203020520a2f496e666f2035203020520a2f49445b3c31383830363362373364613966346537373064363230373831613638343830363e3c31383830363362373364613966346537373064363230373831613638343830363e5d0a3e3e0a7374617274787265660a333436370a2525454f460a, '2024-01-28', '2024-01-28');

-- --------------------------------------------------------

--
-- Table structure for table `client_profile_ext`
--

CREATE TABLE `client_profile_ext` (
  `id` int(11) NOT NULL,
  `family_id` int(11) NOT NULL,
  `CaseReferalType` varchar(255) DEFAULT NULL
) ENGINE=InnoDB DEFAULT CHARSET=utf8 COLLATE=utf8_general_ci;

--
-- Dumping data for table `client_profile_ext`
--

INSERT INTO `client_profile_ext` (`id`, `family_id`, `CaseReferalType`) VALUES
(4, 88, 'Domestic Violence , Department Of Correction , Mental Health , Veteran , Refugess'),
(8, 86, 'Domestic Violence , Department Of Correction , Mental Health , Veteran , Refugess'),
(9, 87, 'Department Of Correction'),
(10, 98, 'Mental Health, Veteran'),
(11, 89, 'Domestic Violence , Department Of Correction , Mental Health , Veteran , Refugess'),
(12, 97, 'Domestic Violence , Refugess'),
(13, 96, 'Department Of Correction , Mental Health , Veteran'),
(14, 107, 'Veteran'),
(15, 108, 'Domestic Violence , Veteran');

-- --------------------------------------------------------

--
-- Table structure for table `declinecases`
--

CREATE TABLE `declinecases` (
  `id` int(11) NOT NULL,
  `family_id` int(11) NOT NULL,
  `firstname` varchar(20) NOT NULL,
  `lastname` varchar(20) NOT NULL,
  `receivedDate` datetime NOT NULL,
  `MoveInDate` datetime NOT NULL,
  `daterequested` datetime NOT NULL,
  `reason` text NOT NULL,
  `datedeclined` datetime NOT NULL
) ENGINE=InnoDB DEFAULT CHARSET=utf8 COLLATE=utf8_general_ci;

--
-- Dumping data for table `declinecases`
--

INSERT INTO `declinecases` (`id`, `family_id`, `firstname`, `lastname`, `receivedDate`, `MoveInDate`, `daterequested`, `reason`, `datedeclined`) VALUES
(1, 89, 'Dustin', 'Antoine', '0000-00-00 00:00:00', '0000-00-00 00:00:00', '2023-04-12 21:17:31', 'Please select', '2023-07-31 21:25:37'),
(2, 94, 'Danny', 'Stoute', '0000-00-00 00:00:00', '0000-00-00 00:00:00', '2023-04-12 22:04:00', 'Previously Helped', '2023-07-31 21:31:18'),
(5, 102, 'Delicia', 'Antoine', '0000-00-00 00:00:00', '0000-00-00 00:00:00', '2023-08-07 21:54:27', 'Not Eligible', '2023-10-21 19:56:32');

-- --------------------------------------------------------

--
-- Table structure for table `failed_jobs`
--

CREATE TABLE `failed_jobs` (
  `id` bigint(20) UNSIGNED NOT NULL,
  `uuid` varchar(255) NOT NULL,
  `connection` text NOT NULL,
  `queue` text NOT NULL,
  `payload` longtext NOT NULL,
  `exception` longtext NOT NULL,
  `failed_at` timestamp NOT NULL DEFAULT current_timestamp()
) ENGINE=InnoDB DEFAULT CHARSET=utf8mb4 COLLATE=utf8mb4_unicode_ci;

-- --------------------------------------------------------

--
-- Table structure for table `family`
--

CREATE TABLE `family` (
  `id` int(11) NOT NULL,
  `headofhousehold_firstname` varchar(20) NOT NULL,
  `headofhousehold_lastname` varchar(20) NOT NULL,
  `phone` varchar(15) NOT NULL,
  `address` text NOT NULL,
  `address2` varchar(100) DEFAULT NULL,
  `City` varchar(50) DEFAULT NULL,
  `State` varchar(20) DEFAULT NULL,
  `Zip` varchar(10) DEFAULT NULL,
  `numofadults` int(11) NOT NULL,
  `numofkids` int(11) NOT NULL,
  `agency` varchar(100) NOT NULL,
  `Advocate_FirstName` varchar(20) NOT NULL,
  `Advocate_LastName` varchar(20) NOT NULL,
  `DOB` date DEFAULT NULL,
  `Gender` varchar(10) NOT NULL,
  `MaritalStatus` varchar(25) NOT NULL,
  `receivedDate` date DEFAULT NULL,
  `MoveInDate` date DEFAULT NULL,
  `Email` varchar(50) NOT NULL
) ENGINE=InnoDB DEFAULT CHARSET=utf8 COLLATE=utf8_general_ci;

--
-- Dumping data for table `family`
--

INSERT INTO `family` (`id`, `headofhousehold_firstname`, `headofhousehold_lastname`, `phone`, `address`, `address2`, `City`, `State`, `Zip`, `numofadults`, `numofkids`, `agency`, `Advocate_FirstName`, `Advocate_LastName`, `DOB`, `Gender`, `MaritalStatus`, `receivedDate`, `MoveInDate`, `Email`) VALUES
(86, 'Dangelo', 'Antoine', '7676167261', '5B Corriette Street', NULL, NULL, NULL, NULL, 1, 1, '', '', '', NULL, 'Male', '', NULL, NULL, ''),
(87, 'Rizza', 'munandar', '123456789', 'cedar rapids', NULL, NULL, NULL, NULL, 2, 2, '', '', '', NULL, '', '', NULL, NULL, ''),
(88, 'Ashfordxyz', 'Danielabc', '7676167261', '5B Corriette Street', NULL, NULL, NULL, NULL, 2, 2, 'KKC', 'Danny', 'Dustin', '1994-08-26', 'Female', 'Married', NULL, NULL, 'ashforddaniel@gmail.com'),
(89, 'DustinD', 'Antoine', '3193202875', '111 Barbara st sw, cedar rapids, 52404, Iowa', NULL, NULL, NULL, NULL, 1, 1, '', '', '', NULL, 'Male', '', NULL, NULL, 'dustinantoine89@gmail.com'),
(90, 'Nickson', 'Baron', '7676167261', '197 Mitchel street SW, Cedar Rapids 52505, Iowa', NULL, NULL, NULL, NULL, 1, 1, '', '', '', NULL, '', '', NULL, NULL, ''),
(91, 'Nickson', 'Baron', '7676167261', '197 Mitchel street SW, Cedar Rapids 52505, Iowa', NULL, NULL, NULL, NULL, 1, 1, '', '', '', NULL, '', '', NULL, NULL, ''),
(92, 'Nickson', 'Baron', '7676167261', '197 Mitchel street SW, Cedar Rapids 52505, Iowa', NULL, NULL, NULL, NULL, 1, 1, '', '', '', NULL, '', '', NULL, NULL, ''),
(93, 'Danny', 'Stoute', '17672955873', '6301 Lahaut Road Petite Savanne Iowa', NULL, NULL, NULL, NULL, 1, 1, '', '', '', NULL, '', '', NULL, NULL, ''),
(94, 'Danny', 'Stoute', '17672955873', '6301 Lahaut Road Petite Savanne Iowa', NULL, NULL, NULL, NULL, 1, 1, '', '', '', NULL, '', '', NULL, NULL, ''),
(95, 'Matthew', 'Antoine', '4074851600', '111 Barbara street SW', NULL, NULL, NULL, NULL, 2, 2, '', '', '', NULL, '', '', NULL, NULL, ''),
(96, 'lootie', 'Antoine', '(407) 485-1600', '111 Barbara street SW', NULL, NULL, NULL, NULL, 2, 2, '', '', '', '1994-09-01', 'Male', 'Single', NULL, NULL, 'lottieantoine97@gmail.com'),
(97, 'Heidi', 'Antoine', '3193202875', '111 Barbara street SW', NULL, NULL, NULL, NULL, 1, 1, 'RCROSS', '', '', NULL, 'Female', '', NULL, NULL, ''),
(98, 'Danny', 'Antoine', '319-320-2875', '111 Barbara street SW', NULL, NULL, NULL, NULL, 1, 1, 'RCROSS', 'Susan', 'Jhonston', '1994-10-09', '', '', NULL, NULL, ''),
(99, 'Rebecca', 'Antoine', '767-285-5374', 'bellevue Chopin', NULL, NULL, NULL, NULL, 2, 1, 'KCC', 'Dangelo', 'Antoine', NULL, '', '', NULL, NULL, ''),
(100, 'Rodrique', 'Alexander', '319-320-2875', '111 Barbara street SW', NULL, NULL, NULL, NULL, 0, 1, 'KCC', 'Dangelo', 'Antoine', NULL, '', '', NULL, NULL, ''),
(101, 'Dangelo', 'Sean', '407-485-1600', '111 Barbara street SW', NULL, NULL, NULL, NULL, 2, 2, 'RCROSS', 'Xenia', 'Sunny', NULL, '', '', NULL, NULL, ''),
(102, 'Delicia', 'Antoine', '319-320-2875', '111 Barbara street SW', NULL, NULL, NULL, NULL, 1, 1, 'WP', 'Dangelo', 'Antoine', '1994-10-26', 'Female', 'Single', NULL, NULL, 'dangeloantoine94@gmail.com'),
(103, 'Michael', 'Jackson', '767-616-3729', '111 Barbara street SW', NULL, NULL, NULL, NULL, 1, 1, 'RCROSS', 'Dangelo', 'Antoine', '1994-10-27', 'Male', 'Separated', NULL, NULL, 'MichaelJackson94@gmail.com'),
(104, 'Michael', 'Jackson', '767-616-3729', '111 Barbara street SW', NULL, NULL, NULL, NULL, 1, 1, 'RCROSS', 'Dangelo', 'Antoine', '1994-10-27', 'Male', 'Separated', NULL, NULL, 'MichaelJackson94@gmail.com'),
(105, 'Dangelo', 'Antoine', '3193202875', '111 Barbara street SW', NULL, NULL, NULL, NULL, 1, 1, 'WP', 'Dangelo', 'Antoine', '1980-01-10', 'Male', 'Married', NULL, NULL, 'dangeloantoine94@gmail.com'),
(106, 'Dangelo', 'Antoine', '3193202875', '111 Barbara street SW', NULL, NULL, NULL, NULL, 1, 1, 'RCROSS', 'Michael', 'Jackson', '1980-01-10', 'Male', 'Married', NULL, NULL, 'dangeloantoine94@gmail.com'),
(107, 'Remy', 'Laurent', '3193202875', '111 Barbara street SW', NULL, NULL, NULL, NULL, 2, 2, 'RCROSS', 'Dangelo', 'Antoine', '1980-01-10', 'Male', 'Married', '2023-12-01', NULL, 'dangeloantoine94@gmail.com'),
(108, 'Diego', 'Antoine', '3544222844', '5170 16th Ave', 'Apt 6', 'Cedar Rapids', 'Iowa', '52404', 1, 1, 'WP', 'Megan', 'Antoine', '1994-10-26', 'Male', 'Single', '2023-12-01', '2024-02-08', 'dangeloantoine94@gmail.com'),
(109, 'Vincent', 'Francis', '3193202875', '111 Barbara street SW', 'Apt 6', 'Cedar Rapids', 'Iowa', '52404', 2, 2, 'RCROSS', 'Dangelo', 'Antoine', '1994-10-27', 'Male', 'Single', '2023-11-08', '2024-01-02', 'dangeloantoine94@gmail.com'),
(110, 'Dangelo', 'Antoine', '3193202875', '111 Barbara street SW', '4R', 'Cedar Rapids', 'Iowa', '52404', 3, 3, 'WP', 'Dangelo', 'Antoine', '1994-10-27', 'Male', 'Married', '2023-11-08', '2024-01-02', 'dangeloantoine94@gmail.com'),
(111, 'Dangelo', 'Antoine', '3193202875', '111 Barbara street SW', '4R', 'Cedar Rapids', 'Iowa', '52404', 1, 1, 'WP', 'Dangelo', 'Antoine', '1994-10-27', 'Male', 'Married', '2023-11-08', '2024-01-02', 'dangeloantoine94@gmail.com'),
(112, 'Dangelo', 'Antoine', '3193202875', '111 Barbara street SW', 'FDVD', 'Cedar Rapids', 'Iowa', '52404', 1, 1, 'WP', 'Dangelo', 'Antoine', '1994-10-27', 'Male', 'Married', '2023-11-08', '2024-01-02', 'dangeloantoine94@gmail.com'),
(113, 'Dangelo', 'Antoine', '3193202875', '111 Barbara street SW', 'GGT', 'Cedar Rapids', 'Iowa', '52404', 1, 1, 'WP', 'Susan', 'Jhonston', '1994-10-26', 'Male', 'Married', '2023-11-08', '2024-01-02', 'dangeloantoine94@gmail.com'),
(114, 'Dangelo', 'Antoine', '7676167261', '111 Barbara street SW', 'g6yh', 'Cedar Rapids', 'Iowa', '52404', 1, 1, 'WP', 'Joceline Doyen', 'Antoine', '1994-10-26', 'Male', 'Married', '2023-11-08', '2024-01-02', 'bigsnake92@hotmail.com'),
(115, 'Dangelo', 'Antoine', '7676167261', '111 Barbara street SW', 'g6yh', 'Cedar Rapids', 'Iowa', '52404', 1, 1, 'WP', 'Joceline Doyen', 'Antoine', '1994-10-26', 'Male', 'Married', '2023-11-08', '2024-01-02', 'bigsnake92@hotmail.com'),
(116, 'Dangelo', 'Antoine', '3193202875', '111 Barbara street SW', 'ghh6', 'Cedar Rapids', 'Iowa', '52404', 1, 1, 'RCROSS', 'Alice', 'Antoine', '1994-10-26', 'Male', 'Married', '2023-11-08', '2024-01-02', 'dangeloantoine94@gmail.com'),
(117, 'Dangelo', 'Antoine', '3193202875', '111 Barbara street SW', 'frfg', 'Cedar Rapids', 'Iowa', '52404', 1, 1, 'RCROSS', 'Dangelo', 'Antoine', '1980-01-10', 'Male', 'Divorced', '2023-11-08', '2024-01-02', 'dangeloantoine94@gmail.com'),
(118, 'Dangelo', 'Antoine', '3193202875', '111 Barbara street SW', 'frfg', 'Cedar Rapids', 'Iowa', '52404', 1, 1, 'RCROSS', 'Dangelo', 'Antoine', '1980-01-10', 'Male', 'Divorced', '2023-11-08', '2024-01-02', 'dangeloantoine94@gmail.com'),
(119, 'Dangelo', 'Antoine', '3193202875', '111 Barbara street SW', 'frfg', 'Cedar Rapids', 'Iowa', '52404', 1, 1, 'RCROSS', 'Dangelo', 'Antoine', '1980-01-10', 'Male', 'Divorced', '2023-11-08', '2024-01-02', 'dangeloantoine94@gmail.com'),
(120, 'Marsha', 'Horseford', '3193202875', '111 Barbara street SW', 'gran4', 'Cedar Rapids', 'Iowa', '52404', 1, 1, 'RCROSS', 'Dangelo', 'Antoine', '1980-01-10', 'Female', 'Divorced', '2023-11-08', '2024-01-02', 'dangeloantoine94@gmail.com'),
(121, 'Marsha', 'Horseford', '3193202875', '111 Barbara street SW', 'gran4', 'Cedar Rapids', 'Iowa', '52404', 1, 1, 'RCROSS', 'Dangelo', 'Antoine', '1980-01-10', 'Female', 'Divorced', '2023-11-08', '2024-01-02', 'dangeloantoine94@gmail.com'),
(122, 'Marsha', 'Horseford', '3193202875', '111 Barbara street SW', 'gran4', 'Cedar Rapids', 'Iowa', '52404', 1, 1, 'RCROSS', 'Dangelo', 'Antoine', '1980-01-10', 'Female', 'Divorced', '2023-11-08', '2024-01-02', 'dangeloantoine94@gmail.com'),
(123, 'Marsha', 'Horseford', '3193202875', '111 Barbara street SW', 'gran4', 'Cedar Rapids', 'Iowa', '52404', 1, 1, 'RCROSS', 'Dangelo', 'Antoine', '1980-01-10', 'Female', 'Divorced', '2023-11-08', '2024-01-02', 'dangeloantoine94@gmail.com'),
(124, 'Marsha', 'Horseford', '3193202875', '111 Barbara street SW', 'gran4', 'Cedar Rapids', 'Iowa', '52404', 1, 1, 'RCROSS', 'Dangelo', 'Antoine', '1980-01-10', 'Female', 'Divorced', '2023-11-08', '2024-01-02', 'dangeloantoine94@gmail.com'),
(125, 'Marsha', 'Horsford', '3193202875', '111 Barbara street SW', 'ffd4', 'Cedar Rapids', 'Iowa', '52404', 1, 1, 'WP', 'Dangelo', 'Antoine', '1980-01-10', 'Female', 'Married', '2023-11-08', '2024-01-02', 'dangeloantoine94@gmail.com'),
(126, 'Dangelo', 'Antoine', '3193202875', '111 Barbara street SW', 'r5', 'Cedar Rapids', 'Iowa', '52404', 4, 4, 'WP', 'Dangelo', 'Antoine', '1980-01-10', 'Male', 'Divorced', '2023-11-08', '2024-01-02', 'dangeloantoine94@gmail.com'),
(127, 'Dangelo', 'Antoine', '3193202875', '111 Barbara street SW', 'r5', 'Cedar Rapids', 'Iowa', '52404', 1, 1, 'WP', 'Dangelo', 'Antoine', '1980-01-10', 'Male', 'Divorced', '2023-11-08', '2024-01-02', 'dangeloantoine94@gmail.com'),
(128, 'Dangelo', 'Antoine', '3193202875', '111 Barbara street SW', 'r5', 'Cedar Rapids', 'Iowa', '52404', 1, 1, 'WP', 'Dangelo', 'Antoine', '1980-01-10', 'Male', 'Divorced', '2023-11-08', '2024-01-02', 'dangeloantoine94@gmail.com'),
(129, 'Angelo', 'Antoine', '3193202875', '111 Barbara street SW', '4', 'Cedar Rapids', 'Iowa', '52404', 1, 1, 'WP', 'Dangelo', 'Antoine', '1980-01-10', 'Male', 'Married', '2023-11-08', '2024-01-02', 'dangeloantoine94@gmail.com'),
(130, 'Angelo', 'Antoine', '3193202875', '111 Barbara street SW', '4', 'Cedar Rapids', 'Iowa', '52404', 1, 1, 'WP', 'Dangelo', 'Antoine', '1980-01-10', 'Male', 'Married', '2023-11-08', '2024-01-02', 'dangeloantoine94@gmail.com'),
(131, 'Angelo', 'Antoine', '3193202875', '111 Barbara street SW', '4', 'Cedar Rapids', 'Iowa', '52404', 1, 1, 'WP', 'Dangelo', 'Antoine', '1980-01-10', 'Male', 'Married', '2023-11-08', '2024-01-02', 'dangeloantoine94@gmail.com'),
(132, 'Angelo', 'Antoine', '3193202875', '111 Barbara street SW', '4', 'Cedar Rapids', 'Iowa', '52404', 1, 1, 'WP', 'Dangelo', 'Antoine', '1980-01-10', 'Male', 'Married', '2023-11-08', '2024-01-02', 'dangeloantoine94@gmail.com'),
(133, 'Angelo', 'Antoine', '3193202875', '111 Barbara street SW', '4', 'Cedar Rapids', 'Iowa', '52404', 1, 1, 'WP', 'Dangelo', 'Antoine', '1980-01-10', 'Male', 'Married', '2023-11-08', '2024-01-02', 'dangeloantoine94@gmail.com'),
(134, 'Angelo', 'Antoine', '3193202875', '111 Barbara street SW', '4', 'Cedar Rapids', 'Iowa', '52404', 1, 1, 'WP', 'Dangelo', 'Antoine', '1980-01-10', 'Male', 'Married', '2023-11-08', '2024-01-02', 'dangeloantoine94@gmail.com'),
(135, 'Angelo', 'Antoine', '3193202875', '111 Barbara street SW', '4', 'Cedar Rapids', 'Iowa', '52404', 1, 1, 'WP', 'Dangelo', 'Antoine', '1980-01-10', 'Male', 'Married', '2023-11-08', '2024-01-02', 'dangeloantoine94@gmail.com'),
(136, 'Angelo', 'Antoine', '3193202875', '111 Barbara street SW', '4', 'Cedar Rapids', 'Iowa', '52404', 1, 1, 'WP', 'Dangelo', 'Antoine', '1980-01-10', 'Male', 'Married', '2023-11-08', '2024-01-02', 'dangeloantoine94@gmail.com'),
(137, 'Angelo', 'Antoine', '3193202875', '111 Barbara street SW', '4', 'Cedar Rapids', 'Iowa', '52404', 1, 1, 'WP', 'Dangelo', 'Antoine', '1980-01-10', 'Male', 'Married', '2023-11-08', '2024-01-02', 'dangeloantoine94@gmail.com'),
(138, 'Angelo', 'Antoine', '3193202875', '111 Barbara street SW', '4', 'Cedar Rapids', 'Iowa', '52404', 1, 1, 'WP', 'Dangelo', 'Antoine', '1980-01-10', 'Male', 'Married', '2023-11-08', '2024-01-02', 'dangeloantoine94@gmail.com'),
(139, 'Angelo', 'Antoine', '3193202875', '111 Barbara street SW', '4', 'Cedar Rapids', 'Iowa', '52404', 1, 1, 'WP', 'Dangelo', 'Antoine', '1980-01-10', 'Male', 'Married', '2023-11-08', '2024-01-02', 'dangeloantoine94@gmail.com'),
(140, 'Angelo', 'Antoine', '3193202875', '111 Barbara street SW', '4', 'Cedar Rapids', 'Iowa', '52404', 1, 1, 'WP', 'Dangelo', 'Antoine', '1980-01-10', 'Male', 'Married', '2023-11-08', '2024-01-02', 'dangeloantoine94@gmail.com'),
(141, 'Angelo', 'Antoine', '3193202875', '111 Barbara street SW', '4', 'Cedar Rapids', 'Iowa', '52404', 1, 1, 'WP', 'Dangelo', 'Antoine', '1980-01-10', 'Male', 'Married', '2023-11-08', '2024-01-02', 'dangeloantoine94@gmail.com'),
(142, 'Angelo', 'Antoine', '3193202875', '111 Barbara street SW', '4', 'Cedar Rapids', 'Iowa', '52404', 1, 1, 'WP', 'Dangelo', 'Antoine', '1980-01-10', 'Male', 'Married', '2023-11-08', '2024-01-02', 'dangeloantoine94@gmail.com'),
(143, 'Angelo', 'Antoine', '3193202875', '111 Barbara street SW', '4', 'Cedar Rapids', 'Iowa', '52404', 1, 1, 'WP', 'Dangelo', 'Antoine', '1980-01-10', 'Male', 'Married', '2023-11-08', '2024-01-02', 'dangeloantoine94@gmail.com'),
(144, 'Angelo', 'Antoine', '3193202875', '111 Barbara street SW', '4', 'Cedar Rapids', 'Iowa', '52404', 1, 1, 'WP', 'Dangelo', 'Antoine', '1980-01-10', 'Male', 'Married', '2023-11-08', '2024-01-02', 'dangeloantoine94@gmail.com'),
(145, 'Dangelo', 'Antoine', '3193202875', '111 Barbara street SW', '46', 'Cedar Rapids', 'Iowa', '52404', 1, 1, 'WP', 'Dangelo', 'Antoine', '1980-01-10', 'Male', 'Married', '2023-11-08', '2024-01-02', 'dangeloantoine94@gmail.com'),
(146, 'Dangelo', 'Antoine', '3193202875', '111 Barbara street SW', '46', 'Cedar Rapids', 'Iowa', '52404', 1, 1, 'WP', 'Dangelo', 'Antoine', '1980-01-10', 'Male', 'Married', '2023-11-08', '2024-01-02', 'dangeloantoine94@gmail.com'),
(147, 'Dangelo', 'Antoine', '3193202875', '111 Barbara street SW', '46', 'Cedar Rapids', 'Iowa', '52404', 1, 1, 'WP', 'Dangelo', 'Antoine', '1980-01-10', 'Male', 'Married', '2023-11-08', '2024-01-02', 'dangeloantoine94@gmail.com'),
(148, 'Dangelo', 'Antoine', '3193202875', '111 Barbara street SW', '46', 'Cedar Rapids', 'Iowa', '52404', 1, 1, 'WP', 'Dangelo', 'Antoine', '1980-01-10', 'Male', 'Married', '2023-11-08', '2024-01-02', 'dangeloantoine94@gmail.com'),
(149, 'Dangelo', 'Antoine', '3193202875', '111 Barbara street SW', '46', 'Cedar Rapids', 'Iowa', '52404', 1, 1, 'WP', 'Dangelo', 'Antoine', '1980-01-10', 'Male', 'Married', '2023-11-08', '2024-01-02', 'dangeloantoine94@gmail.com'),
(150, 'Dangelo', 'Antoine', '3193202875', '111 Barbara street SW', '46', 'Cedar Rapids', 'Iowa', '52404', 1, 1, 'WP', 'Dangelo', 'Antoine', '1980-01-10', 'Male', 'Married', '2023-11-08', '2024-01-02', 'dangeloantoine94@gmail.com'),
(151, 'Dangelo', 'Antoine', '3193202875', '111 Barbara street SW', '46', 'Cedar Rapids', 'Iowa', '52404', 1, 1, 'WP', 'Dangelo', 'Antoine', '1980-01-10', 'Male', 'Married', '2023-11-08', '2024-01-02', 'dangeloantoine94@gmail.com'),
(152, 'Dangelo', 'Antoine', '3193202875', '111 Barbara street SW', '46', 'Cedar Rapids', 'Iowa', '52404', 1, 1, 'WP', 'Dangelo', 'Antoine', '1980-01-10', 'Male', 'Married', '2023-11-08', '2024-01-02', 'dangeloantoine94@gmail.com'),
(153, 'Dangelo', 'Antoine', '3193202875', '111 Barbara street SW', '46', 'Cedar Rapids', 'Iowa', '52404', 1, 1, 'WP', 'Dangelo', 'Antoine', '1980-01-10', 'Male', 'Married', '2023-11-08', '2024-01-02', 'dangeloantoine94@gmail.com'),
(154, 'Dangelo', 'Antoine', '3193202875', '111 Barbara street SW', '46', 'Cedar Rapids', 'Iowa', '52404', 1, 1, 'WP', 'Dangelo', 'Antoine', '1980-01-10', 'Male', 'Married', '2023-11-08', '2024-01-02', 'dangeloantoine94@gmail.com'),
(155, 'Dangelo', 'Antoine', '3193202875', '111 Barbara street SW', '46', 'Cedar Rapids', 'Iowa', '52404', 1, 1, 'WP', 'Dangelo', 'Antoine', '1980-01-10', 'Male', 'Married', '2023-11-08', '2024-01-02', 'dangeloantoine94@gmail.com'),
(156, 'Dangelo', 'Antoine', '3193202875', '111 Barbara street SW', '46', 'Cedar Rapids', 'Iowa', '52404', 1, 1, 'WP', 'Dangelo', 'Antoine', '1980-01-10', 'Male', 'Married', '2023-11-08', '2024-01-02', 'dangeloantoine94@gmail.com'),
(157, 'Dangelo', 'Antoine', '3193202875', '111 Barbara street SW', '46', 'Cedar Rapids', 'Iowa', '52404', 1, 1, 'WP', 'Dangelo', 'Antoine', '1980-01-10', 'Male', 'Married', '2023-11-08', '2024-01-02', 'dangeloantoine94@gmail.com'),
(158, 'Dangelo', 'Antoine', '3193202875', '111 Barbara street SW', '46', 'Cedar Rapids', 'Iowa', '52404', 1, 1, 'WP', 'Dangelo', 'Antoine', '1980-01-10', 'Male', 'Married', '2023-11-08', '2024-01-02', 'dangeloantoine94@gmail.com'),
(159, 'Dangelo', 'Antoine', '3193202875', '111 Barbara street SW', '46', 'Cedar Rapids', 'Iowa', '52404', 1, 1, 'WP', 'Dangelo', 'Antoine', '1980-01-10', 'Male', 'Married', '2023-11-08', '2024-01-02', 'dangeloantoine94@gmail.com'),
(160, 'Dangelo', 'Antoine', '3193202875', '111 Barbara street SW', '46', 'Cedar Rapids', 'Iowa', '52404', 1, 1, 'WP', 'Dangelo', 'Antoine', '1980-01-10', 'Male', 'Married', '2023-11-08', '2024-01-02', 'dangeloantoine94@gmail.com'),
(161, 'Dangelo', 'Antoine', '3193202875', '111 Barbara street SW', '67y', 'Cedar Rapids', 'Iowa', '52404', 1, 1, 'Choose...', 'Dangelo', 'Antoine', '1980-01-10', 'Male', 'Married', '2023-11-08', '2024-01-02', 'dangeloantoine94@gmail.com'),
(162, 'Dangelo', 'Antoine', '3193202875', '111 Barbara street SW', '67y', 'Cedar Rapids', 'Iowa', '52404', 1, 1, 'Choose...', 'Dangelo', 'Antoine', '1980-01-10', 'Male', 'Married', '2023-11-08', '2024-01-02', 'dangeloantoine94@gmail.com'),
(163, 'Dangelo', 'Antoine', '3193202875', '111 Barbara street SW', '67y', 'Cedar Rapids', 'Iowa', '52404', 1, 1, 'Choose...', 'Dangelo', 'Antoine', '1980-01-10', 'Male', 'Married', '2023-11-08', '2024-01-02', 'dangeloantoine94@gmail.com'),
(164, 'Dangelo', 'Antoine', '3193202875', '111 Barbara street SW', '67y', 'Cedar Rapids', 'Iowa', '52404', 1, 1, 'Choose...', 'Dangelo', 'Antoine', '1980-01-10', 'Male', 'Married', '2023-11-08', '2024-01-02', 'dangeloantoine94@gmail.com'),
(165, 'Dangelo', 'Antoine', '3193202875', '111 Barbara street SW', '67y', 'Cedar Rapids', 'Iowa', '52404', 1, 1, 'Choose...', 'Dangelo', 'Antoine', '1980-01-10', 'Male', 'Married', '2023-11-08', '2024-01-02', 'dangeloantoine94@gmail.com'),
(166, 'Dangelo', 'Antoine', '3193202875', '111 Barbara street SW', '67y', 'Cedar Rapids', 'Iowa', '52404', 1, 1, 'Choose...', 'Dangelo', 'Antoine', '1980-01-10', 'Male', 'Married', '2023-11-08', '2024-01-02', 'dangeloantoine94@gmail.com'),
(167, 'Dangelo', 'Antoine', '3193202875', '111 Barbara street SW', '67y', 'Cedar Rapids', 'Iowa', '52404', 1, 1, 'Choose...', 'Dangelo', 'Antoine', '1980-01-10', 'Male', 'Married', '2023-11-08', '2024-01-02', 'dangeloantoine94@gmail.com'),
(168, 'Dangelo', 'Antoine', '3193202875', '111 Barbara street SW', '67y', 'Cedar Rapids', 'Iowa', '52404', 1, 1, 'Choose...', 'Dangelo', 'Antoine', '1980-01-10', 'Male', 'Married', '2023-11-08', '2024-01-02', 'dangeloantoine94@gmail.com'),
(169, 'Dangelo', 'Antoine', '3193202875', '111 Barbara street SW', '67y', 'Cedar Rapids', 'Iowa', '52404', 1, 1, 'Choose...', 'Dangelo', 'Antoine', '1980-01-10', 'Male', 'Married', '2023-11-08', '2024-01-02', 'dangeloantoine94@gmail.com'),
(170, 'Dangelo', 'Antoine', '3193202875', '111 Barbara street SW', '67y', 'Cedar Rapids', 'Iowa', '52404', 1, 1, 'Choose...', 'Dangelo', 'Antoine', '1980-01-10', 'Male', 'Married', '2023-11-08', '2024-01-02', 'dangeloantoine94@gmail.com'),
(171, 'Dangelo', 'Antoine', '3193202875', '111 Barbara street SW', '67y', 'Cedar Rapids', 'Iowa', '52404', 1, 1, 'Choose...', 'Dangelo', 'Antoine', '1980-01-10', 'Male', 'Married', '2023-11-08', '2024-01-02', 'dangeloantoine94@gmail.com'),
(172, 'Dangelo', 'Antoine', '3193202875', '111 Barbara street SW', '67y', 'Cedar Rapids', 'Iowa', '52404', 1, 1, 'Choose...', 'Dangelo', 'Antoine', '1980-01-10', 'Male', 'Married', '2023-11-08', '2024-01-02', 'dangeloantoine94@gmail.com'),
(173, 'Dangelo', 'Antoine', '3193202875', '111 Barbara street SW', '67y', 'Cedar Rapids', 'Iowa', '52404', 1, 1, 'Choose...', 'Dangelo', 'Antoine', '1980-01-10', 'Male', 'Married', '2023-11-08', '2024-01-02', 'dangeloantoine94@gmail.com'),
(174, 'Dangelo', 'Antoine', '3193202875', '111 Barbara street SW', '67y', 'Cedar Rapids', 'Iowa', '52404', 1, 1, 'Choose...', 'Dangelo', 'Antoine', '1980-01-10', 'Male', 'Married', '2023-11-08', '2024-01-02', 'dangeloantoine94@gmail.com'),
(175, 'Dangelo', 'Antoine', '3193202875', '111 Barbara street SW', '67y', 'Cedar Rapids', 'Iowa', '52404', 1, 1, 'Choose...', 'Dangelo', 'Antoine', '1980-01-10', 'Male', 'Married', '2023-11-08', '2024-01-02', 'dangeloantoine94@gmail.com'),
(176, 'Dangelo', 'Antoine', '3193202875', '111 Barbara street SW', '67y', 'Cedar Rapids', 'Iowa', '52404', 1, 1, 'Choose...', 'Dangelo', 'Antoine', '1980-01-10', 'Male', 'Married', '2023-11-08', '2024-01-02', 'dangeloantoine94@gmail.com'),
(177, 'Dangelo', 'Antoine', '3193202875', '111 Barbara street SW', '67y', 'Cedar Rapids', 'Iowa', '52404', 1, 1, 'Choose...', 'Dangelo', 'Antoine', '1980-01-10', 'Male', 'Married', '2023-11-08', '2024-01-02', 'dangeloantoine94@gmail.com'),
(178, 'Dangelo', 'Antoine', '3193202875', '111 Barbara street SW', '67y', 'Cedar Rapids', 'Iowa', '52404', 1, 1, 'Choose...', 'Dangelo', 'Antoine', '1980-01-10', 'Male', 'Married', '2023-11-08', '2024-01-02', 'dangeloantoine94@gmail.com'),
(179, 'Dangelo', 'Antoine', '3193202875', '111 Barbara street SW', '67y', 'Cedar Rapids', 'Iowa', '52404', 1, 1, 'Choose...', 'Dangelo', 'Antoine', '1980-01-10', 'Male', 'Married', '2023-11-08', '2024-01-02', 'dangeloantoine94@gmail.com'),
(180, 'Dangelo', 'Antoine', '3193202875', '111 Barbara street SW', '67y', 'Cedar Rapids', 'Iowa', '52404', 1, 1, 'Choose...', 'Dangelo', 'Antoine', '1980-01-10', 'Male', 'Married', '2023-11-08', '2024-01-02', 'dangeloantoine94@gmail.com'),
(181, 'Dangelo', 'Antoine', '3193202875', '111 Barbara street SW', '67y', 'Cedar Rapids', 'Iowa', '52404', 1, 1, 'Choose...', 'Dangelo', 'Antoine', '1980-01-10', 'Male', 'Married', '2023-11-08', '2024-01-02', 'dangeloantoine94@gmail.com'),
(182, 'Dangelo', 'Antoine', '3193202875', '111 Barbara street SW', '67y', 'Cedar Rapids', 'Iowa', '52404', 1, 1, 'Choose...', 'Dangelo', 'Antoine', '1980-01-10', 'Male', 'Married', '2023-11-08', '2024-01-02', 'dangeloantoine94@gmail.com'),
(183, 'Dangelo', 'Antoine', '3193202875', '111 Barbara street SW', '67y', 'Cedar Rapids', 'Iowa', '52404', 1, 1, 'Choose...', 'Dangelo', 'Antoine', '1980-01-10', 'Male', 'Married', '2023-11-08', '2024-01-02', 'dangeloantoine94@gmail.com'),
(184, 'Dangelo', 'Antoine', '3193202875', '111 Barbara street SW', '67y', 'Cedar Rapids', 'Iowa', '52404', 1, 1, 'Choose...', 'Dangelo', 'Antoine', '1980-01-10', 'Male', 'Married', '2023-11-08', '2024-01-02', 'dangeloantoine94@gmail.com'),
(185, 'Dangelo', 'Antoine', '3193202875', '111 Barbara street SW', '67y', 'Cedar Rapids', 'Iowa', '52404', 1, 1, 'Choose...', 'Dangelo', 'Antoine', '1980-01-10', 'Male', 'Married', '2023-11-08', '2024-01-02', 'dangeloantoine94@gmail.com'),
(186, 'Vincent', 'Francis', '3193202875', '111 Barbara street SW', 'rdf5', 'Cedar Rapids', 'Iowa', '52404', 1, 1, 'WP', 'Dangelo', 'Antoine', '1994-10-27', 'Male', 'Single', '2023-11-08', '2024-01-02', 'dangeloantoine94@gmail.com'),
(187, 'Vincent', 'Francis', '3193202875', '111 Barbara street SW', 're4', 'Cedar Rapids', 'Iowa', '52404', 1, 1, 'WP', 'Dangelo', 'Antoine', '1980-01-10', 'Male', 'Married', '2023-11-08', '2024-01-02', 'dangeloantoine94@gmail.com'),
(188, 'Vincent', 'Francis', '3193202875', '111 Barbara street SW', 're4', 'Cedar Rapids', 'Iowa', '52404', 1, 1, 'WP', 'Dangelo', 'Antoine', '1980-01-10', 'Male', 'Married', '2023-11-08', '2024-01-02', 'dangeloantoine94@gmail.com'),
(189, 'Vincent', 'Francis', '3193202875', '111 Barbara street SW', 're4', 'Cedar Rapids', 'Iowa', '52404', 1, 1, 'WP', 'Dangelo', 'Antoine', '1980-01-10', 'Male', 'Married', '2023-11-08', '2024-01-02', 'dangeloantoine94@gmail.com'),
(190, 'Vincent', 'Francis', '3193202875', '111 Barbara street SW', 're4', 'Cedar Rapids', 'Iowa', '52404', 1, 1, 'WP', 'Dangelo', 'Antoine', '1980-01-10', 'Male', 'Married', '2023-11-08', '2024-01-02', 'dangeloantoine94@gmail.com'),
(191, 'Vincent', 'Francis', '3193202875', '111 Barbara street SW', 're4', 'Cedar Rapids', 'Iowa', '52404', 1, 1, 'WP', 'Dangelo', 'Antoine', '1980-01-10', 'Male', 'Married', '2023-11-08', '2024-01-02', 'dangeloantoine94@gmail.com'),
(192, 'Vincent', 'Francis', '3193202875', '111 Barbara street SW', 're4', 'Cedar Rapids', 'Iowa', '52404', 1, 1, 'WP', 'Dangelo', 'Antoine', '1980-01-10', 'Male', 'Married', '2023-11-08', '2024-01-02', 'dangeloantoine94@gmail.com'),
(193, 'Vincent', 'Francis', '3193202875', '111 Barbara street SW', 're4', 'Cedar Rapids', 'Iowa', '52404', 1, 1, 'WP', 'Dangelo', 'Antoine', '1980-01-10', 'Male', 'Married', '2023-11-08', '2024-01-02', 'dangeloantoine94@gmail.com'),
(194, 'Vincent', 'Francis', '3193202875', '111 Barbara street SW', 're4', 'Cedar Rapids', 'Iowa', '52404', 1, 1, 'WP', 'Dangelo', 'Antoine', '1980-01-10', 'Male', 'Married', '2023-11-08', '2024-01-02', 'dangeloantoine94@gmail.com'),
(195, 'Vincent', 'Francis', '3193202875', '111 Barbara street SW', 're4', 'Cedar Rapids', 'Iowa', '52404', 1, 1, 'WP', 'Dangelo', 'Antoine', '1980-01-10', 'Male', 'Married', '2023-11-08', '2024-01-02', 'dangeloantoine94@gmail.com'),
(196, 'Vincent', 'Francis', '3193202875', '111 Barbara street SW', 're4', 'Cedar Rapids', 'Iowa', '52404', 1, 1, 'WP', 'Dangelo', 'Antoine', '1980-01-10', 'Male', 'Married', '2023-11-08', '2024-01-02', 'dangeloantoine94@gmail.com'),
(197, 'Vincent', 'Francis', '3193202875', '111 Barbara street SW', 're4', 'Cedar Rapids', 'Iowa', '52404', 1, 1, 'WP', 'Dangelo', 'Antoine', '1980-01-10', 'Male', 'Married', '2023-11-08', '2024-01-02', 'dangeloantoine94@gmail.com'),
(198, 'Vincent', 'Francis', '3193202875', '111 Barbara street SW', 're4', 'Cedar Rapids', 'Iowa', '52404', 1, 1, 'WP', 'Dangelo', 'Antoine', '1980-01-10', 'Male', 'Married', '2023-11-08', '2024-01-02', 'dangeloantoine94@gmail.com'),
(199, 'Vincent', 'Francis', '3193202875', '111 Barbara street SW', 're4', 'Cedar Rapids', 'Iowa', '52404', 1, 1, 'WP', 'Dangelo', 'Antoine', '1980-01-10', 'Male', 'Married', '2023-11-08', '2024-01-02', 'dangeloantoine94@gmail.com'),
(200, 'Vincent', 'Francis', '3193202875', '111 Barbara street SW', 're4', 'Cedar Rapids', 'Iowa', '52404', 1, 1, 'WP', 'Dangelo', 'Antoine', '1980-01-10', 'Male', 'Married', '2023-11-08', '2024-01-02', 'dangeloantoine94@gmail.com'),
(201, 'Vincent', 'Francis', '3193202875', '111 Barbara street SW', 're4', 'Cedar Rapids', 'Iowa', '52404', 1, 1, 'WP', 'Dangelo', 'Antoine', '1980-01-10', 'Male', 'Married', '2023-11-08', '2024-01-02', 'dangeloantoine94@gmail.com'),
(202, 'Vincent', 'Francis', '3193202875', '111 Barbara street SW', 're4', 'Cedar Rapids', 'Iowa', '52404', 1, 1, 'WP', 'Dangelo', 'Antoine', '1980-01-10', 'Male', 'Married', '2023-11-08', '2024-01-02', 'dangeloantoine94@gmail.com'),
(203, 'Vincent', 'Francis', '3193202875', '111 Barbara street SW', 're4', 'Cedar Rapids', 'Iowa', '52404', 1, 1, 'WP', 'Dangelo', 'Antoine', '1980-01-10', 'Male', 'Married', '2023-11-08', '2024-01-02', 'dangeloantoine94@gmail.com'),
(204, 'Vincent', 'Francis', '3193202875', '111 Barbara street SW', 're4', 'Cedar Rapids', 'Iowa', '52404', 0, 0, 'WP', 'Dangelo', 'Antoine', '1980-01-10', 'Male', 'Married', '2023-11-08', '2024-01-02', 'dangeloantoine94@gmail.com'),
(205, 'Dangelo', 'Antoine', '3193202875', '111 Barbara street SW', 'er5', 'Cedar Rapids', 'Iowa', '52404', 1, 1, 'WP', 'Dangelo', 'Antoine', '1980-01-10', 'Male', 'Married', '2023-11-08', '2024-01-02', 'dangeloantoine94@gmail.com'),
(206, 'Dangelo', 'Antoine', '3193202875', '111 Barbara street SW', 'er5', 'Cedar Rapids', 'Iowa', '52404', 1, 1, 'WP', 'Dangelo', 'Antoine', '1980-01-10', 'Male', 'Married', '2023-11-08', '2024-01-02', 'dangeloantoine94@gmail.com'),
(207, 'Dangelo', 'Antoine', '3193202875', '111 Barbara street SW', 'er5', 'Cedar Rapids', 'Iowa', '52404', 1, 1, 'WP', 'Dangelo', 'Antoine', '1980-01-10', 'Male', 'Married', '2023-11-08', '2024-01-02', 'dangeloantoine94@gmail.com'),
(208, 'Dangelo', 'Antoine', '3193202875', '111 Barbara street SW', 'er5', 'Cedar Rapids', 'Iowa', '52404', 1, 1, 'WP', 'Dangelo', 'Antoine', '1980-01-10', 'Male', 'Married', '2023-11-08', '2024-01-02', 'dangeloantoine94@gmail.com'),
(209, 'Dangelo', 'Antoine', '3193202875', '111 Barbara street SW', 'er5', 'Cedar Rapids', 'Iowa', '52404', 1, 1, 'WP', 'Dangelo', 'Antoine', '1980-01-10', 'Male', 'Married', '2023-11-08', '2024-01-02', 'dangeloantoine94@gmail.com'),
(210, 'Martinique', 'Antoine', '3193202875', '111 Barbara street SW', 'er5', 'Cedar Rapids', 'Iowa', '52404', 1, 1, 'WP', 'Dangelo', 'Antoine', '1980-01-10', 'Male', 'Married', '2023-11-08', '2024-01-02', 'dangeloantoine94@gmail.com'),
(211, 'Martinique', 'Antoine', '3193202875', '111 Barbara street SW', 'er5', 'Cedar Rapids', 'Iowa', '52404', 1, 1, 'WP', 'Dangelo', 'Antoine', '1980-01-10', 'Male', 'Married', '2023-11-08', '2024-01-02', 'dangeloantoine94@gmail.com'),
(212, 'Martinique', 'Antoine', '3193202875', '111 Barbara street SW', '767uy', 'Cedar Rapids', 'Iowa', '52404', 1, 1, 'WP', 'Dangelo', 'Antoine', '1994-10-27', 'Male', 'Single', '2023-11-08', '2024-01-02', 'dangeloantoine94@gmail.com'),
(213, 'Martinique', 'Antoine', '3193202875', '111 Barbara street SW', '767uy', 'Cedar Rapids', 'Iowa', '52404', 1, 1, 'WP', 'Dangelo', 'Antoine', '1994-10-27', 'Male', 'Single', '2023-11-08', '2024-01-02', 'dangeloantoine94@gmail.com'),
(214, 'Martinique', 'Antoine', '3193202875', '111 Barbara street SW', '767uy', 'Cedar Rapids', 'Iowa', '52404', 1, 1, 'WP', 'Dangelo', 'Antoine', '1994-10-27', 'Male', 'Single', '2023-11-08', '2024-01-02', 'dangeloantoine94@gmail.com'),
(215, 'Martinique', 'Antoine', '3193202875', '111 Barbara street SW', '767uy', 'Cedar Rapids', 'Iowa', '52404', 1, 1, 'WP', 'Dangelo', 'Antoine', '1994-10-27', 'Male', 'Single', '2023-11-08', '2024-01-02', 'dangeloantoine94@gmail.com'),
(216, 'Martinique', 'Antoine', '3193202875', '111 Barbara street SW', '767uy', 'Cedar Rapids', 'Iowa', '52404', 1, 1, 'WP', 'Dangelo', 'Antoine', '1994-10-27', 'Male', 'Single', '2023-11-08', '2024-01-02', 'dangeloantoine94@gmail.com'),
(217, 'Martinique', 'Antoine', '3193202875', '111 Barbara street SW', '767uy', 'Cedar Rapids', 'Iowa', '52404', 1, 1, 'WP', 'Dangelo', 'Antoine', '1994-10-27', 'Male', 'Single', '2023-11-08', '2024-01-02', 'dangeloantoine94@gmail.com'),
(218, 'Martinique', 'Antoine', '3193202875', '111 Barbara street SW', '767uy', 'Cedar Rapids', 'Iowa', '52404', 1, 1, 'WP', 'Dangelo', 'Antoine', '1994-10-27', 'Male', 'Single', '2023-11-08', '2024-01-02', 'dangeloantoine94@gmail.com'),
(219, 'Martinique', 'Antoine', '3193202875', '111 Barbara street SW', '767uy', 'Cedar Rapids', 'Iowa', '52404', 1, 1, 'WP', 'Dangelo', 'Antoine', '1994-10-27', 'Male', 'Single', '2023-11-08', '2024-01-02', 'dangeloantoine94@gmail.com'),
(220, 'Martinique', 'Antoine', '3193202875', '111 Barbara street SW', '767uy', 'Cedar Rapids', 'Iowa', '52404', 1, 1, 'WP', 'Dangelo', 'Antoine', '1994-10-27', 'Male', 'Single', '2023-11-08', '2024-01-02', 'dangeloantoine94@gmail.com'),
(221, 'Martinique', 'Antoine', '3193202875', '111 Barbara street SW', '767uy', 'Cedar Rapids', 'Iowa', '52404', 1, 1, 'WP', 'Dangelo', 'Antoine', '1994-10-27', 'Male', 'Single', '2023-11-08', '2024-01-02', 'dangeloantoine94@gmail.com'),
(222, 'Martinique', 'Antoine', '3193202875', '111 Barbara street SW', '767uy', 'Cedar Rapids', 'Iowa', '52404', 1, 1, 'WP', 'Dangelo', 'Antoine', '1994-10-27', 'Male', 'Single', '2023-11-08', '2024-01-02', 'dangeloantoine94@gmail.com'),
(223, 'Martinique', 'Antoine', '3193202875', '111 Barbara street SW', '767uy', 'Cedar Rapids', 'Iowa', '52404', 1, 1, 'WP', 'Dangelo', 'Antoine', '1994-10-27', 'Male', 'Single', '2023-11-08', '2024-01-02', 'dangeloantoine94@gmail.com'),
(224, 'Martinique', 'Antoine', '3193202875', '111 Barbara street SW', '767uy', 'Cedar Rapids', 'Iowa', '52404', 0, 0, 'WP', 'Dangelo', 'Antoine', '1994-10-27', 'Male', 'Single', '2023-11-08', '2024-01-02', 'dangeloantoine94@gmail.com'),
(225, 'Martinique', 'Antoine', '3193202875', '111 Barbara street SW', '767uy', 'Cedar Rapids', 'Iowa', '52404', 0, 0, 'WP', 'Dangelo', 'Antoine', '1994-10-27', 'Male', 'Single', '2023-11-08', '2024-01-02', 'dangeloantoine94@gmail.com'),
(226, 'Martinique', 'Antoine', '3193202875', '111 Barbara street SW', '767uy', 'Cedar Rapids', 'Iowa', '52404', 0, 0, 'WP', 'Dangelo', 'Antoine', '1994-10-27', 'Male', 'Single', '2023-11-08', '2024-01-02', 'dangeloantoine94@gmail.com'),
(227, 'Martinique', 'Antoine', '3193202875', '111 Barbara street SW', '767uy', 'Cedar Rapids', 'Iowa', '52404', 0, 0, 'WP', 'Dangelo', 'Antoine', '1994-10-27', 'Male', 'Single', '2023-11-08', '2024-01-02', 'dangeloantoine94@gmail.com'),
(228, 'Martinique', 'Antoine', '3193202875', '111 Barbara street SW', '767uy', 'Cedar Rapids', 'Iowa', '52404', 0, 0, 'WP', 'Dangelo', 'Antoine', '1994-10-27', 'Male', 'Single', '2023-11-08', '2024-01-02', 'dangeloantoine94@gmail.com'),
(229, 'Martinique', 'Antoine', '3193202875', '111 Barbara street SW', '767uy', 'Cedar Rapids', 'Iowa', '52404', 0, 0, 'WP', 'Dangelo', 'Antoine', '1994-10-27', 'Male', 'Single', '2023-11-08', '2024-01-02', 'dangeloantoine94@gmail.com'),
(230, 'Martinique', 'Antoine', '3193202875', '111 Barbara street SW', '767uy', 'Cedar Rapids', 'Iowa', '52404', 0, 0, 'WP', 'Dangelo', 'Antoine', '1994-10-27', 'Male', 'Single', '2023-11-08', '2024-01-02', 'dangeloantoine94@gmail.com'),
(231, 'Martinique', 'Antoine', '3193202875', '111 Barbara street SW', '767uy', 'Cedar Rapids', 'Iowa', '52404', 0, 0, 'WP', 'Dangelo', 'Antoine', '1994-10-27', 'Male', 'Single', '2023-11-08', '2024-01-02', 'dangeloantoine94@gmail.com'),
(232, 'Martinique', 'Antoine', '3193202875', '111 Barbara street SW', '767uy', 'Cedar Rapids', 'Iowa', '52404', 0, 0, 'WP', 'Dangelo', 'Antoine', '1994-10-27', 'Male', 'Single', '2023-11-08', '2024-01-02', 'dangeloantoine94@gmail.com'),
(233, 'Martinique', 'Antoine', '3193202875', '111 Barbara street SW', '767uy', 'Cedar Rapids', 'Iowa', '52404', 0, 0, 'WP', 'Dangelo', 'Antoine', '1994-10-27', 'Male', 'Single', '2023-11-08', '2024-01-02', 'dangeloantoine94@gmail.com'),
(234, 'Martinique', 'Antoine', '3193202875', '111 Barbara street SW', '767uy', 'Cedar Rapids', 'Iowa', '52404', 0, 0, 'WP', 'Dangelo', 'Antoine', '1994-10-27', 'Male', 'Single', '2023-11-08', '2024-01-02', 'dangeloantoine94@gmail.com'),
(235, 'Martinique', 'Antoine', '3193202875', '111 Barbara street SW', '767uy', 'Cedar Rapids', 'Iowa', '52404', 0, 0, 'WP', 'Dangelo', 'Antoine', '1994-10-27', 'Male', 'Single', '2023-11-08', '2024-01-02', 'dangeloantoine94@gmail.com'),
(236, 'Martinique', 'Antoine', '3193202875', '111 Barbara street SW', '767uy', 'Cedar Rapids', 'Iowa', '52404', 0, 0, 'WP', 'Dangelo', 'Antoine', '1994-10-27', 'Male', 'Single', '2023-11-08', '2024-01-02', 'dangeloantoine94@gmail.com'),
(237, 'Martinique', 'Antoine', '3193202875', '111 Barbara street SW', '767uy', 'Cedar Rapids', 'Iowa', '52404', 0, 0, 'WP', 'Dangelo', 'Antoine', '1994-10-27', 'Male', 'Single', '2023-11-08', '2024-01-02', 'dangeloantoine94@gmail.com'),
(238, 'Martinique', 'Antoine', '3193202875', '111 Barbara street SW', '767uy', 'Cedar Rapids', 'Iowa', '52404', 0, 0, 'WP', 'Dangelo', 'Antoine', '1994-10-27', 'Male', 'Single', '2023-11-08', '2024-01-02', 'dangeloantoine94@gmail.com'),
(239, 'Martinique', 'Antoine', '3193202875', '111 Barbara street SW', '767uy', 'Cedar Rapids', 'Iowa', '52404', 0, 0, 'WP', 'Dangelo', 'Antoine', '1994-10-27', 'Male', 'Single', '2023-11-08', '2024-01-02', 'dangeloantoine94@gmail.com'),
(240, 'Martinique', 'Antoine', '3193202875', '111 Barbara street SW', '767uy', 'Cedar Rapids', 'Iowa', '52404', 0, 0, 'WP', 'Dangelo', 'Antoine', '1994-10-27', 'Male', 'Single', '2023-11-08', '2024-01-02', 'dangeloantoine94@gmail.com'),
(241, 'Martinique', 'Antoine', '3193202875', '111 Barbara street SW', '767uy', 'Cedar Rapids', 'Iowa', '52404', 0, 0, 'WP', 'Dangelo', 'Antoine', '1994-10-27', 'Male', 'Single', '2023-11-08', '2024-01-02', 'dangeloantoine94@gmail.com'),
(242, 'Martinique', 'Antoine', '3193202875', '111 Barbara street SW', '767uy', 'Cedar Rapids', 'Iowa', '52404', 0, 0, 'WP', 'Dangelo', 'Antoine', '1994-10-27', 'Male', 'Single', '2023-11-08', '2024-01-02', 'dangeloantoine94@gmail.com'),
(243, 'Martinique', 'Antoine', '3193202875', '111 Barbara street SW', '767uy', 'Cedar Rapids', 'Iowa', '52404', 0, 0, 'WP', 'Dangelo', 'Antoine', '1994-10-27', 'Male', 'Single', '2023-11-08', '2024-01-02', 'dangeloantoine94@gmail.com'),
(244, 'Martinique', 'Antoine', '3193202875', '111 Barbara street SW', '767uy', 'Cedar Rapids', 'Iowa', '52404', 0, 0, 'WP', 'Dangelo', 'Antoine', '1994-10-27', 'Male', 'Single', '2023-11-08', '2024-01-02', 'dangeloantoine94@gmail.com'),
(245, 'Martinique', 'Antoine', '3193202875', '111 Barbara street SW', '767uy', 'Cedar Rapids', 'Iowa', '52404', 0, 0, 'WP', 'Dangelo', 'Antoine', '1994-10-27', 'Male', 'Single', '2023-11-08', '2024-01-02', 'dangeloantoine94@gmail.com'),
(246, 'Martinique', 'Antoine', '3193202875', '111 Barbara street SW', '971yu', 'Cedar Rapids', 'Iowa', '52404', 1, 1, 'WP', 'Dangelo', 'Antoine', '1980-01-10', 'Male', 'Married', '2023-11-08', '2024-01-02', 'dangeloantoine94@gmail.com'),
(247, 'Martinique', 'Antoine', '3193202875', '111 Barbara street SW', '971yu', 'Cedar Rapids', 'Iowa', '52404', 1, 1, 'WP', 'Dangelo', 'Antoine', '1980-01-10', 'Male', 'Married', '2023-11-08', '2024-01-02', 'dangeloantoine94@gmail.com'),
(248, 'Trinidad', 'James', '3193202875', '111 Barbara street SW', '789uh', 'Cedar Rapids', 'Iowa', '52404', 1, 1, 'WP', 'Dangelo', 'Antoine', '1980-01-10', 'Male', 'Divorced', '2023-11-08', '2024-01-02', 'dangeloantoine94@gmail.com'),
(249, 'Trinidad', 'James', '3193202875', '111 Barbara street SW', '789uh', 'Cedar Rapids', 'Iowa', '52404', 1, 1, 'WP', 'Dangelo', 'Antoine', '1980-01-10', 'Male', 'Divorced', '2023-11-08', '2024-01-02', 'dangeloantoine94@gmail.com'),
(250, 'Trinidad', 'James', '3193202875', '111 Barbara street SW', '76y', 'Cedar Rapids', 'Iowa', '52404', 1, 1, 'RCROSS', 'Dangelo', 'Antoine', '1980-01-10', 'Male', 'Married', '2023-11-08', '2024-01-02', 'dangeloantoine94@gmail.com'),
(251, 'peter', 'Antoine', '3193202875', '111 Barbara street SW', 'ps67', 'Cedar Rapids', 'Iowa', '52404', 1, 1, 'RCROSS', 'Dangelo', 'Antoine', '1980-01-10', 'Male', 'Divorced', '2023-11-08', '2024-01-02', 'dangeloantoine94@gmail.com'),
(252, 'peter', 'Antoine', '3193202875', '111 Barbara street SW', 'ps67', 'Cedar Rapids', 'Iowa', '52404', 1, 1, 'RCROSS', 'Dangelo', 'Antoine', '1980-01-10', 'Male', 'Divorced', '2023-11-08', '2024-01-02', 'dangeloantoine94@gmail.com'),
(253, 'peter', 'Antoine', '3193202875', '111 Barbara street SW', 'ps67', 'Cedar Rapids', 'Iowa', '52404', 1, 1, 'RCROSS', 'Dangelo', 'Antoine', '1980-01-10', 'Male', 'Divorced', '2023-11-08', '2024-01-02', 'dangeloantoine94@gmail.com'),
(254, 'peter', 'Antoine', '3193202875', '111 Barbara street SW', 'ps67', 'Cedar Rapids', 'Iowa', '52404', 0, 0, 'RCROSS', 'Dangelo', 'Antoine', '1980-01-10', 'Male', 'Divorced', '2023-11-08', '2024-01-02', 'dangeloantoine94@gmail.com'),
(255, 'peter', 'Antoine', '3193202875', '111 Barbara street SW', 'ps67', 'Cedar Rapids', 'Iowa', '52404', 0, 0, 'RCROSS', 'Dangelo', 'Antoine', '1980-01-10', 'Male', 'Divorced', '2023-11-08', '2024-01-02', 'dangeloantoine94@gmail.com'),
(256, 'peter', 'Antoine', '3193202875', '111 Barbara street SW', 'ps67', 'Cedar Rapids', 'Iowa', '52404', 0, 0, 'RCROSS', 'Dangelo', 'Antoine', '1980-01-10', 'Male', 'Divorced', '2023-11-08', '2024-01-02', 'dangeloantoine94@gmail.com'),
(257, 'peter', 'Antoine', '3193202875', '111 Barbara street SW', 'ps67', 'Cedar Rapids', 'Iowa', '52404', 0, 0, 'RCROSS', 'Dangelo', 'Antoine', '1980-01-10', 'Male', 'Divorced', '2023-11-08', '2024-01-02', 'dangeloantoine94@gmail.com'),
(258, 'peter', 'Antoine', '3193202875', '111 Barbara street SW', 'ps67', 'Cedar Rapids', 'Iowa', '52404', 0, 0, 'RCROSS', 'Dangelo', 'Antoine', '1980-01-10', 'Male', 'Divorced', '2023-11-08', '2024-01-02', 'dangeloantoine94@gmail.com'),
(259, 'peter', 'Antoine', '3193202875', '111 Barbara street SW', 'ps67', 'Cedar Rapids', 'Iowa', '52404', 0, 0, 'RCROSS', 'Dangelo', 'Antoine', '1980-01-10', 'Male', 'Divorced', '2023-11-08', '2024-01-02', 'dangeloantoine94@gmail.com'),
(260, 'Patrick', 'Antoine', '3193202875', '111 Barbara street SW', 'ps6301', 'Cedar Rapids', 'Iowa', '52404', 1, 1, 'RCROSS', 'Dangelo', 'Antoine', '1980-01-10', 'Male', 'Married', '2023-11-08', '2024-01-02', 'dangeloantoine94@gmail.com'),
(261, 'Patrick', 'Antoine', '3193202875', '111 Barbara street SW', 'ps6301', 'Cedar Rapids', 'Iowa', '52404', 1, 1, 'RCROSS', 'Dangelo', 'Antoine', '1980-01-10', 'Male', 'Married', '2023-11-08', '2024-01-02', 'dangeloantoine94@gmail.com'),
(262, 'Patrick', 'Antoine', '3193202875', '111 Barbara street SW', 'ps6301', 'Cedar Rapids', 'Iowa', '52404', 1, 1, 'RCROSS', 'Dangelo', 'Antoine', '1980-01-10', 'Male', 'Married', '2023-11-08', '2024-01-02', 'dangeloantoine94@gmail.com'),
(263, 'Patrick', 'Antoine', '3193202875', '111 Barbara street SW', 'ps6301', 'Cedar Rapids', 'Iowa', '52404', 1, 1, 'RCROSS', 'Dangelo', 'Antoine', '1980-01-10', 'Male', 'Married', '2023-11-08', '2024-01-02', 'dangeloantoine94@gmail.com'),
(264, 'Patrick', 'Antoine', '3193202875', '111 Barbara street SW', 'ps6301', 'Cedar Rapids', 'Iowa', '52404', 1, 1, 'RCROSS', 'Dangelo', 'Antoine', '1980-01-10', 'Male', 'Married', '2023-11-08', '2024-01-02', 'dangeloantoine94@gmail.com'),
(265, 'Patrick', 'Antoine', '3193202875', '111 Barbara street SW', 'ps6301', 'Cedar Rapids', 'Iowa', '52404', 1, 1, 'RCROSS', 'Dangelo', 'Antoine', '1980-01-10', 'Male', 'Married', '2023-11-08', '2024-01-02', 'dangeloantoine94@gmail.com'),
(266, 'Patrick', 'Antoine', '3193202875', '111 Barbara street SW', 'ps6301', 'Cedar Rapids', 'Iowa', '52404', 1, 1, 'RCROSS', 'Dangelo', 'Antoine', '1980-01-10', 'Male', 'Married', '2023-11-08', '2024-01-02', 'dangeloantoine94@gmail.com'),
(267, 'Patrick', 'Antoine', '3193202875', '111 Barbara street SW', 'ps6301', 'Cedar Rapids', 'Iowa', '52404', 1, 1, 'RCROSS', 'Dangelo', 'Antoine', '1980-01-10', 'Male', 'Married', '2023-11-08', '2024-01-02', 'dangeloantoine94@gmail.com'),
(268, 'Patrick', 'Antoine', '3193202875', '111 Barbara street SW', 'ps6301', 'Cedar Rapids', 'Iowa', '52404', 1, 1, 'RCROSS', 'Dangelo', 'Antoine', '1980-01-10', 'Male', 'Married', '2023-11-08', '2024-01-02', 'dangeloantoine94@gmail.com'),
(269, 'Patrick', 'Antoine', '3193202875', '111 Barbara street SW', 'ps6301', 'Cedar Rapids', 'Iowa', '52404', 1, 1, 'RCROSS', 'Dangelo', 'Antoine', '1980-01-10', 'Male', 'Married', '2023-11-08', '2024-01-02', 'dangeloantoine94@gmail.com'),
(270, 'Patrick', 'Antoine', '3193202875', '111 Barbara street SW', 'ps6301', 'Cedar Rapids', 'Iowa', '52404', 1, 1, 'RCROSS', 'Dangelo', 'Antoine', '1980-01-10', 'Male', 'Married', '2023-11-08', '2024-01-02', 'dangeloantoine94@gmail.com'),
(271, 'Patrick', 'Antoine', '3193202875', '111 Barbara street SW', 'ps6301', 'Cedar Rapids', 'Iowa', '52404', 1, 1, 'RCROSS', 'Dangelo', 'Antoine', '1980-01-10', 'Male', 'Married', '2023-11-08', '2024-01-02', 'dangeloantoine94@gmail.com'),
(272, 'Patrick', 'Antoine', '3193202875', '111 Barbara street SW', 'ps6301', 'Cedar Rapids', 'Iowa', '52404', 1, 1, 'RCROSS', 'Dangelo', 'Antoine', '1980-01-10', 'Male', 'Married', '2023-11-08', '2024-01-02', 'dangeloantoine94@gmail.com'),
(273, 'Patrick', 'Antoine', '3193202875', '111 Barbara street SW', 'ps6301', 'Cedar Rapids', 'Iowa', '52404', 1, 1, 'RCROSS', 'Dangelo', 'Antoine', '1980-01-10', 'Male', 'Married', '2023-11-08', '2024-01-02', 'dangeloantoine94@gmail.com'),
(274, 'Patrick', 'Antoine', '3193202875', '111 Barbara street SW', 'ps6301', 'Cedar Rapids', 'Iowa', '52404', 1, 1, 'RCROSS', 'Dangelo', 'Antoine', '1980-01-10', 'Male', 'Married', '2023-11-08', '2024-01-02', 'dangeloantoine94@gmail.com'),
(275, 'Patrick', 'Antoine', '3193202875', '111 Barbara street SW', 'ps6301', 'Cedar Rapids', 'Iowa', '52404', 1, 1, 'RCROSS', 'Dangelo', 'Antoine', '1980-01-10', 'Male', 'Married', '2023-11-08', '2024-01-02', 'dangeloantoine94@gmail.com'),
(276, 'Patrick', 'Antoine', '3193202875', '111 Barbara street SW', '87yps', 'Cedar Rapids', 'Iowa', '52404', 1, 0, 'RCROSS', 'Dangelo', 'Antoine', '1980-01-10', 'Male', 'Married', '2023-11-08', '2024-01-02', 'dangeloantoine94@gmail.com'),
(277, 'Patrick', 'Antoine', '3193202875', '111 Barbara street SW', '87yps', 'Cedar Rapids', 'Iowa', '52404', 1, 0, 'RCROSS', 'Dangelo', 'Antoine', '1980-01-10', 'Male', 'Married', '2023-11-08', '2024-01-02', 'dangeloantoine94@gmail.com'),
(278, 'Patrick', 'Antoine', '3193202875', '111 Barbara street SW', '87yps', 'Cedar Rapids', 'Iowa', '52404', 1, 0, 'RCROSS', 'Dangelo', 'Antoine', '1980-01-10', 'Male', 'Married', '2023-11-08', '2024-01-02', 'dangeloantoine94@gmail.com'),
(279, 'Patrick', 'Antoine', '3193202875', '111 Barbara street SW', '87yps', 'Cedar Rapids', 'Iowa', '52404', 1, 0, 'RCROSS', 'Dangelo', 'Antoine', '1980-01-10', 'Male', 'Married', '2023-11-08', '2024-01-02', 'dangeloantoine94@gmail.com'),
(280, 'Patrick', 'Antoine', '3193202875', '111 Barbara street SW', '87yps', 'Cedar Rapids', 'Iowa', '52404', 1, 0, 'RCROSS', 'Dangelo', 'Antoine', '1980-01-10', 'Male', 'Married', '2023-11-08', '2024-01-02', 'dangeloantoine94@gmail.com'),
(281, 'Patrick', 'Antoine', '3193202875', '111 Barbara street SW', '87yps', 'Cedar Rapids', 'Iowa', '52404', 1, 0, 'RCROSS', 'Dangelo', 'Antoine', '1980-01-10', 'Male', 'Married', '2023-11-08', '2024-01-02', 'dangeloantoine94@gmail.com'),
(282, 'Patrick', 'Antoine', '3193202875', '111 Barbara street SW', '87yps', 'Cedar Rapids', 'Iowa', '52404', 1, 0, 'RCROSS', 'Dangelo', 'Antoine', '1980-01-10', 'Male', 'Married', '2023-11-08', '2024-01-02', 'dangeloantoine94@gmail.com'),
(283, 'Patrick', 'Antoine', '3193202875', '111 Barbara street SW', '87yps', 'Cedar Rapids', 'Iowa', '52404', 1, 0, 'RCROSS', 'Dangelo', 'Antoine', '1980-01-10', 'Male', 'Married', '2023-11-08', '2024-01-02', 'dangeloantoine94@gmail.com'),
(284, 'Patrick', 'Antoine', '3193202875', '111 Barbara street SW', '87yps', 'Cedar Rapids', 'Iowa', '52404', 1, 0, 'RCROSS', 'Dangelo', 'Antoine', '1980-01-10', 'Male', 'Married', '2023-11-08', '2024-01-02', 'dangeloantoine94@gmail.com'),
(285, 'Patrick', 'Antoine', '3193202875', '111 Barbara street SW', '87yps', 'Cedar Rapids', 'Iowa', '52404', 1, 0, 'RCROSS', 'Dangelo', 'Antoine', '1980-01-10', 'Male', 'Married', '2023-11-08', '2024-01-02', 'dangeloantoine94@gmail.com'),
(286, 'Patrick', 'Antoine', '3193202875', '111 Barbara street SW', '87yps', 'Cedar Rapids', 'Iowa', '52404', 1, 0, 'RCROSS', 'Dangelo', 'Antoine', '1980-01-10', 'Male', 'Married', '2023-11-08', '2024-01-02', 'dangeloantoine94@gmail.com'),
(287, 'Patrick', 'Antoine', '3193202875', '111 Barbara street SW', '87yps', 'Cedar Rapids', 'Iowa', '52404', 1, 0, 'RCROSS', 'Dangelo', 'Antoine', '1980-01-10', 'Male', 'Married', '2023-11-08', '2024-01-02', 'dangeloantoine94@gmail.com'),
(288, 'Patick', 'Antoine', '3193202875', '111 Barbara street SW', '456y', 'Cedar Rapids', 'Iowa', '52404', 0, 0, 'RCROSS', 'Dangelo', 'Antoine', '1980-01-10', 'Male', 'Married', '2023-11-08', '2024-01-02', 'dangeloantoine94@gmail.com'),
(289, 'Patick', 'Antoine', '3193202875', '111 Barbara street SW', '456y', 'Cedar Rapids', 'Iowa', '52404', 0, 0, 'RCROSS', 'Dangelo', 'Antoine', '1980-01-10', 'Male', 'Married', '2023-11-08', '2024-01-02', 'dangeloantoine94@gmail.com'),
(290, 'Patick', 'Antoine', '3193202875', '111 Barbara street SW', '456y', 'Cedar Rapids', 'Iowa', '52404', 0, 0, 'RCROSS', 'Dangelo', 'Antoine', '1980-01-10', 'Male', 'Married', '2023-11-08', '2024-01-02', 'dangeloantoine94@gmail.com'),
(291, 'Patick', 'Antoine', '3193202875', '111 Barbara street SW', '456y', 'Cedar Rapids', 'Iowa', '52404', 0, 0, 'RCROSS', 'Dangelo', 'Antoine', '1980-01-10', 'Male', 'Married', '2023-11-08', '2024-01-02', 'dangeloantoine94@gmail.com'),
(292, 'Patick', 'Antoine', '3193202875', '111 Barbara street SW', '456y', 'Cedar Rapids', 'Iowa', '52404', 0, 0, 'RCROSS', 'Dangelo', 'Antoine', '1980-01-10', 'Male', 'Married', '2023-11-08', '2024-01-02', 'dangeloantoine94@gmail.com'),
(293, 'Patrick', 'Antoine', '3193202875', '111 Barbara street SW', 'po9', 'Cedar Rapids', 'Iowa', '52404', 1, 1, 'RCROSS', 'Dangelo', 'Antoine', '1980-01-10', 'Male', 'Married', '2023-11-08', '2024-01-02', 'dangeloantoine94@gmail.com'),
(294, 'Patrick', 'Antoine', '3193202875', '111 Barbara street SW', 'po9', 'Cedar Rapids', 'Iowa', '52404', 1, 1, 'RCROSS', 'Dangelo', 'Antoine', '1980-01-10', 'Male', 'Married', '2023-11-08', '2024-01-02', 'dangeloantoine94@gmail.com'),
(295, 'Patrick', 'Antoine', '3193202875', '111 Barbara street SW', 'po9', 'Cedar Rapids', 'Iowa', '52404', 1, 1, 'RCROSS', 'Dangelo', 'Antoine', '1980-01-10', 'Male', 'Married', '2023-11-08', '2024-01-02', 'dangeloantoine94@gmail.com'),
(296, 'Patrick', 'Antoine', '3193202875', '111 Barbara street SW', 'po9', 'Cedar Rapids', 'Iowa', '52404', 1, 1, 'RCROSS', 'Dangelo', 'Antoine', '1980-01-10', 'Male', 'Married', '2023-11-08', '2024-01-02', 'dangeloantoine94@gmail.com'),
(297, 'Patrick', 'Antoine', '3193202875', '111 Barbara street SW', 'po9', 'Cedar Rapids', 'Iowa', '52404', 1, 1, 'RCROSS', 'Dangelo', 'Antoine', '1980-01-10', 'Male', 'Married', '2023-11-08', '2024-01-02', 'dangeloantoine94@gmail.com'),
(298, 'Patrick', 'Antoine', '3193202875', '111 Barbara street SW', 'po9', 'Cedar Rapids', 'Iowa', '52404', 1, 1, 'RCROSS', 'Dangelo', 'Antoine', '1980-01-10', 'Male', 'Married', '2023-11-08', '2024-01-02', 'dangeloantoine94@gmail.com'),
(299, 'Patrick', 'Antoine', '3193202875', '111 Barbara street SW', 'po9', 'Cedar Rapids', 'Iowa', '52404', 1, 1, 'RCROSS', 'Dangelo', 'Antoine', '1980-01-10', 'Male', 'Married', '2023-11-08', '2024-01-02', 'dangeloantoine94@gmail.com'),
(300, 'Patrick', 'Antoine', '3193202875', '111 Barbara street SW', 'po9', 'Cedar Rapids', 'Iowa', '52404', 1, 1, 'RCROSS', 'Dangelo', 'Antoine', '1980-01-10', 'Male', 'Married', '2023-11-08', '2024-01-02', 'dangeloantoine94@gmail.com'),
(301, 'Patrick', 'Antoine', '3193202875', '111 Barbara street SW', 'po9', 'Cedar Rapids', 'Iowa', '52404', 1, 1, 'RCROSS', 'Dangelo', 'Antoine', '1980-01-10', 'Male', 'Married', '2023-11-08', '2024-01-02', 'dangeloantoine94@gmail.com'),
(302, 'Patrick', 'Antoine', '3193202875', '111 Barbara street SW', 'po9', 'Cedar Rapids', 'Iowa', '52404', 1, 1, 'RCROSS', 'Dangelo', 'Antoine', '1980-01-10', 'Male', 'Married', '2023-11-08', '2024-01-02', 'dangeloantoine94@gmail.com'),
(303, 'Patrick', 'Antoine', '3193202875', '111 Barbara street SW', 'po9', 'Cedar Rapids', 'Iowa', '52404', 1, 1, 'RCROSS', 'Dangelo', 'Antoine', '1980-01-10', 'Male', 'Married', '2023-11-08', '2024-01-02', 'dangeloantoine94@gmail.com');
INSERT INTO `family` (`id`, `headofhousehold_firstname`, `headofhousehold_lastname`, `phone`, `address`, `address2`, `City`, `State`, `Zip`, `numofadults`, `numofkids`, `agency`, `Advocate_FirstName`, `Advocate_LastName`, `DOB`, `Gender`, `MaritalStatus`, `receivedDate`, `MoveInDate`, `Email`) VALUES
(304, 'Patrick', 'Antoine', '3193202875', '111 Barbara street SW', 'po9', 'Cedar Rapids', 'Iowa', '52404', 1, 1, 'RCROSS', 'Dangelo', 'Antoine', '1980-01-10', 'Male', 'Married', '2023-11-08', '2024-01-02', 'dangeloantoine94@gmail.com'),
(305, 'Patrick', 'Antoine', '3193202875', '111 Barbara street SW', 'po9', 'Cedar Rapids', 'Iowa', '52404', 1, 1, 'RCROSS', 'Dangelo', 'Antoine', '1980-01-10', 'Male', 'Married', '2023-11-08', '2024-01-02', 'dangeloantoine94@gmail.com'),
(306, 'Patrick', 'Antoine', '3193202875', '111 Barbara street SW', 'po9', 'Cedar Rapids', 'Iowa', '52404', 1, 1, 'RCROSS', 'Dangelo', 'Antoine', '1980-01-10', 'Male', 'Married', '2023-11-08', '2024-01-02', 'dangeloantoine94@gmail.com'),
(307, 'Patrick', 'Antoine', '3193202875', '111 Barbara street SW', 'po9', 'Cedar Rapids', 'Iowa', '52404', 1, 1, 'RCROSS', 'Dangelo', 'Antoine', '1980-01-10', 'Male', 'Married', '2023-11-08', '2024-01-02', 'dangeloantoine94@gmail.com'),
(308, 'Patrick', 'Antoine', '3193202875', '111 Barbara street SW', 'po9', 'Cedar Rapids', 'Iowa', '52404', 1, 1, 'RCROSS', 'Dangelo', 'Antoine', '1980-01-10', 'Male', 'Married', '2023-11-08', '2024-01-02', 'dangeloantoine94@gmail.com'),
(309, 'Patrick', 'Antoine', '3193202875', '111 Barbara street SW', 'po9', 'Cedar Rapids', 'Iowa', '52404', 1, 1, 'RCROSS', 'Dangelo', 'Antoine', '1980-01-10', 'Male', 'Married', '2023-11-08', '2024-01-02', 'dangeloantoine94@gmail.com'),
(310, 'Patrick', 'Antoine', '4074851600', '111 Barbara street SW', 'po9', 'Cedar Rapids', 'IA', '52404', 1, 1, 'Choose...', 'Matthew', 'Antoine', '1980-01-10', 'Male', 'Married', '2023-11-08', '2024-01-02', 'matthewantoine767@gmail.com'),
(311, 'Patrick', 'Antoine', '4074851600', '111 Barbara street SW', 'po9', 'Cedar Rapids', 'IA', '52404', 1, 1, 'Choose...', 'Matthew', 'Antoine', '1980-01-10', 'Male', 'Married', '2023-11-08', '2024-01-02', 'matthewantoine767@gmail.com'),
(312, 'Patrick', 'Antoine', '4074851600', '111 Barbara street SW', 'po9', 'Cedar Rapids', 'IA', '52404', 1, 1, 'Choose...', 'Matthew', 'Antoine', '1980-01-10', 'Male', 'Married', '2023-11-08', '2024-01-02', 'matthewantoine767@gmail.com'),
(313, 'Patrick', 'Antoine', '4074851600', '111 Barbara street SW', 'po9', 'Cedar Rapids', 'IA', '52404', 1, 1, 'Choose...', 'Matthew', 'Antoine', '1980-01-10', 'Male', 'Married', '2023-11-08', '2024-01-02', 'matthewantoine767@gmail.com'),
(314, 'Patrick', 'Antoine', '4074851600', '111 Barbara street SW', 'po9', 'Cedar Rapids', 'IA', '52404', 1, 1, 'Choose...', 'Matthew', 'Antoine', '1980-01-10', 'Male', 'Married', '2023-11-08', '2024-01-02', 'matthewantoine767@gmail.com'),
(315, 'Patrick', 'Antoine', '4074851600', '111 Barbara street SW', 'po9', 'Cedar Rapids', 'IA', '52404', 1, 1, 'Choose...', 'Matthew', 'Antoine', '1980-01-10', 'Male', 'Married', '2023-11-08', '2024-01-02', 'matthewantoine767@gmail.com'),
(316, 'Patrick', 'Antoine', '4074851600', '111 Barbara street SW', 'po9', 'Cedar Rapids', 'IA', '52404', 1, 1, 'Choose...', 'Matthew', 'Antoine', '1980-01-10', 'Male', 'Married', '2023-11-08', '2024-01-02', 'matthewantoine767@gmail.com'),
(317, 'Tavo', 'Francis', '3193202875', '111 Barbara street SW', '55', 'Cedar Rapids', 'Iowa', '52404', 1, 1, 'RCROSS', 'Dangelo', 'Antoine', '1980-01-10', 'Male', 'Married', '2023-11-08', '2024-01-02', 'dangeloantoine94@gmail.com'),
(318, 'Tavo', 'Francis', '3193202875', '111 Barbara street SW', '55', 'Cedar Rapids', 'Iowa', '52404', 1, 1, 'RCROSS', 'Dangelo', 'Antoine', '1980-01-10', 'Male', 'Married', '2023-11-08', '2024-01-02', 'dangeloantoine94@gmail.com'),
(319, 'Tavo', 'Francis', '3193202875', '111 Barbara street SW', '55', 'Cedar Rapids', 'Iowa', '52404', 1, 1, 'RCROSS', 'Dangelo', 'Antoine', '1980-01-10', 'Male', 'Married', '2023-11-08', '2024-01-02', 'dangeloantoine94@gmail.com'),
(320, 'Tavo', 'Francis', '3193202875', '111 Barbara street SW', '55', 'Cedar Rapids', 'Iowa', '52404', 1, 1, 'RCROSS', 'Dangelo', 'Antoine', '1980-01-10', 'Male', 'Married', '2023-11-08', '2024-01-02', 'dangeloantoine94@gmail.com'),
(321, 'Charlie', 'Baron', '3193202875', '111 Barbara street SW', 'apt 6', 'Cedar Rapids', 'Iowa', '52404', 2, 2, 'RCROSS', 'Dangelo', 'Antoine', '1980-01-10', 'Male', 'Single', '2023-11-08', '2024-01-02', 'dangeloantoine94@gmail.com'),
(322, 'Charlie', 'Baron', '3193202875', '111 Barbara street SW', 'apt 6', 'Cedar Rapids', 'Iowa', '52404', 2, 2, 'RCROSS', 'Dangelo', 'Antoine', '1980-01-10', 'Male', 'Single', '2023-11-08', '2024-01-02', 'dangeloantoine94@gmail.com'),
(323, 'Dangelo', 'Antoine', '3193202875', '111 Barbara street SW', 'p', 'Cedar Rapids', 'Iowa', '52404', 0, 0, 'WP', 'Dangelo', 'Antoine', '1980-01-10', 'Male', 'Married', '2023-11-08', '2024-01-02', 'dangeloantoine94@gmail.com'),
(324, 'Dangelo', 'Antoine', '3193202875', '111 Barbara street SW', 'p', 'Cedar Rapids', 'Iowa', '52404', 0, 0, 'WP', 'Dangelo', 'Antoine', '1980-01-10', 'Male', 'Married', '2023-11-08', '2024-01-02', 'dangeloantoine94@gmail.com'),
(325, 'Denise', 'Francis', '3193202875', '111 Barbara street SW', 'u78', 'Cedar Rapids', 'Iowa', '52404', 1, 1, 'RCROSS', 'Dangelo', 'Antoine', '1980-01-10', 'Male', 'Married', '2023-11-08', '2024-01-02', 'dangeloantoine94@gmail.com'),
(326, 'Denise', 'Francis', '3193202875', '111 Barbara street SW', 'u78', 'Cedar Rapids', 'Iowa', '52404', 1, 1, 'RCROSS', 'Dangelo', 'Antoine', '1980-01-10', 'Male', 'Married', '2023-11-08', '2024-01-02', 'dangeloantoine94@gmail.com'),
(327, 'Denise', 'Francis', '3193202875', '111 Barbara street SW', 'u78', 'Cedar Rapids', 'Iowa', '52404', 1, 1, 'RCROSS', 'Dangelo', 'Antoine', '1980-01-10', 'Male', 'Married', '2023-11-08', '2024-01-02', 'dangeloantoine94@gmail.com'),
(328, 'Denise', 'Francis', '3193202875', '111 Barbara street SW', 'yh7', 'Cedar Rapids', 'Iowa', '52404', 1, 1, 'RCROSS', 'Dangelo', 'Antoine', '1980-01-10', 'Female', 'Married', '2023-11-08', '2024-01-02', 'dangeloantoine94@gmail.com'),
(329, 'Dangelo', 'Antoine', '3193202875', '111 Barbara street SW', '76r', 'Cedar Rapids', 'Iowa', '52404', 1, 0, 'Choose...', 'Dangelo', 'Antoine', '1980-01-10', 'Male', 'Married', '2023-11-08', '2024-01-02', 'dangeloantoine94@gmail.com'),
(330, 'Dangelo', 'Antoine', '3193202875', '111 Barbara street SW', '7y', 'Cedar Rapids', 'Iowa', '52404', 1, 0, 'RCROSS', 'Dangelo', 'Antoine', '1980-01-10', 'Male', 'Married', '2023-11-08', '2024-01-02', 'dangeloantoine94@gmail.com'),
(331, 'Dangelo', 'Antoine', '3193202875', '111 Barbara street SW', '7y', 'Cedar Rapids', 'Iowa', '52404', 1, 0, 'RCROSS', 'Dangelo', 'Antoine', '1980-01-10', 'Male', 'Married', '2023-11-08', '2024-01-02', 'dangeloantoine94@gmail.com'),
(332, 'Dangelo', 'Antoine', '3193202875', '111 Barbara street SW', '7y', 'Cedar Rapids', 'Iowa', '52404', 1, 0, 'RCROSS', 'Dangelo', 'Antoine', '1980-01-10', 'Male', 'Married', '2023-11-08', '2024-01-02', 'dangeloantoine94@gmail.com'),
(333, 'Dangelo', 'Antoine', '3193202875', '111 Barbara street SW', '7y', 'Cedar Rapids', 'Iowa', '52404', 1, 0, 'RCROSS', 'Dangelo', 'Antoine', '1980-01-10', 'Male', 'Married', '2023-11-08', '2024-01-02', 'dangeloantoine94@gmail.com'),
(334, 'Japheth', 'Corriette', '3193202875', '111 Barbara street SW', '67ccs', 'Cedar Rapids', 'Iowa', '52404', 1, 0, 'KCC', 'Dangelo', 'Antoine', '1994-10-26', 'Male', 'Married', '2023-11-08', '2024-01-02', 'dangeloantoine94@gmail.com'),
(335, 'Japheth', 'Corriette', '3193202875', '111 Barbara street SW', '67ccs', 'Cedar Rapids', 'Iowa', '52404', 1, 0, 'KCC', 'Dangelo', 'Antoine', '1994-10-26', 'Male', 'Married', '2023-11-08', '2024-01-02', 'dangeloantoine94@gmail.com'),
(336, 'Japheth', 'Corriette', '3193202875', '111 Barbara street SW', '67ccs', 'Cedar Rapids', 'Iowa', '52404', 1, 0, 'KCC', 'Dangelo', 'Antoine', '1994-10-26', 'Male', 'Married', '2023-11-08', '2024-01-02', 'dangeloantoine94@gmail.com'),
(337, 'Japheth', 'Corriette', '3193202875', '111 Barbara street SW', '67ccs', 'Cedar Rapids', 'Iowa', '52404', 1, 0, 'KCC', 'Dangelo', 'Antoine', '1994-10-26', 'Male', 'Married', '2023-11-08', '2024-01-02', 'dangeloantoine94@gmail.com'),
(338, 'Japheth', 'Corriette', '3193202875', '111 Barbara street SW', '67ccs', 'Cedar Rapids', 'Iowa', '52404', 1, 0, 'KCC', 'Dangelo', 'Antoine', '1994-10-26', 'Male', 'Married', '2023-11-08', '2024-01-02', 'dangeloantoine94@gmail.com'),
(339, 'Japheth', 'Corriette', '3193202875', '111 Barbara street SW', '67ccs', 'Cedar Rapids', 'Iowa', '52404', 1, 0, 'KCC', 'Dangelo', 'Antoine', '1994-10-26', 'Male', 'Married', '2023-11-08', '2024-01-02', 'dangeloantoine94@gmail.com'),
(340, 'Japheth', 'Corriette', '3193202875', '111 Barbara street SW', '67ccs', 'Cedar Rapids', 'Iowa', '52404', 1, 0, 'KCC', 'Dangelo', 'Antoine', '1994-10-26', 'Male', 'Married', '2023-11-08', '2024-01-02', 'dangeloantoine94@gmail.com'),
(341, 'Japheth', 'Corriette', '3193202875', '111 Barbara street SW', '67ccs', 'Cedar Rapids', 'Iowa', '52404', 1, 0, 'KCC', 'Dangelo', 'Antoine', '1994-10-26', 'Male', 'Married', '2023-11-08', '2024-01-02', 'dangeloantoine94@gmail.com'),
(342, 'Gidion', 'Corriette', '3193202875', '111 Barbara street SW', '67y', 'Cedar Rapids', 'Iowa', '52404', 1, 0, 'RCROSS', 'Dangelo', 'Antoine', '1980-01-10', 'Male', 'Married', '2023-11-08', '2024-01-02', 'dangeloantoine94@gmail.com'),
(343, 'Gidion', 'Corriette', '3193202875', '111 Barbara street SW', '67y', 'Cedar Rapids', 'Iowa', '52404', 1, 0, 'RCROSS', 'Dangelo', 'Antoine', '1980-01-10', 'Male', 'Married', '2023-11-08', '2024-01-02', 'dangeloantoine94@gmail.com');

-- --------------------------------------------------------

--
-- Table structure for table `family_demographics`
--

CREATE TABLE `family_demographics` (
  `id` int(11) NOT NULL,
  `family_id` int(11) NOT NULL,
  `firstname` varchar(20) NOT NULL,
  `lastname` varchar(20) NOT NULL,
  `age` int(11) NOT NULL,
  `gender` enum('Male','Female') DEFAULT NULL
) ENGINE=InnoDB DEFAULT CHARSET=utf8 COLLATE=utf8_general_ci;

--
-- Dumping data for table `family_demographics`
--

INSERT INTO `family_demographics` (`id`, `family_id`, `firstname`, `lastname`, `age`, `gender`) VALUES
(61, 86, 'Megan', 'Antoine', 28, 'Female'),
(62, 86, 'Dangelo', 'Antoine', 29, 'Male'),
(63, 87, 'Rizza jr', 'munandar', 9, 'Male'),
(64, 87, 'amicia', 'munandar', 10, 'Female'),
(65, 87, 'Rizza', 'munandar', 34, 'Male'),
(66, 87, 'Lisa', 'munandar', 32, 'Female'),
(67, 88, 'Dangelo', 'Antoine', 8, 'Male'),
(68, 88, 'Matthew', 'Antoine', 10, 'Male'),
(69, 88, 'Ashford', 'Daniel', 42, 'Male'),
(70, 88, 'Blackie', 'Daniel', 47, 'Female'),
(71, 89, 'DAngel', 'Antoine', 8, 'Female'),
(72, 89, 'Dustin', 'Antoine', 35, 'Male'),
(73, 90, 'Gia', 'Baron', 7, 'Female'),
(74, 90, 'Nickson', 'Baron', 37, 'Male'),
(75, 91, 'Gia', 'Baron', 7, 'Female'),
(76, 91, 'Nickson', 'Baron', 37, 'Male'),
(77, 92, 'Gia', 'Baron', 7, 'Female'),
(78, 92, 'Nickson', 'Baron', 37, 'Male'),
(79, 93, 'nawal', 'Antoine', 3, 'Female'),
(80, 93, 'Danny', 'Antoine', 29, 'Male'),
(81, 94, 'nawal', 'Antoine', 3, 'Female'),
(82, 94, 'Danny', 'Antoine', 29, 'Male'),
(83, 95, 'eze', 'Antoine', 19, 'Male'),
(84, 95, 'daniel', 'doyen', 22, 'Male'),
(85, 95, 'Matthew', 'Antoine', 52, 'Male'),
(86, 95, 'Joceline Doyen', 'Antoine', 64, 'Female'),
(87, 96, 'eze', 'Antoine', 17, 'Male'),
(88, 96, 'daniel', 'Antoine', 22, 'Male'),
(89, 96, 'Lootie', 'Antone', 64, 'Male'),
(90, 96, 'Joceline Doyen', 'Antoine', 64, 'Female'),
(91, 97, 'Danny', 'Antoine', 5, 'Male'),
(92, 97, 'Heidi', 'Antoine', 30, 'Female'),
(93, 98, 'Lisa', 'Antoine', 8, 'Female'),
(94, 98, 'Danny', 'Antoine', 28, 'Male'),
(95, 99, 'Abri', 'Moses', 7, 'Female'),
(96, 99, 'Rebecca', 'Antoine', 33, 'Female'),
(97, 99, 'Micky', 'Moses', 37, 'Male'),
(98, 100, 'nari', 'alexander', 3, 'Female'),
(99, 101, 'Megan', 'Antoine', 8, 'Female'),
(100, 101, 'Dustin', 'Antoine', 5, 'Male'),
(101, 101, 'Dangelo', 'Sean', 28, 'Male'),
(102, 101, 'Xenia ', 'Antoine', 34, 'Female'),
(103, 102, 'Megan', 'Antoine', 2, 'Female'),
(104, 102, 'Delicia', 'Antoine', 28, 'Male'),
(105, 103, 'Paris', 'Jackson', 8, 'Female'),
(106, 103, 'Michael', 'Jackson', 57, 'Male'),
(107, 104, 'Paris', 'Jackson', 8, 'Female'),
(108, 104, 'Michael', 'Jackson', 57, 'Male'),
(109, 105, 'Dangelo JR', 'Antoine', 8, 'Male'),
(110, 105, 'Dangelo', 'Antoine', 28, 'Male'),
(111, 106, 'sean', 'Antoine', 7, 'Male'),
(112, 106, 'Dangelo', 'Antoine', 28, 'Male'),
(113, 107, 'leidel', 'laurent', 24, 'Male'),
(114, 107, 'remydaughter', 'laurent', 14, 'Female'),
(115, 107, 'remyf', 'laurent', 59, 'Male'),
(116, 107, 'remywife', 'Laurent', 46, 'Female'),
(117, 108, 'Diego', 'Antoine', 29, 'Male'),
(118, 108, 'Meg', 'Antoine', 5, 'Female'),
(119, 109, 'Jah Kai', 'Francis', 10, 'Male'),
(120, 109, 'Iverton', 'Francis ', 15, 'Male'),
(121, 109, 'VIncent', 'Francis', 41, 'Male'),
(122, 109, 'Imana', 'Francis', 37, 'Female'),
(123, 111, 'Dangelo', 'Antoine', 8, 'Male'),
(124, 111, 'Dangelo', 'Antoine', 28, 'Male'),
(125, 112, 'Joceline Doyen', 'Antoine', 8, 'Female'),
(126, 112, 'Dangelo', 'Antoine', 28, 'Male'),
(127, 113, 'Joceline Doyen', 'Antoine', 8, 'Female'),
(128, 113, 'Dangelo', 'Antoine', 52, 'Male'),
(129, 114, 'Joceline Doyen', 'Antoine', 8, 'Male'),
(130, 114, 'Dangelo', 'Antoine', 52, 'Male'),
(131, 115, 'Joceline Doyen', 'Antoine', 8, 'Male'),
(132, 115, 'Dangelo', 'Antoine', 52, 'Male'),
(133, 116, 'Joceline Doyen', 'Antoine', 8, 'Female'),
(134, 116, 'Dangelo', 'Antoine', 28, 'Female'),
(135, 119, 'Dangelo', 'Antoine', 7, 'Male'),
(136, 119, 'Dangelo', 'Antoine', 52, 'Male'),
(137, 120, 'Dangelo', 'Antoine', 7, 'Male'),
(138, 120, 'Marsha', 'Horsford', 28, 'Female'),
(139, 121, 'Dangelo', 'Antoine', 7, 'Male'),
(140, 121, 'Marsha', 'Horsford', 28, 'Female'),
(141, 122, 'Dangelo', 'Antoine', 7, 'Male'),
(142, 122, 'Marsha', 'Horsford', 28, 'Female'),
(143, 123, 'Dangelo', 'Antoine', 7, 'Male'),
(144, 123, 'Marsha', 'Horsford', 28, 'Female'),
(145, 124, 'Dangelo', 'Antoine', 7, 'Male'),
(146, 124, 'Marsha', 'Horsford', 28, 'Female'),
(147, 125, 'Joceline Doyen', 'Horsford', 3, 'Female'),
(148, 125, 'Marsha', 'Horsford', 26, 'Female'),
(149, 127, 'xenia', 'Antoine', 5, 'Female'),
(150, 127, 'Dangelo', 'Antoine', 52, 'Male'),
(151, 128, 'xenia', 'Antoine', 5, 'Female'),
(152, 128, 'Dangelo', 'Antoine', 52, 'Male'),
(153, 129, 'Samuel', 'Antoine', 2, 'Male'),
(154, 129, 'Angelo', 'Antoine', 21, 'Male'),
(155, 130, 'Samuel', 'Antoine', 2, 'Male'),
(156, 130, 'Angelo', 'Antoine', 21, 'Male'),
(157, 131, 'Samuel', 'Antoine', 2, 'Male'),
(158, 131, 'Angelo', 'Antoine', 21, 'Male'),
(159, 132, 'samule', 'Antoine', 3, 'Male'),
(160, 132, 'Angelo', 'Antoine', 52, 'Male'),
(161, 133, 'samule', 'Antoine', 3, 'Male'),
(162, 133, 'Angelo', 'Antoine', 52, 'Male'),
(163, 134, 'samule', 'Antoine', 3, 'Male'),
(164, 134, 'Angelo', 'Antoine', 52, 'Male'),
(165, 135, 'samule', 'Antoine', 3, 'Male'),
(166, 135, 'Angelo', 'Antoine', 52, 'Male'),
(167, 136, 'Samuel', 'Antoine', 8, 'Male'),
(168, 136, 'Dangelo', 'Antoine', 52, 'Male'),
(169, 137, 'Dangelo', 'Antoine', 7, 'Male'),
(170, 137, 'Dangelo', 'Antoine', 52, 'Male'),
(171, 138, 'Dangelo', 'Antoine', 7, 'Male'),
(172, 138, 'Dangelo', 'Antoine', 52, 'Male'),
(173, 139, 'Dangelo', 'Antoine', 7, 'Male'),
(174, 139, 'Dangelo', 'Antoine', 52, 'Male'),
(175, 140, 'Dangelo', 'Antoine', 7, 'Male'),
(176, 140, 'Dangelo', 'Antoine', 52, 'Male'),
(177, 141, 'Dangelo', 'Antoine', 7, 'Male'),
(178, 141, 'Dangelo', 'Antoine', 52, 'Male'),
(179, 142, 'Dangelo', 'Antoine', 7, 'Male'),
(180, 142, 'Dangelo', 'Antoine', 52, 'Male'),
(181, 143, 'Dangelo', 'Antoine', 7, 'Male'),
(182, 143, 'Dangelo', 'Antoine', 52, 'Male'),
(183, 144, 'Dangelo', 'Antoine', 7, 'Male'),
(184, 144, 'Dangelo', 'Antoine', 52, 'Male'),
(185, 146, 'Joceline Doyen', 'Doyen-Antoine', 8, 'Female'),
(186, 146, 'Dangelo', 'Antoine', 52, 'Male'),
(187, 147, 'Joceline Doyen', 'Doyen-Antoine', 8, 'Female'),
(188, 147, 'Dangelo', 'Antoine', 52, 'Male'),
(189, 148, 'Joceline Doyen', 'Doyen-Antoine', 8, 'Female'),
(190, 148, 'Dangelo', 'Antoine', 52, 'Male'),
(191, 149, 'Joceline Doyen', 'Doyen-Antoine', 8, 'Female'),
(192, 149, 'Dangelo', 'Antoine', 52, 'Male'),
(193, 150, 'Joceline Doyen', 'Antoine', 8, 'Male'),
(194, 150, 'Dangelo', 'Antoine', 52, 'Male'),
(195, 154, 'Joceline Doyen', 'Antoine', 8, 'Female'),
(196, 154, 'Dangelo', 'Antoine', 52, 'Male'),
(197, 155, 'Joceline Doyen', 'Antoine', 8, 'Female'),
(198, 155, 'Dangelo', 'Antoine', 52, 'Male'),
(199, 156, 'Matthew', 'Antoine', 7, 'Male'),
(200, 156, 'Dangelo', 'Antoine', 52, 'Male'),
(201, 159, 'Matthew', 'Antoine', 7, 'Male'),
(202, 159, 'Dangelo', 'Antoine', 52, 'Male'),
(203, 160, 'Matthew', 'Antoine', 7, 'Male'),
(204, 160, 'Dangelo', 'Antoine', 52, 'Male'),
(205, 186, 'Jah Kai', 'Francis', 8, 'Male'),
(206, 186, 'VIncent', 'Francis', 42, 'Male'),
(207, 187, 'Jah Kai', 'Francis', 8, 'Male'),
(208, 187, 'Vincent ', 'Francis', 42, 'Male'),
(209, 188, 'Jah Kai', 'Francis', 8, 'Male'),
(210, 188, 'Vincent ', 'Francis', 42, 'Male'),
(211, 189, 'Jah Kai', 'Francis', 8, 'Male'),
(212, 189, 'Vincent ', 'Francis', 42, 'Male'),
(213, 190, 'Jah Kai', 'Francis', 8, 'Male'),
(214, 190, 'Vincent ', 'Francis', 42, 'Male'),
(215, 191, 'Jah Kai', 'Francis', 8, 'Male'),
(216, 191, 'Vincent ', 'Francis', 42, 'Male'),
(217, 192, 'Jah Kai', 'Francis', 8, 'Male'),
(218, 192, 'Vincent ', 'Francis', 42, 'Male'),
(219, 193, 'Jah Kai', 'Francis', 8, 'Male'),
(220, 193, 'Vincent ', 'Francis', 42, 'Male'),
(221, 194, 'Jah Kai', 'Francis', 8, 'Male'),
(222, 194, 'Vincent ', 'Francis', 42, 'Male'),
(223, 195, 'Jah Kai', 'Francis', 8, 'Male'),
(224, 195, 'Vincent ', 'Francis', 42, 'Male'),
(225, 196, 'Jah Kai', 'Francis', 8, 'Male'),
(226, 196, 'Vincent ', 'Francis', 42, 'Male'),
(227, 197, 'Jah Kai', 'Francis', 8, 'Male'),
(228, 197, 'Vincent ', 'Francis', 42, 'Male'),
(229, 198, 'Jah Kai', 'Francis', 8, 'Male'),
(230, 198, 'Vincent ', 'Francis', 42, 'Male'),
(231, 210, 'Diego', 'Antoine', 8, 'Male'),
(232, 210, 'Martinique', 'Antoine', 28, 'Male'),
(233, 211, 'Diego', 'Antoine', 8, 'Male'),
(234, 211, 'Martinique', 'Antoine', 28, 'Male'),
(235, 212, 'Dangelo ', 'Stoute', 9, 'Male'),
(236, 212, 'Martinique', 'Antoine', 28, 'Male'),
(237, 213, 'Dangelo ', 'Stoute', 9, 'Male'),
(238, 213, 'Martinique', 'Antoine', 28, 'Male'),
(239, 214, 'Dangelo', 'Stoute', 9, 'Male'),
(240, 214, 'Martinique', 'Antoine', 28, 'Male'),
(241, 215, 'Dangelo', 'Stoute', 9, 'Male'),
(242, 215, 'Martinique', 'Antoine', 28, 'Male'),
(243, 216, 'Dangelo', 'Stoute', 9, 'Male'),
(244, 216, 'Martinique', 'Antoine', 28, 'Male'),
(245, 217, 'Dangelo', 'Stoute', 9, 'Male'),
(246, 217, 'Martinique', 'Antoine', 28, 'Male'),
(247, 218, 'Dangelo', 'Stoute', 9, 'Male'),
(248, 218, 'Martinique', 'Antoine', 28, 'Male'),
(249, 219, 'Dangelo', 'Stoute', 9, 'Male'),
(250, 219, 'Martinique', 'Antoine', 28, 'Male'),
(251, 220, 'Dangelo', 'Stoute', 9, 'Male'),
(252, 220, 'Martinique', 'Antoine', 28, 'Male'),
(253, 221, 'Dangelo', 'Stoute', 9, 'Male'),
(254, 221, 'Martinique', 'Antoine', 28, 'Male'),
(255, 222, 'Dangelo', 'Stoute', 9, 'Male'),
(256, 222, 'Martinique', 'Antoine', 28, 'Male'),
(257, 223, 'Dangelo', 'Stoute', 9, 'Male'),
(258, 223, 'Martinique', 'Antoine', 28, 'Male'),
(259, 246, 'Dangelo', 'Antoine', 8, 'Male'),
(260, 246, 'Martinique', 'Antoine', 52, 'Male'),
(261, 247, 'Dangelo', 'Antoine', 8, 'Male'),
(262, 247, 'Martinique', 'Antoine', 52, 'Male'),
(263, 248, 'Dangelo', 'Antoine', 8, 'Male'),
(264, 248, 'Trinidad', 'James', 47, 'Male'),
(265, 249, 'Dangelo', 'Antoine', 8, 'Male'),
(266, 249, 'Trinidad', 'James', 47, 'Male'),
(267, 250, 'Dangelo', 'Antoine', 8, 'Male'),
(268, 250, 'Trinidad', 'James', 87, 'Male'),
(269, 251, 'Brits ', 'Antoine', 28, 'Female'),
(270, 251, 'peter', 'Antoine', 67, 'Male'),
(271, 252, 'Brits ', 'Antoine', 28, 'Female'),
(272, 252, 'peter', 'Antoine', 67, 'Male'),
(273, 253, 'Brits ', 'Antoine', 28, 'Female'),
(274, 253, 'peter', 'Antoine', 67, 'Male'),
(275, 260, 'Green', 'Antoine', 30, 'Male'),
(276, 260, 'Partick', 'Antoine', 63, 'Male'),
(277, 261, 'Green', 'Antoine', 30, 'Male'),
(278, 261, 'Partick', 'Antoine', 63, 'Male'),
(279, 262, 'Green', 'Antoine', 30, 'Male'),
(280, 262, 'Partick', 'Antoine', 63, 'Male'),
(281, 263, 'Green', 'Antoine', 30, 'Male'),
(282, 263, 'Partick', 'Antoine', 63, 'Male'),
(283, 264, 'Green', 'Antoine', 30, 'Male'),
(284, 264, 'Partick', 'Antoine', 63, 'Male'),
(285, 265, 'Green', 'Antoine', 30, 'Male'),
(286, 265, 'Partick', 'Antoine', 63, 'Male'),
(287, 266, 'Green', 'Antoine', 30, 'Male'),
(288, 266, 'Partick', 'Antoine', 63, 'Male'),
(289, 267, 'Green', 'Antoine', 30, 'Male'),
(290, 267, 'Partick', 'Antoine', 63, 'Male'),
(291, 268, 'Green', 'Antoine', 30, 'Male'),
(292, 268, 'Partick', 'Antoine', 63, 'Male'),
(293, 269, 'Green', 'Antoine', 30, 'Male'),
(294, 269, 'Partick', 'Antoine', 63, 'Male'),
(295, 270, 'Green', 'Antoine', 30, 'Male'),
(296, 270, 'Partick', 'Antoine', 63, 'Male'),
(297, 271, 'Green', 'Antoine', 30, 'Male'),
(298, 271, 'Partick', 'Antoine', 63, 'Male'),
(299, 272, 'Green', 'Antoine', 30, 'Male'),
(300, 272, 'Partick', 'Antoine', 63, 'Male'),
(301, 273, 'Green', 'Antoine', 30, 'Male'),
(302, 273, 'Partick', 'Antoine', 63, 'Male'),
(303, 274, 'Green', 'Antoine', 30, 'Male'),
(304, 274, 'Partick', 'Antoine', 63, 'Male'),
(305, 275, 'Green', 'Antoine', 30, 'Male'),
(306, 275, 'Partick', 'Antoine', 63, 'Male'),
(307, 276, 'Partick', 'Antoine', 63, 'Male'),
(308, 277, 'Partick', 'Antoine', 63, 'Male'),
(309, 278, 'Partick', 'Antoine', 63, 'Male'),
(310, 279, 'Partick', 'Antoine', 63, 'Male'),
(311, 280, 'Partick', 'Antoine', 63, 'Male'),
(312, 281, 'Partick', 'Antoine', 63, 'Male'),
(313, 282, 'Partick', 'Antoine', 63, 'Male'),
(314, 283, 'Patrick ', 'Antoine', 63, 'Male'),
(315, 284, 'Patrick ', 'Antoine', 63, 'Male'),
(316, 285, 'Patrick ', 'Antoine', 63, 'Male'),
(317, 286, 'Partick', 'Antoine', 63, 'Male'),
(318, 287, 'Partick', 'Antoine', 63, 'Male'),
(319, 293, 'Green', 'Antoine', 10, 'Male'),
(320, 293, 'Partick', 'Antoine', 63, 'Male'),
(321, 294, 'Green', 'Antoine', 10, 'Male'),
(322, 294, 'Partick', 'Antoine', 63, 'Male'),
(323, 295, 'Green', 'Antoine', 10, 'Male'),
(324, 295, 'Partick', 'Antoine', 63, 'Male'),
(325, 296, 'Green', 'Antoine', 10, 'Male'),
(326, 296, 'Partick', 'Antoine', 63, 'Male'),
(327, 297, 'Green', 'Antoine', 10, 'Male'),
(328, 297, 'Partick', 'Antoine', 63, 'Male'),
(329, 298, 'Green', 'Antoine', 10, 'Male'),
(330, 298, 'Partick', 'Antoine', 63, 'Male'),
(331, 299, 'Green', 'Antoine', 10, 'Male'),
(332, 299, 'Partick', 'Antoine', 63, 'Male'),
(333, 300, 'Green', 'Antoine', 10, 'Male'),
(334, 300, 'Partick', 'Antoine', 63, 'Male'),
(335, 301, 'Green', 'Antoine', 10, 'Male'),
(336, 301, 'Partick', 'Antoine', 63, 'Male'),
(337, 302, 'Green', 'Antoine', 10, 'Male'),
(338, 302, 'Partick', 'Antoine', 63, 'Male'),
(339, 303, 'Green', 'Antoine', 10, 'Male'),
(340, 303, 'Partick', 'Antoine', 63, 'Male'),
(341, 304, 'Green', 'Antoine', 10, 'Male'),
(342, 304, 'Partick', 'Antoine', 63, 'Male'),
(343, 305, 'Green', 'Antoine', 10, 'Male'),
(344, 305, 'Partick', 'Antoine', 63, 'Male'),
(345, 306, 'Green', 'Antoine', 10, 'Male'),
(346, 306, 'Partick', 'Antoine', 63, 'Male'),
(347, 307, 'Green', 'Antoine', 10, 'Male'),
(348, 307, 'Partick', 'Antoine', 63, 'Male'),
(349, 308, 'Green', 'Antoine', 10, 'Male'),
(350, 308, 'Partick', 'Antoine', 63, 'Male'),
(351, 310, '', '', 8, 'Male'),
(352, 310, 'Dangelo', 'Antoine', 28, 'Male'),
(353, 311, '', '', 8, 'Male'),
(354, 311, 'Dangelo', 'Antoine', 28, 'Male'),
(355, 312, '', '', 8, 'Male'),
(356, 312, 'Dangelo', 'Antoine', 28, 'Male'),
(357, 313, '', '', 8, 'Male'),
(358, 313, 'Dangelo', 'Antoine', 28, 'Male'),
(359, 314, '', '', 8, 'Male'),
(360, 314, 'Dangelo', 'Antoine', 28, 'Male'),
(361, 315, '', '', 8, 'Male'),
(362, 315, 'Dangelo', 'Antoine', 28, 'Male'),
(363, 316, '', '', 8, 'Male'),
(364, 316, 'Dangelo', 'Antoine', 28, 'Male'),
(365, 317, 'Jah Kai', 'Francis', 8, 'Male'),
(366, 317, 'Tavo', 'Francis', 41, 'Male'),
(367, 318, 'Jah Kai', 'Francis', 8, 'Male'),
(368, 318, 'Tavo', 'Francis', 41, 'Male'),
(369, 319, 'Jah Kai', 'Francis', 8, 'Male'),
(370, 319, 'Tavo', 'Francis', 41, 'Male'),
(371, 320, 'Jah Kai', 'Francis', 8, 'Male'),
(372, 320, 'Tavo', 'Francis', 41, 'Male'),
(373, 321, 'Gia', 'Baron', 8, 'Female'),
(374, 321, 'Skyler', 'Baron', 14, 'Male'),
(375, 321, 'Charlie', 'Baron', 36, 'Male'),
(376, 321, 'Lisa', 'whatever', 32, 'Female'),
(377, 322, 'Gia', 'Baron', 8, 'Female'),
(378, 322, 'Skyler', 'Baron', 14, 'Male'),
(379, 322, 'Charlie', 'Baron', 36, 'Male'),
(380, 322, 'Lisa', 'whatever', 32, 'Female'),
(381, 325, 'Saphina', 'Francis', 5, 'Female'),
(382, 325, 'Denise ', 'Francis', 34, 'Female'),
(383, 326, 'Saphina', 'Francis', 5, 'Female'),
(384, 326, 'Denise ', 'Francis', 34, 'Female'),
(385, 327, 'Saphina', 'Francis', 5, 'Female'),
(386, 327, 'Denise ', 'Francis', 34, 'Female'),
(387, 328, 'Saphina', 'Francis', 5, 'Female'),
(388, 328, 'Denise ', 'Francis', 37, 'Female'),
(389, 329, 'Dangelo', 'Antoine', 28, 'Male'),
(390, 330, 'Dangelo', 'Antoine', 28, 'Male'),
(391, 331, 'Dangelo', 'Antoine', 28, 'Male'),
(392, 332, 'Dangelo', 'Antoine', 28, 'Male'),
(393, 334, 'Japheth', 'Corrette', 29, 'Male'),
(394, 335, 'Japheth', 'Corrette', 29, 'Male'),
(395, 336, 'Japheth', 'Corrette', 29, 'Male'),
(396, 337, 'Japheth', 'Corrette', 29, 'Male'),
(397, 338, 'Japheth', 'Corrette', 29, 'Male'),
(398, 339, 'Japheth', 'Corrette', 29, 'Male'),
(399, 340, 'Japheth', 'Corrette', 29, 'Male'),
(400, 341, 'Japheth', 'Corrette', 29, 'Male'),
(401, 342, 'Gidion', 'Corriette', 32, 'Male'),
(402, 343, 'Gidion', 'Corriette', 32, 'Male');

-- --------------------------------------------------------

--
-- Table structure for table `fullfillmentcases`
--

CREATE TABLE `fullfillmentcases` (
  `id` int(11) NOT NULL,
  `family_id` int(11) NOT NULL,
  `firstname` varchar(20) NOT NULL,
  `lastname` varchar(20) NOT NULL,
  `receivedDate` datetime NOT NULL,
  `MoveInDate` datetime NOT NULL,
  `daterequested` datetime NOT NULL COMMENT 'date when order was first place \r\n',
  `approval_date` datetime NOT NULL COMMENT 'date of approval'
) ENGINE=InnoDB DEFAULT CHARSET=utf8 COLLATE=utf8_general_ci;

--
-- Dumping data for table `fullfillmentcases`
--

INSERT INTO `fullfillmentcases` (`id`, `family_id`, `firstname`, `lastname`, `receivedDate`, `MoveInDate`, `daterequested`, `approval_date`) VALUES
(3, 86, 'Dangelo', 'Antoine', '0000-00-00 00:00:00', '0000-00-00 00:00:00', '2023-03-27 21:56:51', '2023-07-17 22:26:09'),
(4, 88, 'Ashford', 'Daniel', '0000-00-00 00:00:00', '0000-00-00 00:00:00', '2023-03-30 20:33:14', '2023-07-17 22:32:21'),
(13, 92, 'Nickson', 'Baron', '0000-00-00 00:00:00', '0000-00-00 00:00:00', '2023-04-12 21:46:00', '2023-07-21 17:23:43'),
(14, 101, 'Dangelo', 'Sean', '0000-00-00 00:00:00', '0000-00-00 00:00:00', '2023-06-17 09:16:43', '2023-07-28 21:49:58'),
(15, 97, 'Heidi', 'Antoine', '0000-00-00 00:00:00', '0000-00-00 00:00:00', '2023-04-28 22:22:36', '2023-07-29 21:41:55'),
(16, 106, 'Dangelo', 'Antoine', '0000-00-00 00:00:00', '0000-00-00 00:00:00', '2023-08-20 12:23:52', '2023-08-20 12:27:41'),
(17, 107, 'Remy', 'Laurent', '0000-00-00 00:00:00', '0000-00-00 00:00:00', '2023-10-06 22:31:26', '2023-10-06 22:42:56');

-- --------------------------------------------------------

--
-- Table structure for table `inventory`
--

CREATE TABLE `inventory` (
  `id` int(11) NOT NULL,
  `qty` int(11) NOT NULL,
  `avaliability` varchar(25) NOT NULL,
  `note` text DEFAULT NULL,
  `sku` text DEFAULT NULL,
  `product_category` varchar(20) NOT NULL,
  `product_type` varchar(20) NOT NULL,
  `product_description` text NOT NULL,
  `product_name` varchar(40) NOT NULL,
  `monetary_value` decimal(8,2) NOT NULL,
  `donated_value` decimal(8,2) NOT NULL,
  `created_at` date NOT NULL,
  `updated_at` date NOT NULL
) ENGINE=InnoDB DEFAULT CHARSET=utf8 COLLATE=utf8_general_ci;

--
-- Dumping data for table `inventory`
--

INSERT INTO `inventory` (`id`, `qty`, `avaliability`, `note`, `sku`, `product_category`, `product_type`, `product_description`, `product_name`, `monetary_value`, `donated_value`, `created_at`, `updated_at`) VALUES
(1, 3, 'Active', 'Something', 'Queen-size-matress-1', 'Bedroom', 'Matress', 'Brown Queen Size Matress', 'Denver Matress Queen Size', '4000.00', '0.00', '2023-09-19', '2023-09-19'),
(2, 3, 'Active', NULL, 'Twin-black-matress-1', 'bedroom', 'Matress', 'Twin Size Matress Denver', 'Denver Twin Size Mattress', '4000.00', '0.00', '2023-09-20', '2023-09-20'),
(3, 1, 'Active', NULL, 'denve-tall--bed-lam-', 'bedroom', 'LAMP', 'TALL WHITE LAMP', 'Denver Lamp', '30.00', '20.00', '2023-09-24', '2023-09-24'),
(4, 2, 'Active', NULL, 'kenzi-high--kit-blen-', 'kitchen', 'Blender', 'high speed blender', 'Kenzi Blender', '50.00', '30.00', '2023-09-24', '2023-09-24'),
(5, 1, 'Active', NULL, 'court-mid-s-kit-blen-5', 'kitchen', 'Blender', 'mid speed blender', 'Courts Blender', '30.00', '20.00', '2023-09-24', '2023-09-24'),
(6, 3, 'Active', NULL, 'denve-king--bed-matr-6', 'bedroom', 'Matress', 'King Size Matress Denver', 'Denver King Size Mattress', '5000.00', '1000.00', '2023-09-25', '2023-09-25');

-- --------------------------------------------------------

--
-- Table structure for table `kitchen`
--

CREATE TABLE `kitchen` (
  `id` int(11) NOT NULL,
  `kitchen_item` varchar(19) DEFAULT NULL
) ENGINE=InnoDB DEFAULT CHARSET=utf8 COLLATE=utf8_general_ci;

--
-- Dumping data for table `kitchen`
--

INSERT INTO `kitchen` (`id`, `kitchen_item`) VALUES
(1, 'Table'),
(2, 'Chairs'),
(3, 'Bar Stool'),
(4, 'Pan Set'),
(5, 'Dish Set (4)'),
(6, 'Music Kit box'),
(7, 'Xtra Kit items');

-- --------------------------------------------------------

--
-- Table structure for table `livingroom`
--

CREATE TABLE `livingroom` (
  `id` int(11) NOT NULL,
  `livingroom_item` varchar(19) DEFAULT NULL
) ENGINE=InnoDB DEFAULT CHARSET=utf8 COLLATE=utf8_general_ci;

--
-- Dumping data for table `livingroom`
--

INSERT INTO `livingroom` (`id`, `livingroom_item`) VALUES
(1, 'Couch'),
(2, 'Loveseat'),
(3, 'LR Chair'),
(4, 'Recliner'),
(5, 'Rocker'),
(6, 'End tbl/coffee'),
(7, 'Book Case'),
(8, 'Desk'),
(9, 'TV stand');

-- --------------------------------------------------------

--
-- Table structure for table `migrations`
--

CREATE TABLE `migrations` (
  `id` int(10) UNSIGNED NOT NULL,
  `migration` varchar(255) NOT NULL,
  `batch` int(11) NOT NULL
) ENGINE=InnoDB DEFAULT CHARSET=utf8mb4 COLLATE=utf8mb4_unicode_ci;

--
-- Dumping data for table `migrations`
--

INSERT INTO `migrations` (`id`, `migration`, `batch`) VALUES
(10, '2014_10_12_000000_create_users_table', 1),
(11, '2014_10_12_100000_create_password_resets_table', 2),
(12, '2019_08_19_000000_create_failed_jobs_table', 2),
(13, '2019_12_14_000001_create_personal_access_tokens_table', 2);

-- --------------------------------------------------------

--
-- Table structure for table `miscellaneous`
--

CREATE TABLE `miscellaneous` (
  `id` int(11) NOT NULL,
  `misc_item` varchar(19) DEFAULT NULL
) ENGINE=InnoDB DEFAULT CHARSET=utf8 COLLATE=utf8_general_ci;

--
-- Dumping data for table `miscellaneous`
--

INSERT INTO `miscellaneous` (`id`, `misc_item`) VALUES
(1, 'Lamp'),
(2, 'Lg Rug'),
(3, 'Sm Rug'),
(4, 'TV Tray'),
(5, 'Folding table'),
(6, 'Folding chair');

-- --------------------------------------------------------

--
-- Table structure for table `notes`
--

CREATE TABLE `notes` (
  `note_id` int(11) NOT NULL,
  `note` text DEFAULT NULL,
  `posted_by` varchar(50) NOT NULL,
  `updated_at` date NOT NULL,
  `created_at` date NOT NULL,
  `family_id` int(11) NOT NULL
) ENGINE=InnoDB DEFAULT CHARSET=utf8 COLLATE=utf8_general_ci;

--
-- Dumping data for table `notes`
--

INSERT INTO `notes` (`note_id`, `note`, `posted_by`, `updated_at`, `created_at`, `family_id`) VALUES
(11, 'this note was edited now it is something new Lottie Antoine\'s family ID 96 test edited hh', '', '2023-09-24', '2023-05-08', 96),
(13, 'testing on Heidi fam ID 97 venteedda id 50 edited', '', '2023-05-26', '2023-05-08', 97),
(17, 'lolkok black rev', '', '2023-05-23', '2023-05-09', 94),
(19, 'Nickson Baron family id 92', '', '2023-05-10', '2023-05-10', 92),
(20, 'Dustin Antoine family ID 89', '', '2023-05-10', '2023-05-10', 89),
(21, 'Ashford Daniel Family Id 88', '', '2023-05-10', '2023-05-10', 88),
(25, 'a different setting has a note_id 25 and family_id 86', '', '2023-05-25', '2023-05-11', 86),
(29, 'just testing ashford notes', '', '2023-05-17', '2023-05-17', 88),
(47, 'did this work has a note id of 47 and familt id 86 this is an edited note', '', '2023-05-25', '2023-05-20', 86),
(50, 'testing on Heidi fam ID 97', '', '2023-05-20', '2023-05-20', 97),
(54, 'lolkok', '', '2023-05-22', '2023-05-22', 94),
(56, 'This is Rizza Munandar family id 87 note id 56 this was edited', '', '2023-05-25', '2023-05-23', 87),
(57, 'this is a second note on rizza table note id 57 this also edited', '', '2023-05-25', '2023-05-23', 87),
(59, 'this note ID is 59', '', '2023-05-26', '2023-05-25', 96),
(65, 'we have 1 more task to complete on this section.\r\n\r\n1. complete case\r\n\r\nthis note was updated', 'Danny971', '2023-07-07', '2023-06-01', 98),
(66, 'this note was posted by AshDanO tesing edited by admin', 'AshDanO', '2023-06-03', '2023-06-03', 98),
(68, 'for update inventory section \r\n\r\n1. have a unique number for each product \r\n2. Make sure it is based on  category for example living room would be LR - 0004\r\nkitchen would be Kit- 0056 and so forth\r\n\r\nwork on thus', 'Danny971', '2023-06-17', '2023-06-03', 98),
(73, 'Dont foregt Javascript validation for the profile section', 'AshDanO', '2023-07-07', '2023-07-07', 87),
(75, '63', 'AshDanO', '2023-07-21', '2023-07-21', 89),
(76, 'testing', 'AshDanO', '2023-07-23', '2023-07-23', 94),
(79, 'test', 'AshDanO', '2023-08-10', '2023-08-10', 104),
(86, 'CALL DA', 'AshDanO', '2023-12-28', '2023-12-28', 111);

-- --------------------------------------------------------

--
-- Table structure for table `password_resets`
--

CREATE TABLE `password_resets` (
  `email` varchar(255) NOT NULL,
  `token` varchar(255) NOT NULL,
  `created_at` timestamp NULL DEFAULT NULL
) ENGINE=InnoDB DEFAULT CHARSET=utf8mb4 COLLATE=utf8mb4_unicode_ci;

-- --------------------------------------------------------

--
-- Table structure for table `pendingcase`
--

CREATE TABLE `pendingcase` (
  `id` int(11) NOT NULL,
  `family_id` int(11) NOT NULL,
  `firstname` varchar(20) NOT NULL,
  `lastname` varchar(20) NOT NULL,
  `daterequested` datetime NOT NULL,
  `receivedDate` datetime NOT NULL,
  `MoveInDate` datetime NOT NULL
) ENGINE=InnoDB DEFAULT CHARSET=utf8 COLLATE=utf8_general_ci;

--
-- Dumping data for table `pendingcase`
--

INSERT INTO `pendingcase` (`id`, `family_id`, `firstname`, `lastname`, `daterequested`, `receivedDate`, `MoveInDate`) VALUES
(9, 96, 'lootie', 'Antoine', '2023-04-12 23:03:16', '2023-12-01 00:00:00', '0000-00-00 00:00:00'),
(11, 98, 'Danny', 'Antoine', '2021-05-26 13:57:28', '2023-12-01 00:00:00', '0000-00-00 00:00:00'),
(16, 103, 'Michael', 'Jackson', '2023-08-07 22:00:24', '2023-12-01 00:00:00', '0000-00-00 00:00:00'),
(17, 104, 'Michael', 'Jackson', '2022-08-07 22:00:24', '2023-12-01 00:00:00', '0000-00-00 00:00:00'),
(18, 105, 'Dangelo', 'Antoine', '2024-08-20 12:15:55', '2023-12-01 00:00:00', '0000-00-00 00:00:00'),
(21, 108, 'Diego', 'Antoine', '2023-12-10 20:37:32', '2023-12-01 00:00:00', '0000-00-00 00:00:00'),
(27, 125, 'Marsha', 'Horsford', '2023-12-31 12:41:57', '2023-11-08 00:00:00', '2024-01-02 00:00:00'),
(31, 247, 'Martinique', 'Antoine', '2024-01-07 15:15:22', '2023-11-08 00:00:00', '2024-01-02 00:00:00'),
(34, 250, 'Trinidad', 'James', '2024-01-07 16:50:05', '2023-11-08 00:00:00', '2024-01-02 00:00:00'),
(35, 259, 'peter', 'Antoine', '2024-01-11 16:03:17', '2023-11-08 00:00:00', '2024-01-02 00:00:00'),
(37, 316, 'Patrick', 'Antoine', '2024-01-20 16:17:49', '2023-11-08 00:00:00', '2024-01-02 00:00:00'),
(38, 320, 'Tavo', 'Francis', '2024-01-20 16:24:42', '2023-11-08 00:00:00', '2024-01-02 00:00:00'),
(39, 322, 'Charlie', 'Baron', '2024-01-20 16:41:40', '2023-11-08 00:00:00', '2024-01-02 00:00:00'),
(40, 341, 'Japheth', 'Corriette', '2024-01-28 15:29:40', '2023-11-08 00:00:00', '2024-01-02 00:00:00');

-- --------------------------------------------------------

--
-- Table structure for table `personal_access_tokens`
--

CREATE TABLE `personal_access_tokens` (
  `id` bigint(20) UNSIGNED NOT NULL,
  `tokenable_type` varchar(255) NOT NULL,
  `tokenable_id` bigint(20) UNSIGNED NOT NULL,
  `name` varchar(255) NOT NULL,
  `token` varchar(64) NOT NULL,
  `abilities` text DEFAULT NULL,
  `last_used_at` timestamp NULL DEFAULT NULL,
  `expires_at` timestamp NULL DEFAULT NULL,
  `created_at` timestamp NULL DEFAULT NULL,
  `updated_at` timestamp NULL DEFAULT NULL
) ENGINE=InnoDB DEFAULT CHARSET=utf8mb4 COLLATE=utf8mb4_unicode_ci;

-- --------------------------------------------------------

--
-- Table structure for table `received`
--

CREATE TABLE `received` (
  `id` int(11) NOT NULL,
  `reev` int(11) NOT NULL,
  `requestedItem` varchar(22) NOT NULL,
  `requestorder_id` int(11) DEFAULT NULL,
  `family_id` int(11) NOT NULL
) ENGINE=InnoDB DEFAULT CHARSET=utf8 COLLATE=utf8_general_ci;

--
-- Dumping data for table `received`
--

INSERT INTO `received` (`id`, `reev`, `requestedItem`, `requestorder_id`, `family_id`) VALUES
(1, 78, 'Towel Set', 68, 88),
(2, 99, 'Hangers', 69, 88),
(5, 4, 'Towel Set', 71, 89),
(6, 100, 'Shower Curtain', 87, 101),
(7, 89, 'Trash Can', 88, 101),
(8, 0, 'Towel Set', 79, 97),
(9, 0, 'Shower Curtain', 80, 97),
(10, 0, 'Towel Set', 68, 88),
(11, 0, 'Hangers', 69, 88),
(12, 0, 'Towel Set', 68, 88),
(13, 0, 'Hangers', 69, 88),
(14, 0, 'Towel Set', 68, 88),
(15, 0, 'Hangers', 69, 88),
(16, 87, 'Towel Set', 71, 89),
(17, 0, 'Towel Set', 68, 88),
(18, 0, 'Hangers', 69, 88),
(19, 0, 'Towel Set', 68, 88),
(20, 0, 'Hangers', 69, 88),
(21, 0, 'Towel Set', 71, 89),
(22, 0, 'Trash Can', 75, 94),
(23, 0, 'Shower Curtain', 82, 98),
(24, 0, 'Shower Curtain', 82, 98),
(25, 0, 'Shower Curtain', 82, 98),
(26, 0, 'Shower Curtain', 82, 98),
(27, 0, 'Shower Curtain', 82, 98),
(28, 0, 'Shower Curtain', 82, 98),
(29, 0, 'Shower Curtain', 82, 98),
(30, 0, 'Shower Curtain', 82, 98),
(31, 0, 'Shower Curtain', 82, 98),
(32, 0, 'Trash Can', 77, 96),
(33, 0, 'Shower Curtain', 82, 98),
(34, 3, 'Bath mat', 98, 106),
(35, 4, 'Towel Set', 100, 107),
(36, 4, 'Bath mat', 101, 107),
(37, 0, 'Towel Set', 90, 102);

-- --------------------------------------------------------

--
-- Table structure for table `referrals`
--

CREATE TABLE `referrals` (
  `id` int(11) NOT NULL,
  `referralName` varchar(20) NOT NULL,
  `referal_description` varchar(100) NOT NULL
) ENGINE=InnoDB DEFAULT CHARSET=utf8 COLLATE=utf8_general_ci;

--
-- Dumping data for table `referrals`
--

INSERT INTO `referrals` (`id`, `referralName`, `referal_description`) VALUES
(1, 'D.V', 'Domestic Violence'),
(2, 'D.O.C', 'Department Of Correction'),
(3, 'M.H', 'Mental Health'),
(4, 'V.E.T', 'Veteran'),
(5, 'Reff', 'Refugess');

-- --------------------------------------------------------

--
-- Table structure for table `requestorder`
--

CREATE TABLE `requestorder` (
  `id` int(11) NOT NULL,
  `family_id` int(11) NOT NULL,
  `category` varchar(19) NOT NULL,
  `categoryTotal` int(11) NOT NULL,
  `requestedItem` varchar(19) NOT NULL,
  `amountNeeded` int(11) NOT NULL,
  `daterequested` datetime NOT NULL
) ENGINE=InnoDB DEFAULT CHARSET=utf8 COLLATE=utf8_general_ci;

--
-- Dumping data for table `requestorder`
--

INSERT INTO `requestorder` (`id`, `family_id`, `category`, `categoryTotal`, `requestedItem`, `amountNeeded`, `daterequested`) VALUES
(60, 86, '0', 0, 'bath', 2, '2023-03-27 00:00:00'),
(61, 86, '0', 0, 'Towel Set', 1, '2023-03-27 00:00:00'),
(62, 86, '0', 0, 'Bath mat', 1, '2023-03-27 00:00:00'),
(63, 87, '0', 0, 'bath', 4, '2023-03-29 00:00:00'),
(64, 87, '0', 0, 'Towel Set', 2, '2023-03-29 00:00:00'),
(65, 87, '0', 0, 'Bath mat', 1, '2023-03-29 00:00:00'),
(66, 87, '0', 0, 'Shower Curtain', 1, '2023-03-29 00:00:00'),
(67, 88, '0', 0, 'bath', 5, '2023-03-30 00:00:00'),
(68, 88, '0', 0, 'Towel Set', 2, '2023-03-30 00:00:00'),
(69, 88, '0', 0, 'Hangers', 3, '2023-03-30 00:00:00'),
(70, 89, '0', 0, 'bath', 2, '2023-04-12 00:00:00'),
(71, 89, '0', 0, 'Towel Set', 2, '2023-04-12 00:00:00'),
(72, 92, '0', 0, 'bath', 2, '2023-04-12 00:00:00'),
(73, 92, '0', 0, 'Hangers', 2, '2023-04-12 00:00:00'),
(74, 94, '0', 0, 'bath', 1, '2023-04-12 00:00:00'),
(75, 94, '0', 0, 'Trash Can', 1, '2023-04-12 00:00:00'),
(76, 96, '0', 0, 'bath', 2, '2023-04-12 23:03:16'),
(77, 96, '0', 0, 'Trash Can', 2, '2023-04-12 23:03:16'),
(78, 97, '0', 0, 'bath', 2, '2023-04-28 22:22:36'),
(79, 97, '0', 0, 'Towel Set', 1, '2023-04-28 22:22:36'),
(80, 97, '0', 0, 'Shower Curtain', 1, '2023-04-28 22:22:36'),
(81, 98, '0', 0, 'bath', 2, '2023-05-26 13:57:28'),
(82, 98, '0', 0, 'Shower Curtain', 2, '2023-05-26 13:57:28'),
(86, 101, '0', 0, 'bath', 4, '2023-06-17 09:16:43'),
(87, 101, '0', 0, 'Shower Curtain', 2, '2023-06-17 09:16:43'),
(88, 101, '0', 0, 'Trash Can', 2, '2023-06-17 09:16:43'),
(89, 102, '0', 0, 'bath', 2, '2023-08-07 21:54:27'),
(90, 102, '0', 0, 'Towel Set', 2, '2023-08-07 21:54:27'),
(91, 103, '0', 0, 'bath', 1, '2023-08-07 22:00:24'),
(92, 103, '0', 0, 'Trash Can', 1, '2023-08-07 22:00:24'),
(93, 104, '0', 0, 'bath', 1, '2023-08-07 22:00:24'),
(94, 104, '0', 0, 'Trash Can', 1, '2023-08-07 22:00:24'),
(95, 105, '0', 0, 'bath', 2, '2023-08-20 12:15:55'),
(96, 105, '0', 0, 'Towel Set', 2, '2023-08-20 12:15:55'),
(97, 106, '0', 0, 'bath', 2, '2023-08-20 12:23:52'),
(98, 106, '0', 0, 'Bath mat', 2, '2023-08-20 12:23:52'),
(99, 107, '0', 0, 'bath', 4, '2023-10-06 22:31:26'),
(100, 107, '0', 0, 'Towel Set', 2, '2023-10-06 22:31:26'),
(101, 107, '0', 0, 'Bath mat', 2, '2023-10-06 22:31:26'),
(102, 108, '0', 0, 'bath', 2, '2023-12-10 20:37:32'),
(103, 108, '0', 0, 'Trash Can', 1, '2023-12-10 20:37:32'),
(104, 108, '0', 0, 'Laundry Basket', 1, '2023-12-10 20:37:32'),
(105, 109, '0', 0, 'bath', 4, '2023-12-21 17:53:20'),
(106, 109, '0', 0, 'Shower Curtain', 2, '2023-12-21 17:53:20'),
(107, 109, '0', 0, 'Trash Can', 2, '2023-12-21 17:53:20'),
(108, 111, '0', 0, 'bath', 0, '2023-12-28 19:28:38'),
(109, 112, '0', 0, 'bath', 4, '2023-12-28 19:43:17'),
(110, 112, '0', 0, 'Towel Set', 2, '2023-12-28 19:43:17'),
(111, 112, '0', 0, 'Bath mat', 2, '2023-12-28 19:43:17'),
(112, 113, '0', 0, 'bath', 24, '2023-12-29 09:15:20'),
(113, 113, '0', 0, 'Towel Set', 8, '2023-12-29 09:15:20'),
(114, 113, '0', 0, 'Bath mat', 8, '2023-12-29 09:15:20'),
(115, 113, '0', 0, 'Shower Curtain', 8, '2023-12-29 09:15:20'),
(116, 114, '0', 0, 'bath', 96, '2023-12-29 12:52:37'),
(117, 114, '0', 0, 'Towel Set', 35, '2023-12-29 12:52:37'),
(118, 114, '0', 0, 'Bath mat', 56, '2023-12-29 12:52:37'),
(119, 114, '0', 0, 'Shower Curtain', 5, '2023-12-29 12:52:37'),
(120, 114, '0', 0, 'livingroom', 6, '2023-12-29 12:52:37'),
(121, 114, '0', 0, 'Couch', 3, '2023-12-29 12:52:37'),
(122, 114, '0', 0, 'Loveseat', 2, '2023-12-29 12:52:37'),
(123, 114, '0', 0, 'LR Chair', 1, '2023-12-29 12:52:37'),
(124, 115, '0', 0, 'bath', 96, '2023-12-29 12:54:27'),
(125, 115, '0', 0, 'Towel Set', 35, '2023-12-29 12:54:27'),
(126, 115, '0', 0, 'Bath mat', 56, '2023-12-29 12:54:27'),
(127, 115, '0', 0, 'Shower Curtain', 5, '2023-12-29 12:54:27'),
(128, 115, '0', 0, 'livingroom', 6, '2023-12-29 12:54:27'),
(129, 115, '0', 0, 'Couch', 3, '2023-12-29 12:54:27'),
(130, 115, '0', 0, 'Loveseat', 2, '2023-12-29 12:54:27'),
(131, 115, '0', 0, 'LR Chair', 1, '2023-12-29 12:54:27'),
(132, 116, '0', 0, 'bath', 6, '2023-12-29 12:59:06'),
(133, 116, '0', 0, 'Towel Set', 3, '2023-12-29 12:59:06'),
(134, 116, '0', 0, 'Bath mat', 3, '2023-12-29 12:59:06'),
(135, 116, '0', 0, 'livingroom', 8, '2023-12-29 12:59:06'),
(136, 116, '0', 0, 'Couch', 2, '2023-12-29 12:59:06'),
(137, 116, '0', 0, 'Loveseat', 2, '2023-12-29 12:59:06'),
(138, 116, '0', 0, 'LR Chair', 2, '2023-12-29 12:59:06'),
(139, 116, '0', 0, 'Recliner', 2, '2023-12-29 12:59:06'),
(140, 122, 'BATH', 14, 'Towel Set', 1, '2023-12-31 12:36:53'),
(141, 122, 'BATH', 14, 'Bath mat', 1, '2023-12-31 12:36:53'),
(142, 122, 'BATH', 14, 'Shower Curtain', 2, '2023-12-31 12:36:53'),
(143, 122, 'BATH', 14, 'Trash Can', 1, '2023-12-31 12:36:53'),
(144, 122, 'BATH', 14, 'Laundry Basket', 1, '2023-12-31 12:36:53'),
(145, 122, 'BATH', 14, 'Hangers', 8, '2023-12-31 12:36:53'),
(146, 123, 'BATH', 14, 'Towel Set', 1, '2023-12-31 12:38:04'),
(147, 123, 'BATH', 14, 'Bath mat', 1, '2023-12-31 12:38:04'),
(148, 123, 'BATH', 14, 'Shower Curtain', 2, '2023-12-31 12:38:04'),
(149, 123, 'BATH', 14, 'Trash Can', 1, '2023-12-31 12:38:04'),
(150, 123, 'BATH', 14, 'Laundry Basket', 1, '2023-12-31 12:38:04'),
(151, 123, 'BATH', 14, 'Hangers', 8, '2023-12-31 12:38:04'),
(152, 124, 'BATH', 14, 'Towel Set', 1, '2023-12-31 12:39:48'),
(153, 124, 'BATH', 14, 'Bath mat', 1, '2023-12-31 12:39:48'),
(154, 124, 'BATH', 14, 'Shower Curtain', 2, '2023-12-31 12:39:48'),
(155, 124, 'BATH', 14, 'Trash Can', 1, '2023-12-31 12:39:48'),
(156, 124, 'BATH', 14, 'Laundry Basket', 1, '2023-12-31 12:39:48'),
(157, 124, 'BATH', 14, 'Hangers', 8, '2023-12-31 12:39:48'),
(158, 124, 'LIVINGROOM', 8, 'Couch', 2, '2023-12-31 12:39:48'),
(159, 124, 'LIVINGROOM', 8, 'LR Chair', 2, '2023-12-31 12:39:48'),
(160, 124, 'LIVINGROOM', 8, 'Recliner', 2, '2023-12-31 12:39:48'),
(161, 124, 'LIVINGROOM', 8, 'Rocker', 2, '2023-12-31 12:39:48'),
(162, 125, 'BATH', 15, 'Towel Set', 2, '2023-12-31 12:41:57'),
(163, 125, 'BATH', 15, 'Bath mat', 2, '2023-12-31 12:41:57'),
(164, 125, 'BATH', 15, 'Shower Curtain', 3, '2023-12-31 12:41:57'),
(165, 125, 'BATH', 15, 'Trash Can', 1, '2023-12-31 12:41:57'),
(166, 125, 'BATH', 15, 'Laundry Basket', 2, '2023-12-31 12:41:57'),
(167, 125, 'BATH', 15, 'Hangers', 5, '2023-12-31 12:41:57'),
(168, 125, 'LIVINGROOM', 11, 'Couch', 2, '2023-12-31 12:41:57'),
(169, 125, 'LIVINGROOM', 11, 'Loveseat', 2, '2023-12-31 12:41:57'),
(170, 125, 'LIVINGROOM', 11, 'LR Chair', 2, '2023-12-31 12:41:57'),
(171, 125, 'LIVINGROOM', 11, 'Recliner', 2, '2023-12-31 12:41:57'),
(172, 125, 'LIVINGROOM', 11, 'Rocker', 3, '2023-12-31 12:41:57'),
(173, 127, 'LIVINGROOM', 3, 'Couch', 3, '2024-01-01 03:22:37'),
(174, 128, 'LIVINGROOM', 3, 'Couch', 3, '2024-01-01 03:23:59'),
(175, 129, 'BATH', 6, 'Towel Set', 2, '2024-01-01 16:18:10'),
(176, 129, 'BATH', 6, 'Bath mat', 2, '2024-01-01 16:18:10'),
(177, 129, 'BATH', 6, 'Shower Curtain', 2, '2024-01-01 16:18:10'),
(178, 129, 'LIVINGROOM', 5, 'Couch', 2, '2024-01-01 16:18:10'),
(179, 129, 'LIVINGROOM', 5, 'Loveseat', 2, '2024-01-01 16:18:10'),
(180, 129, 'LIVINGROOM', 5, 'Recliner', 1, '2024-01-01 16:18:10'),
(181, 130, 'BATH', 6, 'Towel Set', 2, '2024-01-01 16:24:13'),
(182, 130, 'BATH', 6, 'Bath mat', 2, '2024-01-01 16:24:13'),
(183, 130, 'BATH', 6, 'Shower Curtain', 2, '2024-01-01 16:24:13'),
(184, 130, 'LIVINGROOM', 5, 'Couch', 2, '2024-01-01 16:24:13'),
(185, 130, 'LIVINGROOM', 5, 'Loveseat', 2, '2024-01-01 16:24:13'),
(186, 130, 'LIVINGROOM', 5, 'Recliner', 1, '2024-01-01 16:24:13'),
(187, 131, 'BATH', 6, 'Towel Set', 2, '2024-01-01 16:24:27'),
(188, 131, 'BATH', 6, 'Bath mat', 2, '2024-01-01 16:24:27'),
(189, 131, 'BATH', 6, 'Shower Curtain', 2, '2024-01-01 16:24:27'),
(190, 131, 'LIVINGROOM', 5, 'Couch', 2, '2024-01-01 16:24:27'),
(191, 131, 'LIVINGROOM', 5, 'Loveseat', 2, '2024-01-01 16:24:27'),
(192, 131, 'LIVINGROOM', 5, 'Recliner', 1, '2024-01-01 16:24:27'),
(193, 132, 'BATH', 6, 'Towel Set', 2, '2024-01-01 16:25:08'),
(194, 132, 'BATH', 6, 'Bath mat', 2, '2024-01-01 16:25:08'),
(195, 132, 'BATH', 6, 'Shower Curtain', 2, '2024-01-01 16:25:08'),
(196, 132, 'LIVINGROOM', 7, 'Couch', 2, '2024-01-01 16:25:08'),
(197, 132, 'LIVINGROOM', 7, 'Loveseat', 3, '2024-01-01 16:25:08'),
(198, 132, 'LIVINGROOM', 7, 'Recliner', 2, '2024-01-01 16:25:08'),
(199, 133, 'BATH', 6, 'Towel Set', 2, '2024-01-01 16:27:37'),
(200, 133, 'BATH', 6, 'Bath mat', 2, '2024-01-01 16:27:37'),
(201, 133, 'BATH', 6, 'Shower Curtain', 2, '2024-01-01 16:27:37'),
(202, 133, 'LIVINGROOM', 7, 'Couch', 2, '2024-01-01 16:27:37'),
(203, 133, 'LIVINGROOM', 7, 'Loveseat', 3, '2024-01-01 16:27:37'),
(204, 133, 'LIVINGROOM', 7, 'Recliner', 2, '2024-01-01 16:27:37'),
(205, 134, 'BATH', 6, 'Towel Set', 2, '2024-01-01 16:45:34'),
(206, 134, 'BATH', 6, 'Bath mat', 2, '2024-01-01 16:45:34'),
(207, 134, 'BATH', 6, 'Shower Curtain', 2, '2024-01-01 16:45:34'),
(208, 134, 'LIVINGROOM', 7, 'Couch', 2, '2024-01-01 16:45:34'),
(209, 134, 'LIVINGROOM', 7, 'Loveseat', 3, '2024-01-01 16:45:34'),
(210, 134, 'LIVINGROOM', 7, 'Recliner', 2, '2024-01-01 16:45:34'),
(211, 135, 'BATH', 6, 'Towel Set', 2, '2024-01-01 16:53:35'),
(212, 135, 'BATH', 6, 'Bath mat', 2, '2024-01-01 16:53:35'),
(213, 135, 'BATH', 6, 'Shower Curtain', 2, '2024-01-01 16:53:35'),
(214, 135, 'LIVINGROOM', 7, 'Couch', 2, '2024-01-01 16:53:35'),
(215, 135, 'LIVINGROOM', 7, 'Loveseat', 3, '2024-01-01 16:53:35'),
(216, 135, 'LIVINGROOM', 7, 'Recliner', 2, '2024-01-01 16:53:35'),
(217, 136, 'BATH', 8, 'Towel Set', 2, '2024-01-01 16:54:29'),
(218, 136, 'BATH', 8, 'Bath mat', 3, '2024-01-01 16:54:29'),
(219, 136, 'BATH', 8, 'Shower Curtain', 3, '2024-01-01 16:54:29'),
(220, 136, 'LIVINGROOM', 10, 'Couch', 3, '2024-01-01 16:54:29'),
(221, 136, 'LIVINGROOM', 10, 'Loveseat', 4, '2024-01-01 16:54:29'),
(222, 136, 'LIVINGROOM', 10, 'Recliner', 3, '2024-01-01 16:54:29'),
(223, 137, 'BATH', 8, 'Towel Set', 2, '2024-01-01 18:20:03'),
(224, 137, 'BATH', 8, 'Bath mat', 3, '2024-01-01 18:20:03'),
(225, 137, 'BATH', 8, 'Shower Curtain', 3, '2024-01-01 18:20:03'),
(226, 138, 'BATH', 8, 'Towel Set', 2, '2024-01-01 18:28:29'),
(227, 138, 'BATH', 8, 'Bath mat', 3, '2024-01-01 18:28:29'),
(228, 138, 'BATH', 8, 'Shower Curtain', 3, '2024-01-01 18:28:29'),
(229, 138, 'LIVINGROOM', 14, 'Couch', 4, '2024-01-01 18:28:29'),
(230, 138, 'LIVINGROOM', 14, 'Loveseat', 5, '2024-01-01 18:28:29'),
(231, 138, 'LIVINGROOM', 14, 'Recliner', 4, '2024-01-01 18:28:29'),
(232, 138, 'LIVINGROOM', 14, 'Rocker', 1, '2024-01-01 18:28:29'),
(233, 139, 'BATH', 8, 'Towel Set', 2, '2024-01-01 18:29:16'),
(234, 139, 'BATH', 8, 'Bath mat', 3, '2024-01-01 18:29:16'),
(235, 139, 'BATH', 8, 'Shower Curtain', 3, '2024-01-01 18:29:16'),
(236, 139, 'LIVINGROOM', 14, 'Couch', 4, '2024-01-01 18:29:16'),
(237, 139, 'LIVINGROOM', 14, 'Loveseat', 5, '2024-01-01 18:29:16'),
(238, 139, 'LIVINGROOM', 14, 'Recliner', 4, '2024-01-01 18:29:16'),
(239, 139, 'LIVINGROOM', 14, 'Rocker', 1, '2024-01-01 18:29:16'),
(240, 140, 'BATH', 8, 'Towel Set', 2, '2024-01-01 18:30:22'),
(241, 140, 'BATH', 8, 'Bath mat', 3, '2024-01-01 18:30:22'),
(242, 140, 'BATH', 8, 'Shower Curtain', 3, '2024-01-01 18:30:22'),
(243, 140, 'LIVINGROOM', 14, 'Couch', 4, '2024-01-01 18:30:22'),
(244, 140, 'LIVINGROOM', 14, 'Loveseat', 5, '2024-01-01 18:30:22'),
(245, 140, 'LIVINGROOM', 14, 'Recliner', 4, '2024-01-01 18:30:22'),
(246, 140, 'LIVINGROOM', 14, 'Rocker', 1, '2024-01-01 18:30:22'),
(247, 141, 'BATH', 8, 'Towel Set', 2, '2024-01-01 18:30:59'),
(248, 141, 'BATH', 8, 'Bath mat', 3, '2024-01-01 18:30:59'),
(249, 141, 'BATH', 8, 'Shower Curtain', 3, '2024-01-01 18:30:59'),
(250, 141, 'LIVINGROOM', 14, 'Couch', 4, '2024-01-01 18:30:59'),
(251, 141, 'LIVINGROOM', 14, 'Loveseat', 5, '2024-01-01 18:30:59'),
(252, 141, 'LIVINGROOM', 14, 'Recliner', 4, '2024-01-01 18:30:59'),
(253, 141, 'LIVINGROOM', 14, 'Rocker', 1, '2024-01-01 18:30:59'),
(254, 142, 'BATH', 8, 'Towel Set', 2, '2024-01-01 18:41:14'),
(255, 142, 'BATH', 8, 'Bath mat', 3, '2024-01-01 18:41:14'),
(256, 142, 'BATH', 8, 'Shower Curtain', 3, '2024-01-01 18:41:14'),
(257, 142, 'LIVINGROOM', 14, 'Couch', 4, '2024-01-01 18:41:14'),
(258, 142, 'LIVINGROOM', 14, 'Loveseat', 5, '2024-01-01 18:41:14'),
(259, 142, 'LIVINGROOM', 14, 'Recliner', 4, '2024-01-01 18:41:14'),
(260, 142, 'LIVINGROOM', 14, 'Rocker', 1, '2024-01-01 18:41:14'),
(261, 143, 'BATH', 8, 'Towel Set', 2, '2024-01-01 18:42:43'),
(262, 143, 'BATH', 8, 'Bath mat', 3, '2024-01-01 18:42:43'),
(263, 143, 'BATH', 8, 'Shower Curtain', 3, '2024-01-01 18:42:43'),
(264, 143, 'LIVINGROOM', 14, 'Couch', 4, '2024-01-01 18:42:43'),
(265, 143, 'LIVINGROOM', 14, 'Loveseat', 5, '2024-01-01 18:42:43'),
(266, 143, 'LIVINGROOM', 14, 'Recliner', 4, '2024-01-01 18:42:43'),
(267, 143, 'LIVINGROOM', 14, 'Rocker', 1, '2024-01-01 18:42:43'),
(268, 144, 'BATH', 8, 'Towel Set', 2, '2024-01-01 18:42:53'),
(269, 144, 'BATH', 8, 'Bath mat', 3, '2024-01-01 18:42:53'),
(270, 144, 'BATH', 8, 'Shower Curtain', 3, '2024-01-01 18:42:53'),
(271, 144, 'LIVINGROOM', 14, 'Couch', 4, '2024-01-01 18:42:53'),
(272, 144, 'LIVINGROOM', 14, 'Loveseat', 5, '2024-01-01 18:42:53'),
(273, 144, 'LIVINGROOM', 14, 'Recliner', 4, '2024-01-01 18:42:53'),
(274, 144, 'LIVINGROOM', 14, 'Rocker', 1, '2024-01-01 18:42:53'),
(275, 148, 'BEDROOM', 9, 'Qn.Matt', 3, '2024-01-01 19:43:45'),
(276, 148, 'BEDROOM', 9, 'Qn Box', 2, '2024-01-01 19:43:45'),
(277, 148, 'BEDROOM', 9, 'Full Matt', 3, '2024-01-01 19:43:45'),
(278, 148, 'BEDROOM', 9, 'Full Box', 1, '2024-01-01 19:43:45'),
(279, 149, 'BEDROOM', 9, 'Qn.Matt', 3, '2024-01-01 19:43:54'),
(280, 149, 'BEDROOM', 9, 'Qn Box', 2, '2024-01-01 19:43:54'),
(281, 149, 'BEDROOM', 9, 'Full Matt', 3, '2024-01-01 19:43:54'),
(282, 149, 'BEDROOM', 9, 'Full Box', 1, '2024-01-01 19:43:54'),
(283, 150, 'BATH', 6, 'Towel Set', 1, '2024-01-01 19:45:11'),
(284, 150, 'BATH', 6, 'Bath mat', 1, '2024-01-01 19:45:11'),
(285, 150, 'BATH', 6, 'Shower Curtain', 1, '2024-01-01 19:45:11'),
(286, 150, 'BATH', 6, 'Trash Can', 1, '2024-01-01 19:45:11'),
(287, 150, 'BATH', 6, 'Laundry Basket', 1, '2024-01-01 19:45:11'),
(288, 150, 'BATH', 6, 'Hangers', 1, '2024-01-01 19:45:11'),
(289, 150, 'LIVINGROOM', 9, 'Couch', 1, '2024-01-01 19:45:11'),
(290, 150, 'LIVINGROOM', 9, 'Loveseat', 1, '2024-01-01 19:45:11'),
(291, 150, 'LIVINGROOM', 9, 'LR Chair', 1, '2024-01-01 19:45:11'),
(292, 150, 'LIVINGROOM', 9, 'Recliner', 1, '2024-01-01 19:45:11'),
(293, 150, 'LIVINGROOM', 9, 'Rocker', 1, '2024-01-01 19:45:11'),
(294, 150, 'LIVINGROOM', 9, 'End tbl/coffee', 1, '2024-01-01 19:45:11'),
(295, 150, 'LIVINGROOM', 9, 'Book Case', 1, '2024-01-01 19:45:11'),
(296, 150, 'LIVINGROOM', 9, 'Desk', 1, '2024-01-01 19:45:11'),
(297, 150, 'LIVINGROOM', 9, 'TV stand', 1, '2024-01-01 19:45:11'),
(298, 150, 'BEDROOM', 9, 'Qn.Matt', 1, '2024-01-01 19:45:11'),
(299, 150, 'BEDROOM', 9, 'Qn Box', 1, '2024-01-01 19:45:11'),
(300, 150, 'BEDROOM', 9, 'Full Matt', 1, '2024-01-01 19:45:11'),
(301, 150, 'BEDROOM', 9, 'Full Box', 1, '2024-01-01 19:45:11'),
(302, 150, 'BEDROOM', 9, 'Twin Matt', 1, '2024-01-01 19:45:11'),
(303, 150, 'BEDROOM', 9, 'Twin Box', 1, '2024-01-01 19:45:11'),
(304, 150, 'BEDROOM', 9, 'Dresser ', 1, '2024-01-01 19:45:11'),
(305, 150, 'BEDROOM', 9, 'Night Stand', 1, '2024-01-01 19:45:11'),
(306, 150, 'BEDROOM', 9, 'Bed Frame', 1, '2024-01-01 19:45:11'),
(307, 151, 'BATH', 6, 'Towel Set', 1, '2024-01-01 19:45:41'),
(308, 151, 'BATH', 6, 'Bath mat', 1, '2024-01-01 19:45:41'),
(309, 151, 'BATH', 6, 'Shower Curtain', 1, '2024-01-01 19:45:41'),
(310, 151, 'BATH', 6, 'Trash Can', 1, '2024-01-01 19:45:41'),
(311, 151, 'BATH', 6, 'Laundry Basket', 1, '2024-01-01 19:45:41'),
(312, 151, 'BATH', 6, 'Hangers', 1, '2024-01-01 19:45:41'),
(313, 151, 'LIVINGROOM', 9, 'Couch', 1, '2024-01-01 19:45:41'),
(314, 151, 'LIVINGROOM', 9, 'Loveseat', 1, '2024-01-01 19:45:41'),
(315, 151, 'LIVINGROOM', 9, 'LR Chair', 1, '2024-01-01 19:45:41'),
(316, 151, 'LIVINGROOM', 9, 'Recliner', 1, '2024-01-01 19:45:41'),
(317, 151, 'LIVINGROOM', 9, 'Rocker', 1, '2024-01-01 19:45:41'),
(318, 151, 'LIVINGROOM', 9, 'End tbl/coffee', 1, '2024-01-01 19:45:41'),
(319, 151, 'LIVINGROOM', 9, 'Book Case', 1, '2024-01-01 19:45:41'),
(320, 151, 'LIVINGROOM', 9, 'Desk', 1, '2024-01-01 19:45:41'),
(321, 151, 'LIVINGROOM', 9, 'TV stand', 1, '2024-01-01 19:45:41'),
(322, 151, 'BEDROOM', 9, 'Qn.Matt', 1, '2024-01-01 19:45:41'),
(323, 151, 'BEDROOM', 9, 'Qn Box', 1, '2024-01-01 19:45:41'),
(324, 151, 'BEDROOM', 9, 'Full Matt', 1, '2024-01-01 19:45:41'),
(325, 151, 'BEDROOM', 9, 'Full Box', 1, '2024-01-01 19:45:41'),
(326, 151, 'BEDROOM', 9, 'Twin Matt', 1, '2024-01-01 19:45:41'),
(327, 151, 'BEDROOM', 9, 'Twin Box', 1, '2024-01-01 19:45:41'),
(328, 151, 'BEDROOM', 9, 'Dresser ', 1, '2024-01-01 19:45:41'),
(329, 151, 'BEDROOM', 9, 'Night Stand', 1, '2024-01-01 19:45:41'),
(330, 151, 'BEDROOM', 9, 'Bed Frame', 1, '2024-01-01 19:45:41'),
(331, 152, 'BATH', 6, 'Towel Set', 1, '2024-01-01 19:48:39'),
(332, 152, 'BATH', 6, 'Bath mat', 1, '2024-01-01 19:48:39'),
(333, 152, 'BATH', 6, 'Shower Curtain', 1, '2024-01-01 19:48:39'),
(334, 152, 'BATH', 6, 'Trash Can', 1, '2024-01-01 19:48:39'),
(335, 152, 'BATH', 6, 'Laundry Basket', 1, '2024-01-01 19:48:39'),
(336, 152, 'BATH', 6, 'Hangers', 1, '2024-01-01 19:48:39'),
(337, 152, 'LIVINGROOM', 9, 'Couch', 1, '2024-01-01 19:48:39'),
(338, 152, 'LIVINGROOM', 9, 'Loveseat', 1, '2024-01-01 19:48:39'),
(339, 152, 'LIVINGROOM', 9, 'LR Chair', 1, '2024-01-01 19:48:39'),
(340, 152, 'LIVINGROOM', 9, 'Recliner', 1, '2024-01-01 19:48:39'),
(341, 152, 'LIVINGROOM', 9, 'Rocker', 1, '2024-01-01 19:48:39'),
(342, 152, 'LIVINGROOM', 9, 'End tbl/coffee', 1, '2024-01-01 19:48:39'),
(343, 152, 'LIVINGROOM', 9, 'Book Case', 1, '2024-01-01 19:48:39'),
(344, 152, 'LIVINGROOM', 9, 'Desk', 1, '2024-01-01 19:48:39'),
(345, 152, 'LIVINGROOM', 9, 'TV stand', 1, '2024-01-01 19:48:39'),
(346, 152, 'BEDROOM', 9, 'Qn.Matt', 1, '2024-01-01 19:48:39'),
(347, 152, 'BEDROOM', 9, 'Qn Box', 1, '2024-01-01 19:48:39'),
(348, 152, 'BEDROOM', 9, 'Full Matt', 1, '2024-01-01 19:48:39'),
(349, 152, 'BEDROOM', 9, 'Full Box', 1, '2024-01-01 19:48:39'),
(350, 152, 'BEDROOM', 9, 'Twin Matt', 1, '2024-01-01 19:48:39'),
(351, 152, 'BEDROOM', 9, 'Twin Box', 1, '2024-01-01 19:48:39'),
(352, 152, 'BEDROOM', 9, 'Dresser ', 1, '2024-01-01 19:48:39'),
(353, 152, 'BEDROOM', 9, 'Night Stand', 1, '2024-01-01 19:48:39'),
(354, 152, 'BEDROOM', 9, 'Bed Frame', 1, '2024-01-01 19:48:39'),
(355, 154, 'BATH', 6, 'Towel Set', 1, '2024-01-01 19:50:06'),
(356, 154, 'BATH', 6, 'Bath mat', 1, '2024-01-01 19:50:06'),
(357, 154, 'BATH', 6, 'Shower Curtain', 1, '2024-01-01 19:50:06'),
(358, 154, 'BATH', 6, 'Trash Can', 1, '2024-01-01 19:50:06'),
(359, 154, 'BATH', 6, 'Laundry Basket', 1, '2024-01-01 19:50:06'),
(360, 154, 'BATH', 6, 'Hangers', 1, '2024-01-01 19:50:06'),
(361, 154, 'LIVINGROOM', 9, 'Couch', 1, '2024-01-01 19:50:06'),
(362, 154, 'LIVINGROOM', 9, 'Loveseat', 1, '2024-01-01 19:50:06'),
(363, 154, 'LIVINGROOM', 9, 'LR Chair', 1, '2024-01-01 19:50:06'),
(364, 154, 'LIVINGROOM', 9, 'Recliner', 1, '2024-01-01 19:50:06'),
(365, 154, 'LIVINGROOM', 9, 'Rocker', 1, '2024-01-01 19:50:06'),
(366, 154, 'LIVINGROOM', 9, 'End tbl/coffee', 1, '2024-01-01 19:50:06'),
(367, 154, 'LIVINGROOM', 9, 'Book Case', 1, '2024-01-01 19:50:06'),
(368, 154, 'LIVINGROOM', 9, 'Desk', 1, '2024-01-01 19:50:06'),
(369, 154, 'LIVINGROOM', 9, 'TV stand', 1, '2024-01-01 19:50:06'),
(370, 154, 'BEDROOM', 9, 'Qn.Matt', 1, '2024-01-01 19:50:06'),
(371, 154, 'BEDROOM', 9, 'Qn Box', 1, '2024-01-01 19:50:06'),
(372, 154, 'BEDROOM', 9, 'Full Matt', 1, '2024-01-01 19:50:06'),
(373, 154, 'BEDROOM', 9, 'Full Box', 1, '2024-01-01 19:50:06'),
(374, 154, 'BEDROOM', 9, 'Twin Matt', 1, '2024-01-01 19:50:06'),
(375, 154, 'BEDROOM', 9, 'Twin Box', 1, '2024-01-01 19:50:06'),
(376, 154, 'BEDROOM', 9, 'Dresser ', 1, '2024-01-01 19:50:06'),
(377, 154, 'BEDROOM', 9, 'Night Stand', 1, '2024-01-01 19:50:06'),
(378, 154, 'BEDROOM', 9, 'Bed Frame', 1, '2024-01-01 19:50:06'),
(379, 155, 'BATH', 6, 'Towel Set', 1, '2024-01-01 19:52:22'),
(380, 155, 'BATH', 6, 'Bath mat', 1, '2024-01-01 19:52:22'),
(381, 155, 'BATH', 6, 'Shower Curtain', 1, '2024-01-01 19:52:22'),
(382, 155, 'BATH', 6, 'Trash Can', 1, '2024-01-01 19:52:22'),
(383, 155, 'BATH', 6, 'Laundry Basket', 1, '2024-01-01 19:52:22'),
(384, 155, 'BATH', 6, 'Hangers', 1, '2024-01-01 19:52:22'),
(385, 155, 'LIVINGROOM', 9, 'Couch', 1, '2024-01-01 19:52:22'),
(386, 155, 'LIVINGROOM', 9, 'Loveseat', 1, '2024-01-01 19:52:22'),
(387, 155, 'LIVINGROOM', 9, 'LR Chair', 1, '2024-01-01 19:52:22'),
(388, 155, 'LIVINGROOM', 9, 'Recliner', 1, '2024-01-01 19:52:22'),
(389, 155, 'LIVINGROOM', 9, 'Rocker', 1, '2024-01-01 19:52:22'),
(390, 155, 'LIVINGROOM', 9, 'End tbl/coffee', 1, '2024-01-01 19:52:22'),
(391, 155, 'LIVINGROOM', 9, 'Book Case', 1, '2024-01-01 19:52:22'),
(392, 155, 'LIVINGROOM', 9, 'Desk', 1, '2024-01-01 19:52:22'),
(393, 155, 'LIVINGROOM', 9, 'TV stand', 1, '2024-01-01 19:52:22'),
(394, 155, 'BEDROOM', 9, 'Qn.Matt', 1, '2024-01-01 19:52:22'),
(395, 155, 'BEDROOM', 9, 'Qn Box', 1, '2024-01-01 19:52:22'),
(396, 155, 'BEDROOM', 9, 'Full Matt', 1, '2024-01-01 19:52:22'),
(397, 155, 'BEDROOM', 9, 'Full Box', 1, '2024-01-01 19:52:22'),
(398, 155, 'BEDROOM', 9, 'Twin Matt', 1, '2024-01-01 19:52:22'),
(399, 155, 'BEDROOM', 9, 'Twin Box', 1, '2024-01-01 19:52:22'),
(400, 155, 'BEDROOM', 9, 'Dresser ', 1, '2024-01-01 19:52:22'),
(401, 155, 'BEDROOM', 9, 'Night Stand', 1, '2024-01-01 19:52:22'),
(402, 155, 'BEDROOM', 9, 'Bed Frame', 1, '2024-01-01 19:52:22'),
(403, 156, 'BATH', 6, 'Towel Set', 1, '2024-01-01 19:52:54'),
(404, 156, 'BATH', 6, 'Bath mat', 1, '2024-01-01 19:52:54'),
(405, 156, 'BATH', 6, 'Shower Curtain', 1, '2024-01-01 19:52:54'),
(406, 156, 'BATH', 6, 'Trash Can', 1, '2024-01-01 19:52:54'),
(407, 156, 'BATH', 6, 'Laundry Basket', 1, '2024-01-01 19:52:54'),
(408, 156, 'BATH', 6, 'Hangers', 1, '2024-01-01 19:52:54'),
(409, 156, 'LIVINGROOM', 9, 'Couch', 1, '2024-01-01 19:52:54'),
(410, 156, 'LIVINGROOM', 9, 'Loveseat', 1, '2024-01-01 19:52:54'),
(411, 156, 'LIVINGROOM', 9, 'LR Chair', 1, '2024-01-01 19:52:54'),
(412, 156, 'LIVINGROOM', 9, 'Recliner', 1, '2024-01-01 19:52:54'),
(413, 156, 'LIVINGROOM', 9, 'Rocker', 1, '2024-01-01 19:52:54'),
(414, 156, 'LIVINGROOM', 9, 'End tbl/coffee', 1, '2024-01-01 19:52:54'),
(415, 156, 'LIVINGROOM', 9, 'Book Case', 1, '2024-01-01 19:52:54'),
(416, 156, 'LIVINGROOM', 9, 'Desk', 1, '2024-01-01 19:52:54'),
(417, 156, 'LIVINGROOM', 9, 'TV stand', 1, '2024-01-01 19:52:54'),
(418, 156, 'BEDROOM', 9, 'Qn.Matt', 1, '2024-01-01 19:52:54'),
(419, 156, 'BEDROOM', 9, 'Qn Box', 1, '2024-01-01 19:52:54'),
(420, 156, 'BEDROOM', 9, 'Full Matt', 1, '2024-01-01 19:52:54'),
(421, 156, 'BEDROOM', 9, 'Full Box', 1, '2024-01-01 19:52:54'),
(422, 156, 'BEDROOM', 9, 'Twin Matt', 1, '2024-01-01 19:52:54'),
(423, 156, 'BEDROOM', 9, 'Twin Box', 1, '2024-01-01 19:52:54'),
(424, 156, 'BEDROOM', 9, 'Dresser ', 1, '2024-01-01 19:52:54'),
(425, 156, 'BEDROOM', 9, 'Night Stand', 1, '2024-01-01 19:52:54'),
(426, 156, 'BEDROOM', 9, 'Bed Frame', 1, '2024-01-01 19:52:54'),
(427, 157, 'BATH', 6, 'Towel Set', 1, '2024-01-01 19:53:12'),
(428, 157, 'BATH', 6, 'Bath mat', 1, '2024-01-01 19:53:12'),
(429, 157, 'BATH', 6, 'Shower Curtain', 1, '2024-01-01 19:53:12'),
(430, 157, 'BATH', 6, 'Trash Can', 1, '2024-01-01 19:53:12'),
(431, 157, 'BATH', 6, 'Laundry Basket', 1, '2024-01-01 19:53:12'),
(432, 157, 'BATH', 6, 'Hangers', 1, '2024-01-01 19:53:12'),
(433, 157, 'LIVINGROOM', 9, 'Couch', 1, '2024-01-01 19:53:12'),
(434, 157, 'LIVINGROOM', 9, 'Loveseat', 1, '2024-01-01 19:53:12'),
(435, 157, 'LIVINGROOM', 9, 'LR Chair', 1, '2024-01-01 19:53:12'),
(436, 157, 'LIVINGROOM', 9, 'Recliner', 1, '2024-01-01 19:53:12'),
(437, 157, 'LIVINGROOM', 9, 'Rocker', 1, '2024-01-01 19:53:12'),
(438, 157, 'LIVINGROOM', 9, 'End tbl/coffee', 1, '2024-01-01 19:53:12'),
(439, 157, 'LIVINGROOM', 9, 'Book Case', 1, '2024-01-01 19:53:12'),
(440, 157, 'LIVINGROOM', 9, 'Desk', 1, '2024-01-01 19:53:12'),
(441, 157, 'LIVINGROOM', 9, 'TV stand', 1, '2024-01-01 19:53:12'),
(442, 157, 'BEDROOM', 9, 'Qn.Matt', 1, '2024-01-01 19:53:12'),
(443, 157, 'BEDROOM', 9, 'Qn Box', 1, '2024-01-01 19:53:12'),
(444, 157, 'BEDROOM', 9, 'Full Matt', 1, '2024-01-01 19:53:12'),
(445, 157, 'BEDROOM', 9, 'Full Box', 1, '2024-01-01 19:53:12'),
(446, 157, 'BEDROOM', 9, 'Twin Matt', 1, '2024-01-01 19:53:12'),
(447, 157, 'BEDROOM', 9, 'Twin Box', 1, '2024-01-01 19:53:12'),
(448, 157, 'BEDROOM', 9, 'Dresser ', 1, '2024-01-01 19:53:12'),
(449, 157, 'BEDROOM', 9, 'Night Stand', 1, '2024-01-01 19:53:12'),
(450, 157, 'BEDROOM', 9, 'Bed Frame', 1, '2024-01-01 19:53:12'),
(451, 158, 'BATH', 6, 'Towel Set', 1, '2024-01-01 19:53:28'),
(452, 158, 'BATH', 6, 'Bath mat', 1, '2024-01-01 19:53:28'),
(453, 158, 'BATH', 6, 'Shower Curtain', 1, '2024-01-01 19:53:28'),
(454, 158, 'BATH', 6, 'Trash Can', 1, '2024-01-01 19:53:28'),
(455, 158, 'BATH', 6, 'Laundry Basket', 1, '2024-01-01 19:53:28'),
(456, 158, 'BATH', 6, 'Hangers', 1, '2024-01-01 19:53:28'),
(457, 158, 'LIVINGROOM', 9, 'Couch', 1, '2024-01-01 19:53:28'),
(458, 158, 'LIVINGROOM', 9, 'Loveseat', 1, '2024-01-01 19:53:28'),
(459, 158, 'LIVINGROOM', 9, 'LR Chair', 1, '2024-01-01 19:53:28'),
(460, 158, 'LIVINGROOM', 9, 'Recliner', 1, '2024-01-01 19:53:28'),
(461, 158, 'LIVINGROOM', 9, 'Rocker', 1, '2024-01-01 19:53:28'),
(462, 158, 'LIVINGROOM', 9, 'End tbl/coffee', 1, '2024-01-01 19:53:28'),
(463, 158, 'LIVINGROOM', 9, 'Book Case', 1, '2024-01-01 19:53:28'),
(464, 158, 'LIVINGROOM', 9, 'Desk', 1, '2024-01-01 19:53:28'),
(465, 158, 'LIVINGROOM', 9, 'TV stand', 1, '2024-01-01 19:53:28'),
(466, 158, 'BEDROOM', 9, 'Qn.Matt', 1, '2024-01-01 19:53:28'),
(467, 158, 'BEDROOM', 9, 'Qn Box', 1, '2024-01-01 19:53:28'),
(468, 158, 'BEDROOM', 9, 'Full Matt', 1, '2024-01-01 19:53:28'),
(469, 158, 'BEDROOM', 9, 'Full Box', 1, '2024-01-01 19:53:28'),
(470, 158, 'BEDROOM', 9, 'Twin Matt', 1, '2024-01-01 19:53:28'),
(471, 158, 'BEDROOM', 9, 'Twin Box', 1, '2024-01-01 19:53:28'),
(472, 158, 'BEDROOM', 9, 'Dresser ', 1, '2024-01-01 19:53:28'),
(473, 158, 'BEDROOM', 9, 'Night Stand', 1, '2024-01-01 19:53:28'),
(474, 158, 'BEDROOM', 9, 'Bed Frame', 1, '2024-01-01 19:53:28'),
(475, 186, 'BATH', 3, 'Towel Set', 2, '2024-01-04 17:21:31'),
(476, 186, 'BATH', 3, 'Bath mat', 1, '2024-01-04 17:21:31'),
(477, 187, 'BATH', 6, 'Towel Set', 1, '2024-01-04 17:52:34'),
(478, 187, 'BATH', 6, 'Bath mat', 1, '2024-01-04 17:52:34'),
(479, 187, 'BATH', 6, 'Shower Curtain', 1, '2024-01-04 17:52:34'),
(480, 187, 'BATH', 6, 'Trash Can', 1, '2024-01-04 17:52:34'),
(481, 187, 'BATH', 6, 'Laundry Basket', 1, '2024-01-04 17:52:34'),
(482, 187, 'BATH', 6, 'Hangers', 1, '2024-01-04 17:52:34'),
(483, 187, 'LIVINGROOM', 8, 'Couch', 1, '2024-01-04 17:52:34'),
(484, 187, 'LIVINGROOM', 8, 'Loveseat', 1, '2024-01-04 17:52:34'),
(485, 187, 'LIVINGROOM', 8, 'LR Chair', 1, '2024-01-04 17:52:34'),
(486, 187, 'LIVINGROOM', 8, 'Rocker', 1, '2024-01-04 17:52:34'),
(487, 187, 'LIVINGROOM', 8, 'End tbl/coffee', 1, '2024-01-04 17:52:34'),
(488, 187, 'LIVINGROOM', 8, 'Book Case', 1, '2024-01-04 17:52:34'),
(489, 187, 'LIVINGROOM', 8, 'Desk', 1, '2024-01-04 17:52:34'),
(490, 187, 'LIVINGROOM', 8, 'TV stand', 1, '2024-01-04 17:52:34'),
(491, 187, 'BEDDING', 6, 'Sheet set', 1, '2024-01-04 17:52:34'),
(492, 187, 'BEDDING', 6, 'Blanket', 1, '2024-01-04 17:52:34'),
(493, 187, 'BEDDING', 6, 'Comforter', 1, '2024-01-04 17:52:34'),
(494, 187, 'BEDDING', 6, 'Pillow', 1, '2024-01-04 17:52:34'),
(495, 187, 'BEDDING', 6, 'Throw pillows', 1, '2024-01-04 17:52:34'),
(496, 187, 'BEDDING', 6, 'Matt Pad', 1, '2024-01-04 17:52:34'),
(497, 187, 'BEDROOM', 12, 'Qn.Matt', 1, '2024-01-04 17:52:34'),
(498, 187, 'BEDROOM', 12, 'Qn Box', 1, '2024-01-04 17:52:34'),
(499, 187, 'BEDROOM', 12, 'Full Matt', 1, '2024-01-04 17:52:34'),
(500, 187, 'BEDROOM', 12, 'Full Box', 1, '2024-01-04 17:52:34'),
(501, 187, 'BEDROOM', 12, 'Twin Matt', 1, '2024-01-04 17:52:34'),
(502, 187, 'BEDROOM', 12, 'Twin Box', 2, '2024-01-04 17:52:34'),
(503, 187, 'BEDROOM', 12, 'Dresser ', 2, '2024-01-04 17:52:34'),
(504, 187, 'BEDROOM', 12, 'Night Stand', 1, '2024-01-04 17:52:34'),
(505, 187, 'BEDROOM', 12, 'Bed Frame', 2, '2024-01-04 17:52:34'),
(506, 188, 'BATH', 6, 'Towel Set', 1, '2024-01-04 17:53:04'),
(507, 188, 'BATH', 6, 'Bath mat', 1, '2024-01-04 17:53:04'),
(508, 188, 'BATH', 6, 'Shower Curtain', 1, '2024-01-04 17:53:04'),
(509, 188, 'BATH', 6, 'Trash Can', 1, '2024-01-04 17:53:04'),
(510, 188, 'BATH', 6, 'Laundry Basket', 1, '2024-01-04 17:53:04'),
(511, 188, 'BATH', 6, 'Hangers', 1, '2024-01-04 17:53:04'),
(512, 188, 'LIVINGROOM', 8, 'Couch', 1, '2024-01-04 17:53:04'),
(513, 188, 'LIVINGROOM', 8, 'Loveseat', 1, '2024-01-04 17:53:04'),
(514, 188, 'LIVINGROOM', 8, 'LR Chair', 1, '2024-01-04 17:53:04'),
(515, 188, 'LIVINGROOM', 8, 'Rocker', 1, '2024-01-04 17:53:04'),
(516, 188, 'LIVINGROOM', 8, 'End tbl/coffee', 1, '2024-01-04 17:53:04'),
(517, 188, 'LIVINGROOM', 8, 'Book Case', 1, '2024-01-04 17:53:04'),
(518, 188, 'LIVINGROOM', 8, 'Desk', 1, '2024-01-04 17:53:04'),
(519, 188, 'LIVINGROOM', 8, 'TV stand', 1, '2024-01-04 17:53:04'),
(520, 188, 'BEDDING', 6, 'Sheet set', 1, '2024-01-04 17:53:04'),
(521, 188, 'BEDDING', 6, 'Blanket', 1, '2024-01-04 17:53:04'),
(522, 188, 'BEDDING', 6, 'Comforter', 1, '2024-01-04 17:53:04'),
(523, 188, 'BEDDING', 6, 'Pillow', 1, '2024-01-04 17:53:04'),
(524, 188, 'BEDDING', 6, 'Throw pillows', 1, '2024-01-04 17:53:04'),
(525, 188, 'BEDDING', 6, 'Matt Pad', 1, '2024-01-04 17:53:04'),
(526, 188, 'BEDROOM', 12, 'Qn.Matt', 1, '2024-01-04 17:53:04'),
(527, 188, 'BEDROOM', 12, 'Qn Box', 1, '2024-01-04 17:53:04'),
(528, 188, 'BEDROOM', 12, 'Full Matt', 1, '2024-01-04 17:53:04'),
(529, 188, 'BEDROOM', 12, 'Full Box', 1, '2024-01-04 17:53:04'),
(530, 188, 'BEDROOM', 12, 'Twin Matt', 1, '2024-01-04 17:53:04'),
(531, 188, 'BEDROOM', 12, 'Twin Box', 2, '2024-01-04 17:53:04'),
(532, 188, 'BEDROOM', 12, 'Dresser ', 2, '2024-01-04 17:53:04'),
(533, 188, 'BEDROOM', 12, 'Night Stand', 1, '2024-01-04 17:53:04'),
(534, 188, 'BEDROOM', 12, 'Bed Frame', 2, '2024-01-04 17:53:04'),
(535, 188, 'KITCHEN', 7, 'Table', 1, '2024-01-04 17:53:04'),
(536, 188, 'KITCHEN', 7, 'Chairs', 1, '2024-01-04 17:53:04'),
(537, 188, 'KITCHEN', 7, 'Bar Stool', 1, '2024-01-04 17:53:04'),
(538, 188, 'KITCHEN', 7, 'Pan Set', 1, '2024-01-04 17:53:04'),
(539, 188, 'KITCHEN', 7, 'Dish Set (4)', 1, '2024-01-04 17:53:04'),
(540, 188, 'KITCHEN', 7, 'Music Kit box', 1, '2024-01-04 17:53:04'),
(541, 188, 'KITCHEN', 7, 'Xtra Kit items', 1, '2024-01-04 17:53:04'),
(542, 188, 'MISC', 6, 'Lamp', 1, '2024-01-04 17:53:04'),
(543, 188, 'MISC', 6, 'Lg Rug', 1, '2024-01-04 17:53:04'),
(544, 188, 'MISC', 6, 'Sm Rug', 1, '2024-01-04 17:53:04'),
(545, 188, 'MISC', 6, 'TV Tray', 1, '2024-01-04 17:53:04'),
(546, 188, 'MISC', 6, 'Folding table', 1, '2024-01-04 17:53:04'),
(547, 188, 'MISC', 6, 'Folding chair', 1, '2024-01-04 17:53:04'),
(548, 189, 'BATH', 6, 'Towel Set', 1, '2024-01-04 18:00:30'),
(549, 189, 'BATH', 6, 'Bath mat', 1, '2024-01-04 18:00:30'),
(550, 189, 'BATH', 6, 'Shower Curtain', 1, '2024-01-04 18:00:30'),
(551, 189, 'BATH', 6, 'Trash Can', 1, '2024-01-04 18:00:30'),
(552, 189, 'BATH', 6, 'Laundry Basket', 1, '2024-01-04 18:00:30'),
(553, 189, 'BATH', 6, 'Hangers', 1, '2024-01-04 18:00:30'),
(554, 189, 'LIVINGROOM', 8, 'Couch', 1, '2024-01-04 18:00:30'),
(555, 189, 'LIVINGROOM', 8, 'Loveseat', 1, '2024-01-04 18:00:30'),
(556, 189, 'LIVINGROOM', 8, 'LR Chair', 1, '2024-01-04 18:00:30'),
(557, 189, 'LIVINGROOM', 8, 'Rocker', 1, '2024-01-04 18:00:30'),
(558, 189, 'LIVINGROOM', 8, 'End tbl/coffee', 1, '2024-01-04 18:00:30'),
(559, 189, 'LIVINGROOM', 8, 'Book Case', 1, '2024-01-04 18:00:30'),
(560, 189, 'LIVINGROOM', 8, 'Desk', 1, '2024-01-04 18:00:30'),
(561, 189, 'LIVINGROOM', 8, 'TV stand', 1, '2024-01-04 18:00:30'),
(562, 189, 'BEDDING', 6, 'Sheet set', 1, '2024-01-04 18:00:30'),
(563, 189, 'BEDDING', 6, 'Blanket', 1, '2024-01-04 18:00:30'),
(564, 189, 'BEDDING', 6, 'Comforter', 1, '2024-01-04 18:00:30'),
(565, 189, 'BEDDING', 6, 'Pillow', 1, '2024-01-04 18:00:30'),
(566, 189, 'BEDDING', 6, 'Throw pillows', 1, '2024-01-04 18:00:30'),
(567, 189, 'BEDDING', 6, 'Matt Pad', 1, '2024-01-04 18:00:30'),
(568, 189, 'BEDROOM', 12, 'Qn.Matt', 1, '2024-01-04 18:00:30'),
(569, 189, 'BEDROOM', 12, 'Qn Box', 1, '2024-01-04 18:00:30'),
(570, 189, 'BEDROOM', 12, 'Full Matt', 1, '2024-01-04 18:00:30'),
(571, 189, 'BEDROOM', 12, 'Full Box', 1, '2024-01-04 18:00:30'),
(572, 189, 'BEDROOM', 12, 'Twin Matt', 1, '2024-01-04 18:00:30'),
(573, 189, 'BEDROOM', 12, 'Twin Box', 2, '2024-01-04 18:00:30'),
(574, 189, 'BEDROOM', 12, 'Dresser ', 2, '2024-01-04 18:00:30'),
(575, 189, 'BEDROOM', 12, 'Night Stand', 1, '2024-01-04 18:00:30'),
(576, 189, 'BEDROOM', 12, 'Bed Frame', 2, '2024-01-04 18:00:30'),
(577, 189, 'KITCHEN', 7, 'Table', 1, '2024-01-04 18:00:30'),
(578, 189, 'KITCHEN', 7, 'Chairs', 1, '2024-01-04 18:00:30'),
(579, 189, 'KITCHEN', 7, 'Bar Stool', 1, '2024-01-04 18:00:30'),
(580, 189, 'KITCHEN', 7, 'Pan Set', 1, '2024-01-04 18:00:30'),
(581, 189, 'KITCHEN', 7, 'Dish Set (4)', 1, '2024-01-04 18:00:30'),
(582, 189, 'KITCHEN', 7, 'Music Kit box', 1, '2024-01-04 18:00:30'),
(583, 189, 'KITCHEN', 7, 'Xtra Kit items', 1, '2024-01-04 18:00:30'),
(584, 189, 'MISC', 6, 'Lamp', 1, '2024-01-04 18:00:30'),
(585, 189, 'MISC', 6, 'Lg Rug', 1, '2024-01-04 18:00:30'),
(586, 189, 'MISC', 6, 'Sm Rug', 1, '2024-01-04 18:00:30'),
(587, 189, 'MISC', 6, 'TV Tray', 1, '2024-01-04 18:00:30'),
(588, 189, 'MISC', 6, 'Folding table', 1, '2024-01-04 18:00:30'),
(589, 189, 'MISC', 6, 'Folding chair', 1, '2024-01-04 18:00:30'),
(590, 190, 'BATH', 6, 'Towel Set', 1, '2024-01-04 18:06:59'),
(591, 190, 'BATH', 6, 'Bath mat', 1, '2024-01-04 18:06:59'),
(592, 190, 'BATH', 6, 'Shower Curtain', 1, '2024-01-04 18:06:59'),
(593, 190, 'BATH', 6, 'Trash Can', 1, '2024-01-04 18:06:59'),
(594, 190, 'BATH', 6, 'Laundry Basket', 1, '2024-01-04 18:06:59'),
(595, 190, 'BATH', 6, 'Hangers', 1, '2024-01-04 18:06:59'),
(596, 190, 'LIVINGROOM', 8, 'Couch', 1, '2024-01-04 18:06:59'),
(597, 190, 'LIVINGROOM', 8, 'Loveseat', 1, '2024-01-04 18:06:59'),
(598, 190, 'LIVINGROOM', 8, 'LR Chair', 1, '2024-01-04 18:06:59'),
(599, 190, 'LIVINGROOM', 8, 'Rocker', 1, '2024-01-04 18:06:59'),
(600, 190, 'LIVINGROOM', 8, 'End tbl/coffee', 1, '2024-01-04 18:06:59'),
(601, 190, 'LIVINGROOM', 8, 'Book Case', 1, '2024-01-04 18:06:59'),
(602, 190, 'LIVINGROOM', 8, 'Desk', 1, '2024-01-04 18:06:59'),
(603, 190, 'LIVINGROOM', 8, 'TV stand', 1, '2024-01-04 18:06:59'),
(604, 190, 'BEDDING', 6, 'Sheet set', 1, '2024-01-04 18:06:59'),
(605, 190, 'BEDDING', 6, 'Blanket', 1, '2024-01-04 18:06:59'),
(606, 190, 'BEDDING', 6, 'Comforter', 1, '2024-01-04 18:06:59'),
(607, 190, 'BEDDING', 6, 'Pillow', 1, '2024-01-04 18:06:59'),
(608, 190, 'BEDDING', 6, 'Throw pillows', 1, '2024-01-04 18:06:59'),
(609, 190, 'BEDDING', 6, 'Matt Pad', 1, '2024-01-04 18:06:59'),
(610, 190, 'BEDROOM', 12, 'Qn.Matt', 1, '2024-01-04 18:06:59'),
(611, 190, 'BEDROOM', 12, 'Qn Box', 1, '2024-01-04 18:06:59'),
(612, 190, 'BEDROOM', 12, 'Full Matt', 1, '2024-01-04 18:06:59'),
(613, 190, 'BEDROOM', 12, 'Full Box', 1, '2024-01-04 18:06:59'),
(614, 190, 'BEDROOM', 12, 'Twin Matt', 1, '2024-01-04 18:06:59'),
(615, 190, 'BEDROOM', 12, 'Twin Box', 2, '2024-01-04 18:06:59'),
(616, 190, 'BEDROOM', 12, 'Dresser ', 2, '2024-01-04 18:06:59'),
(617, 190, 'BEDROOM', 12, 'Night Stand', 1, '2024-01-04 18:06:59'),
(618, 190, 'BEDROOM', 12, 'Bed Frame', 2, '2024-01-04 18:06:59'),
(619, 190, 'KITCHEN', 7, 'Table', 1, '2024-01-04 18:06:59'),
(620, 190, 'KITCHEN', 7, 'Chairs', 1, '2024-01-04 18:06:59'),
(621, 190, 'KITCHEN', 7, 'Bar Stool', 1, '2024-01-04 18:06:59'),
(622, 190, 'KITCHEN', 7, 'Pan Set', 1, '2024-01-04 18:06:59'),
(623, 190, 'KITCHEN', 7, 'Dish Set (4)', 1, '2024-01-04 18:06:59'),
(624, 190, 'KITCHEN', 7, 'Music Kit box', 1, '2024-01-04 18:06:59'),
(625, 190, 'KITCHEN', 7, 'Xtra Kit items', 1, '2024-01-04 18:06:59'),
(626, 190, 'MISC', 6, 'Lamp', 1, '2024-01-04 18:06:59'),
(627, 190, 'MISC', 6, 'Lg Rug', 1, '2024-01-04 18:06:59'),
(628, 190, 'MISC', 6, 'Sm Rug', 1, '2024-01-04 18:06:59'),
(629, 190, 'MISC', 6, 'TV Tray', 1, '2024-01-04 18:06:59'),
(630, 190, 'MISC', 6, 'Folding table', 1, '2024-01-04 18:06:59'),
(631, 190, 'MISC', 6, 'Folding chair', 1, '2024-01-04 18:06:59'),
(632, 191, 'BATH', 6, 'Towel Set', 1, '2024-01-04 18:09:48'),
(633, 191, 'BATH', 6, 'Bath mat', 1, '2024-01-04 18:09:48'),
(634, 191, 'BATH', 6, 'Shower Curtain', 1, '2024-01-04 18:09:48'),
(635, 191, 'BATH', 6, 'Trash Can', 1, '2024-01-04 18:09:48'),
(636, 191, 'BATH', 6, 'Laundry Basket', 1, '2024-01-04 18:09:48'),
(637, 191, 'BATH', 6, 'Hangers', 1, '2024-01-04 18:09:48'),
(638, 191, 'LIVINGROOM', 8, 'Couch', 1, '2024-01-04 18:09:48'),
(639, 191, 'LIVINGROOM', 8, 'Loveseat', 1, '2024-01-04 18:09:48'),
(640, 191, 'LIVINGROOM', 8, 'LR Chair', 1, '2024-01-04 18:09:48'),
(641, 191, 'LIVINGROOM', 8, 'Rocker', 1, '2024-01-04 18:09:48'),
(642, 191, 'LIVINGROOM', 8, 'End tbl/coffee', 1, '2024-01-04 18:09:48'),
(643, 191, 'LIVINGROOM', 8, 'Book Case', 1, '2024-01-04 18:09:48'),
(644, 191, 'LIVINGROOM', 8, 'Desk', 1, '2024-01-04 18:09:48'),
(645, 191, 'LIVINGROOM', 8, 'TV stand', 1, '2024-01-04 18:09:48'),
(646, 191, 'BEDDING', 6, 'Sheet set', 1, '2024-01-04 18:09:48'),
(647, 191, 'BEDDING', 6, 'Blanket', 1, '2024-01-04 18:09:48'),
(648, 191, 'BEDDING', 6, 'Comforter', 1, '2024-01-04 18:09:48'),
(649, 191, 'BEDDING', 6, 'Pillow', 1, '2024-01-04 18:09:48'),
(650, 191, 'BEDDING', 6, 'Throw pillows', 1, '2024-01-04 18:09:48'),
(651, 191, 'BEDDING', 6, 'Matt Pad', 1, '2024-01-04 18:09:48'),
(652, 191, 'BEDROOM', 12, 'Qn.Matt', 1, '2024-01-04 18:09:48'),
(653, 191, 'BEDROOM', 12, 'Qn Box', 1, '2024-01-04 18:09:48'),
(654, 191, 'BEDROOM', 12, 'Full Matt', 1, '2024-01-04 18:09:48'),
(655, 191, 'BEDROOM', 12, 'Full Box', 1, '2024-01-04 18:09:48'),
(656, 191, 'BEDROOM', 12, 'Twin Matt', 1, '2024-01-04 18:09:48'),
(657, 191, 'BEDROOM', 12, 'Twin Box', 2, '2024-01-04 18:09:48'),
(658, 191, 'BEDROOM', 12, 'Dresser ', 2, '2024-01-04 18:09:48'),
(659, 191, 'BEDROOM', 12, 'Night Stand', 1, '2024-01-04 18:09:48'),
(660, 191, 'BEDROOM', 12, 'Bed Frame', 2, '2024-01-04 18:09:48'),
(661, 191, 'KITCHEN', 7, 'Table', 1, '2024-01-04 18:09:48'),
(662, 191, 'KITCHEN', 7, 'Chairs', 1, '2024-01-04 18:09:48'),
(663, 191, 'KITCHEN', 7, 'Bar Stool', 1, '2024-01-04 18:09:48'),
(664, 191, 'KITCHEN', 7, 'Pan Set', 1, '2024-01-04 18:09:48'),
(665, 191, 'KITCHEN', 7, 'Dish Set (4)', 1, '2024-01-04 18:09:48'),
(666, 191, 'KITCHEN', 7, 'Music Kit box', 1, '2024-01-04 18:09:48'),
(667, 191, 'KITCHEN', 7, 'Xtra Kit items', 1, '2024-01-04 18:09:48'),
(668, 191, 'MISC', 6, 'Lamp', 1, '2024-01-04 18:09:48'),
(669, 191, 'MISC', 6, 'Lg Rug', 1, '2024-01-04 18:09:48'),
(670, 191, 'MISC', 6, 'Sm Rug', 1, '2024-01-04 18:09:48'),
(671, 191, 'MISC', 6, 'TV Tray', 1, '2024-01-04 18:09:48'),
(672, 191, 'MISC', 6, 'Folding table', 1, '2024-01-04 18:09:48'),
(673, 191, 'MISC', 6, 'Folding chair', 1, '2024-01-04 18:09:48'),
(674, 192, 'BATH', 6, 'Towel Set', 1, '2024-01-04 18:17:47'),
(675, 192, 'BATH', 6, 'Bath mat', 1, '2024-01-04 18:17:47'),
(676, 192, 'BATH', 6, 'Shower Curtain', 1, '2024-01-04 18:17:47'),
(677, 192, 'BATH', 6, 'Trash Can', 1, '2024-01-04 18:17:47'),
(678, 192, 'BATH', 6, 'Laundry Basket', 1, '2024-01-04 18:17:47'),
(679, 192, 'BATH', 6, 'Hangers', 1, '2024-01-04 18:17:47'),
(680, 192, 'LIVINGROOM', 8, 'Couch', 1, '2024-01-04 18:17:47'),
(681, 192, 'LIVINGROOM', 8, 'Loveseat', 1, '2024-01-04 18:17:47'),
(682, 192, 'LIVINGROOM', 8, 'LR Chair', 1, '2024-01-04 18:17:47'),
(683, 192, 'LIVINGROOM', 8, 'Rocker', 1, '2024-01-04 18:17:47'),
(684, 192, 'LIVINGROOM', 8, 'End tbl/coffee', 1, '2024-01-04 18:17:47'),
(685, 192, 'LIVINGROOM', 8, 'Book Case', 1, '2024-01-04 18:17:47'),
(686, 192, 'LIVINGROOM', 8, 'Desk', 1, '2024-01-04 18:17:47'),
(687, 192, 'LIVINGROOM', 8, 'TV stand', 1, '2024-01-04 18:17:47'),
(688, 192, 'BEDDING', 6, 'Sheet set', 1, '2024-01-04 18:17:47'),
(689, 192, 'BEDDING', 6, 'Blanket', 1, '2024-01-04 18:17:47'),
(690, 192, 'BEDDING', 6, 'Comforter', 1, '2024-01-04 18:17:47'),
(691, 192, 'BEDDING', 6, 'Pillow', 1, '2024-01-04 18:17:47'),
(692, 192, 'BEDDING', 6, 'Throw pillows', 1, '2024-01-04 18:17:47'),
(693, 192, 'BEDDING', 6, 'Matt Pad', 1, '2024-01-04 18:17:47'),
(694, 192, 'BEDROOM', 12, 'Qn.Matt', 1, '2024-01-04 18:17:47'),
(695, 192, 'BEDROOM', 12, 'Qn Box', 1, '2024-01-04 18:17:47'),
(696, 192, 'BEDROOM', 12, 'Full Matt', 1, '2024-01-04 18:17:47'),
(697, 192, 'BEDROOM', 12, 'Full Box', 1, '2024-01-04 18:17:47'),
(698, 192, 'BEDROOM', 12, 'Twin Matt', 1, '2024-01-04 18:17:47'),
(699, 192, 'BEDROOM', 12, 'Twin Box', 2, '2024-01-04 18:17:47'),
(700, 192, 'BEDROOM', 12, 'Dresser ', 2, '2024-01-04 18:17:47'),
(701, 192, 'BEDROOM', 12, 'Night Stand', 1, '2024-01-04 18:17:47'),
(702, 192, 'BEDROOM', 12, 'Bed Frame', 2, '2024-01-04 18:17:47'),
(703, 192, 'KITCHEN', 7, 'Table', 1, '2024-01-04 18:17:47'),
(704, 192, 'KITCHEN', 7, 'Chairs', 1, '2024-01-04 18:17:47'),
(705, 192, 'KITCHEN', 7, 'Bar Stool', 1, '2024-01-04 18:17:47'),
(706, 192, 'KITCHEN', 7, 'Pan Set', 1, '2024-01-04 18:17:47'),
(707, 192, 'KITCHEN', 7, 'Dish Set (4)', 1, '2024-01-04 18:17:47'),
(708, 192, 'KITCHEN', 7, 'Music Kit box', 1, '2024-01-04 18:17:47'),
(709, 192, 'KITCHEN', 7, 'Xtra Kit items', 1, '2024-01-04 18:17:47'),
(710, 192, 'MISC', 6, 'Lamp', 1, '2024-01-04 18:17:47'),
(711, 192, 'MISC', 6, 'Lg Rug', 1, '2024-01-04 18:17:47'),
(712, 192, 'MISC', 6, 'Sm Rug', 1, '2024-01-04 18:17:47'),
(713, 192, 'MISC', 6, 'TV Tray', 1, '2024-01-04 18:17:47'),
(714, 192, 'MISC', 6, 'Folding table', 1, '2024-01-04 18:17:47'),
(715, 192, 'MISC', 6, 'Folding chair', 1, '2024-01-04 18:17:47'),
(716, 193, 'BATH', 6, 'Towel Set', 1, '2024-01-04 18:20:12'),
(717, 193, 'BATH', 6, 'Bath mat', 1, '2024-01-04 18:20:12'),
(718, 193, 'BATH', 6, 'Shower Curtain', 1, '2024-01-04 18:20:12'),
(719, 193, 'BATH', 6, 'Trash Can', 1, '2024-01-04 18:20:12'),
(720, 193, 'BATH', 6, 'Laundry Basket', 1, '2024-01-04 18:20:12'),
(721, 193, 'BATH', 6, 'Hangers', 1, '2024-01-04 18:20:12'),
(722, 193, 'LIVINGROOM', 8, 'Couch', 1, '2024-01-04 18:20:12'),
(723, 193, 'LIVINGROOM', 8, 'Loveseat', 1, '2024-01-04 18:20:12'),
(724, 193, 'LIVINGROOM', 8, 'LR Chair', 1, '2024-01-04 18:20:12'),
(725, 193, 'LIVINGROOM', 8, 'Rocker', 1, '2024-01-04 18:20:12'),
(726, 193, 'LIVINGROOM', 8, 'End tbl/coffee', 1, '2024-01-04 18:20:12'),
(727, 193, 'LIVINGROOM', 8, 'Book Case', 1, '2024-01-04 18:20:12'),
(728, 193, 'LIVINGROOM', 8, 'Desk', 1, '2024-01-04 18:20:12'),
(729, 193, 'LIVINGROOM', 8, 'TV stand', 1, '2024-01-04 18:20:12'),
(730, 193, 'BEDDING', 6, 'Sheet set', 1, '2024-01-04 18:20:12'),
(731, 193, 'BEDDING', 6, 'Blanket', 1, '2024-01-04 18:20:12'),
(732, 193, 'BEDDING', 6, 'Comforter', 1, '2024-01-04 18:20:12'),
(733, 193, 'BEDDING', 6, 'Pillow', 1, '2024-01-04 18:20:12'),
(734, 193, 'BEDDING', 6, 'Throw pillows', 1, '2024-01-04 18:20:12'),
(735, 193, 'BEDDING', 6, 'Matt Pad', 1, '2024-01-04 18:20:12'),
(736, 193, 'BEDROOM', 12, 'Qn.Matt', 1, '2024-01-04 18:20:12'),
(737, 193, 'BEDROOM', 12, 'Qn Box', 1, '2024-01-04 18:20:12'),
(738, 193, 'BEDROOM', 12, 'Full Matt', 1, '2024-01-04 18:20:12'),
(739, 193, 'BEDROOM', 12, 'Full Box', 1, '2024-01-04 18:20:12'),
(740, 193, 'BEDROOM', 12, 'Twin Matt', 1, '2024-01-04 18:20:12'),
(741, 193, 'BEDROOM', 12, 'Twin Box', 2, '2024-01-04 18:20:12'),
(742, 193, 'BEDROOM', 12, 'Dresser ', 2, '2024-01-04 18:20:12'),
(743, 193, 'BEDROOM', 12, 'Night Stand', 1, '2024-01-04 18:20:12'),
(744, 193, 'BEDROOM', 12, 'Bed Frame', 2, '2024-01-04 18:20:12'),
(745, 193, 'KITCHEN', 7, 'Table', 1, '2024-01-04 18:20:12'),
(746, 193, 'KITCHEN', 7, 'Chairs', 1, '2024-01-04 18:20:12'),
(747, 193, 'KITCHEN', 7, 'Bar Stool', 1, '2024-01-04 18:20:12'),
(748, 193, 'KITCHEN', 7, 'Pan Set', 1, '2024-01-04 18:20:12'),
(749, 193, 'KITCHEN', 7, 'Dish Set (4)', 1, '2024-01-04 18:20:12'),
(750, 193, 'KITCHEN', 7, 'Music Kit box', 1, '2024-01-04 18:20:12'),
(751, 193, 'KITCHEN', 7, 'Xtra Kit items', 1, '2024-01-04 18:20:12'),
(752, 193, 'MISC', 6, 'Lamp', 1, '2024-01-04 18:20:12'),
(753, 193, 'MISC', 6, 'Lg Rug', 1, '2024-01-04 18:20:12'),
(754, 193, 'MISC', 6, 'Sm Rug', 1, '2024-01-04 18:20:12'),
(755, 193, 'MISC', 6, 'TV Tray', 1, '2024-01-04 18:20:12'),
(756, 193, 'MISC', 6, 'Folding table', 1, '2024-01-04 18:20:12'),
(757, 193, 'MISC', 6, 'Folding chair', 1, '2024-01-04 18:20:12'),
(758, 194, 'BATH', 6, 'Towel Set', 1, '2024-01-04 18:21:55'),
(759, 194, 'BATH', 6, 'Bath mat', 1, '2024-01-04 18:21:55'),
(760, 194, 'BATH', 6, 'Shower Curtain', 1, '2024-01-04 18:21:55'),
(761, 194, 'BATH', 6, 'Trash Can', 1, '2024-01-04 18:21:55'),
(762, 194, 'BATH', 6, 'Laundry Basket', 1, '2024-01-04 18:21:55'),
(763, 194, 'BATH', 6, 'Hangers', 1, '2024-01-04 18:21:55'),
(764, 194, 'LIVINGROOM', 8, 'Couch', 1, '2024-01-04 18:21:55'),
(765, 194, 'LIVINGROOM', 8, 'Loveseat', 1, '2024-01-04 18:21:55'),
(766, 194, 'LIVINGROOM', 8, 'LR Chair', 1, '2024-01-04 18:21:55'),
(767, 194, 'LIVINGROOM', 8, 'Rocker', 1, '2024-01-04 18:21:55'),
(768, 194, 'LIVINGROOM', 8, 'End tbl/coffee', 1, '2024-01-04 18:21:55'),
(769, 194, 'LIVINGROOM', 8, 'Book Case', 1, '2024-01-04 18:21:55'),
(770, 194, 'LIVINGROOM', 8, 'Desk', 1, '2024-01-04 18:21:55'),
(771, 194, 'LIVINGROOM', 8, 'TV stand', 1, '2024-01-04 18:21:55'),
(772, 194, 'BEDDING', 6, 'Sheet set', 1, '2024-01-04 18:21:55'),
(773, 194, 'BEDDING', 6, 'Blanket', 1, '2024-01-04 18:21:55'),
(774, 194, 'BEDDING', 6, 'Comforter', 1, '2024-01-04 18:21:55'),
(775, 194, 'BEDDING', 6, 'Pillow', 1, '2024-01-04 18:21:55'),
(776, 194, 'BEDDING', 6, 'Throw pillows', 1, '2024-01-04 18:21:55'),
(777, 194, 'BEDDING', 6, 'Matt Pad', 1, '2024-01-04 18:21:55'),
(778, 194, 'BEDROOM', 12, 'Qn.Matt', 1, '2024-01-04 18:21:55'),
(779, 194, 'BEDROOM', 12, 'Qn Box', 1, '2024-01-04 18:21:55'),
(780, 194, 'BEDROOM', 12, 'Full Matt', 1, '2024-01-04 18:21:55'),
(781, 194, 'BEDROOM', 12, 'Full Box', 1, '2024-01-04 18:21:55'),
(782, 194, 'BEDROOM', 12, 'Twin Matt', 1, '2024-01-04 18:21:55'),
(783, 194, 'BEDROOM', 12, 'Twin Box', 2, '2024-01-04 18:21:55'),
(784, 194, 'BEDROOM', 12, 'Dresser ', 2, '2024-01-04 18:21:55'),
(785, 194, 'BEDROOM', 12, 'Night Stand', 1, '2024-01-04 18:21:55'),
(786, 194, 'BEDROOM', 12, 'Bed Frame', 2, '2024-01-04 18:21:55'),
(787, 194, 'KITCHEN', 7, 'Table', 1, '2024-01-04 18:21:55'),
(788, 194, 'KITCHEN', 7, 'Chairs', 1, '2024-01-04 18:21:55'),
(789, 194, 'KITCHEN', 7, 'Bar Stool', 1, '2024-01-04 18:21:55'),
(790, 194, 'KITCHEN', 7, 'Pan Set', 1, '2024-01-04 18:21:55'),
(791, 194, 'KITCHEN', 7, 'Dish Set (4)', 1, '2024-01-04 18:21:55'),
(792, 194, 'KITCHEN', 7, 'Music Kit box', 1, '2024-01-04 18:21:55'),
(793, 194, 'KITCHEN', 7, 'Xtra Kit items', 1, '2024-01-04 18:21:55'),
(794, 194, 'MISC', 6, 'Lamp', 1, '2024-01-04 18:21:55'),
(795, 194, 'MISC', 6, 'Lg Rug', 1, '2024-01-04 18:21:55'),
(796, 194, 'MISC', 6, 'Sm Rug', 1, '2024-01-04 18:21:55'),
(797, 194, 'MISC', 6, 'TV Tray', 1, '2024-01-04 18:21:55'),
(798, 194, 'MISC', 6, 'Folding table', 1, '2024-01-04 18:21:55'),
(799, 194, 'MISC', 6, 'Folding chair', 1, '2024-01-04 18:21:55'),
(800, 195, 'BATH', 6, 'Towel Set', 1, '2024-01-04 18:22:02'),
(801, 195, 'BATH', 6, 'Bath mat', 1, '2024-01-04 18:22:02'),
(802, 195, 'BATH', 6, 'Shower Curtain', 1, '2024-01-04 18:22:02'),
(803, 195, 'BATH', 6, 'Trash Can', 1, '2024-01-04 18:22:02'),
(804, 195, 'BATH', 6, 'Laundry Basket', 1, '2024-01-04 18:22:02'),
(805, 195, 'BATH', 6, 'Hangers', 1, '2024-01-04 18:22:02'),
(806, 195, 'LIVINGROOM', 8, 'Couch', 1, '2024-01-04 18:22:02'),
(807, 195, 'LIVINGROOM', 8, 'Loveseat', 1, '2024-01-04 18:22:02'),
(808, 195, 'LIVINGROOM', 8, 'LR Chair', 1, '2024-01-04 18:22:02'),
(809, 195, 'LIVINGROOM', 8, 'Rocker', 1, '2024-01-04 18:22:02'),
(810, 195, 'LIVINGROOM', 8, 'End tbl/coffee', 1, '2024-01-04 18:22:02'),
(811, 195, 'LIVINGROOM', 8, 'Book Case', 1, '2024-01-04 18:22:02'),
(812, 195, 'LIVINGROOM', 8, 'Desk', 1, '2024-01-04 18:22:02'),
(813, 195, 'LIVINGROOM', 8, 'TV stand', 1, '2024-01-04 18:22:02'),
(814, 195, 'BEDDING', 6, 'Sheet set', 1, '2024-01-04 18:22:02'),
(815, 195, 'BEDDING', 6, 'Blanket', 1, '2024-01-04 18:22:02'),
(816, 195, 'BEDDING', 6, 'Comforter', 1, '2024-01-04 18:22:02'),
(817, 195, 'BEDDING', 6, 'Pillow', 1, '2024-01-04 18:22:02'),
(818, 195, 'BEDDING', 6, 'Throw pillows', 1, '2024-01-04 18:22:02'),
(819, 195, 'BEDDING', 6, 'Matt Pad', 1, '2024-01-04 18:22:02'),
(820, 195, 'BEDROOM', 12, 'Qn.Matt', 1, '2024-01-04 18:22:02'),
(821, 195, 'BEDROOM', 12, 'Qn Box', 1, '2024-01-04 18:22:02'),
(822, 195, 'BEDROOM', 12, 'Full Matt', 1, '2024-01-04 18:22:02'),
(823, 195, 'BEDROOM', 12, 'Full Box', 1, '2024-01-04 18:22:02'),
(824, 195, 'BEDROOM', 12, 'Twin Matt', 1, '2024-01-04 18:22:02'),
(825, 195, 'BEDROOM', 12, 'Twin Box', 2, '2024-01-04 18:22:02'),
(826, 195, 'BEDROOM', 12, 'Dresser ', 2, '2024-01-04 18:22:02'),
(827, 195, 'BEDROOM', 12, 'Night Stand', 1, '2024-01-04 18:22:02'),
(828, 195, 'BEDROOM', 12, 'Bed Frame', 2, '2024-01-04 18:22:02'),
(829, 195, 'KITCHEN', 7, 'Table', 1, '2024-01-04 18:22:02'),
(830, 195, 'KITCHEN', 7, 'Chairs', 1, '2024-01-04 18:22:02'),
(831, 195, 'KITCHEN', 7, 'Bar Stool', 1, '2024-01-04 18:22:02'),
(832, 195, 'KITCHEN', 7, 'Pan Set', 1, '2024-01-04 18:22:02'),
(833, 195, 'KITCHEN', 7, 'Dish Set (4)', 1, '2024-01-04 18:22:02'),
(834, 195, 'KITCHEN', 7, 'Music Kit box', 1, '2024-01-04 18:22:02'),
(835, 195, 'KITCHEN', 7, 'Xtra Kit items', 1, '2024-01-04 18:22:02'),
(836, 195, 'MISC', 6, 'Lamp', 1, '2024-01-04 18:22:02'),
(837, 195, 'MISC', 6, 'Lg Rug', 1, '2024-01-04 18:22:02'),
(838, 195, 'MISC', 6, 'Sm Rug', 1, '2024-01-04 18:22:02'),
(839, 195, 'MISC', 6, 'TV Tray', 1, '2024-01-04 18:22:02'),
(840, 195, 'MISC', 6, 'Folding table', 1, '2024-01-04 18:22:02'),
(841, 195, 'MISC', 6, 'Folding chair', 1, '2024-01-04 18:22:02'),
(842, 196, 'BATH', 6, 'Towel Set', 1, '2024-01-04 18:23:59'),
(843, 196, 'BATH', 6, 'Bath mat', 1, '2024-01-04 18:23:59'),
(844, 196, 'BATH', 6, 'Shower Curtain', 1, '2024-01-04 18:23:59'),
(845, 196, 'BATH', 6, 'Trash Can', 1, '2024-01-04 18:23:59'),
(846, 196, 'BATH', 6, 'Laundry Basket', 1, '2024-01-04 18:23:59'),
(847, 196, 'BATH', 6, 'Hangers', 1, '2024-01-04 18:23:59'),
(848, 196, 'LIVINGROOM', 8, 'Couch', 1, '2024-01-04 18:23:59'),
(849, 196, 'LIVINGROOM', 8, 'Loveseat', 1, '2024-01-04 18:23:59'),
(850, 196, 'LIVINGROOM', 8, 'LR Chair', 1, '2024-01-04 18:23:59'),
(851, 196, 'LIVINGROOM', 8, 'Rocker', 1, '2024-01-04 18:23:59'),
(852, 196, 'LIVINGROOM', 8, 'End tbl/coffee', 1, '2024-01-04 18:23:59'),
(853, 196, 'LIVINGROOM', 8, 'Book Case', 1, '2024-01-04 18:23:59'),
(854, 196, 'LIVINGROOM', 8, 'Desk', 1, '2024-01-04 18:23:59'),
(855, 196, 'LIVINGROOM', 8, 'TV stand', 1, '2024-01-04 18:23:59'),
(856, 196, 'BEDDING', 6, 'Sheet set', 1, '2024-01-04 18:23:59'),
(857, 196, 'BEDDING', 6, 'Blanket', 1, '2024-01-04 18:23:59'),
(858, 196, 'BEDDING', 6, 'Comforter', 1, '2024-01-04 18:23:59'),
(859, 196, 'BEDDING', 6, 'Pillow', 1, '2024-01-04 18:23:59'),
(860, 196, 'BEDDING', 6, 'Throw pillows', 1, '2024-01-04 18:23:59'),
(861, 196, 'BEDDING', 6, 'Matt Pad', 1, '2024-01-04 18:23:59'),
(862, 196, 'BEDROOM', 12, 'Qn.Matt', 1, '2024-01-04 18:23:59'),
(863, 196, 'BEDROOM', 12, 'Qn Box', 1, '2024-01-04 18:23:59'),
(864, 196, 'BEDROOM', 12, 'Full Matt', 1, '2024-01-04 18:23:59'),
(865, 196, 'BEDROOM', 12, 'Full Box', 1, '2024-01-04 18:23:59');
INSERT INTO `requestorder` (`id`, `family_id`, `category`, `categoryTotal`, `requestedItem`, `amountNeeded`, `daterequested`) VALUES
(866, 196, 'BEDROOM', 12, 'Twin Matt', 1, '2024-01-04 18:23:59'),
(867, 196, 'BEDROOM', 12, 'Twin Box', 2, '2024-01-04 18:23:59'),
(868, 196, 'BEDROOM', 12, 'Dresser ', 2, '2024-01-04 18:23:59'),
(869, 196, 'BEDROOM', 12, 'Night Stand', 1, '2024-01-04 18:23:59'),
(870, 196, 'BEDROOM', 12, 'Bed Frame', 2, '2024-01-04 18:23:59'),
(871, 196, 'KITCHEN', 7, 'Table', 1, '2024-01-04 18:23:59'),
(872, 196, 'KITCHEN', 7, 'Chairs', 1, '2024-01-04 18:23:59'),
(873, 196, 'KITCHEN', 7, 'Bar Stool', 1, '2024-01-04 18:23:59'),
(874, 196, 'KITCHEN', 7, 'Pan Set', 1, '2024-01-04 18:23:59'),
(875, 196, 'KITCHEN', 7, 'Dish Set (4)', 1, '2024-01-04 18:23:59'),
(876, 196, 'KITCHEN', 7, 'Music Kit box', 1, '2024-01-04 18:23:59'),
(877, 196, 'KITCHEN', 7, 'Xtra Kit items', 1, '2024-01-04 18:23:59'),
(878, 196, 'MISC', 6, 'Lamp', 1, '2024-01-04 18:23:59'),
(879, 196, 'MISC', 6, 'Lg Rug', 1, '2024-01-04 18:23:59'),
(880, 196, 'MISC', 6, 'Sm Rug', 1, '2024-01-04 18:23:59'),
(881, 196, 'MISC', 6, 'TV Tray', 1, '2024-01-04 18:23:59'),
(882, 196, 'MISC', 6, 'Folding table', 1, '2024-01-04 18:23:59'),
(883, 196, 'MISC', 6, 'Folding chair', 1, '2024-01-04 18:23:59'),
(884, 197, 'BATH', 6, 'Towel Set', 1, '2024-01-04 18:30:53'),
(885, 197, 'BATH', 6, 'Bath mat', 1, '2024-01-04 18:30:53'),
(886, 197, 'BATH', 6, 'Shower Curtain', 1, '2024-01-04 18:30:53'),
(887, 197, 'BATH', 6, 'Trash Can', 1, '2024-01-04 18:30:53'),
(888, 197, 'BATH', 6, 'Laundry Basket', 1, '2024-01-04 18:30:53'),
(889, 197, 'BATH', 6, 'Hangers', 1, '2024-01-04 18:30:53'),
(890, 197, 'LIVINGROOM', 8, 'Couch', 1, '2024-01-04 18:30:53'),
(891, 197, 'LIVINGROOM', 8, 'Loveseat', 1, '2024-01-04 18:30:53'),
(892, 197, 'LIVINGROOM', 8, 'LR Chair', 1, '2024-01-04 18:30:53'),
(893, 197, 'LIVINGROOM', 8, 'Rocker', 1, '2024-01-04 18:30:53'),
(894, 197, 'LIVINGROOM', 8, 'End tbl/coffee', 1, '2024-01-04 18:30:53'),
(895, 197, 'LIVINGROOM', 8, 'Book Case', 1, '2024-01-04 18:30:53'),
(896, 197, 'LIVINGROOM', 8, 'Desk', 1, '2024-01-04 18:30:53'),
(897, 197, 'LIVINGROOM', 8, 'TV stand', 1, '2024-01-04 18:30:53'),
(898, 197, 'BEDDING', 6, 'Sheet set', 1, '2024-01-04 18:30:53'),
(899, 197, 'BEDDING', 6, 'Blanket', 1, '2024-01-04 18:30:53'),
(900, 197, 'BEDDING', 6, 'Comforter', 1, '2024-01-04 18:30:53'),
(901, 197, 'BEDDING', 6, 'Pillow', 1, '2024-01-04 18:30:53'),
(902, 197, 'BEDDING', 6, 'Throw pillows', 1, '2024-01-04 18:30:53'),
(903, 197, 'BEDDING', 6, 'Matt Pad', 1, '2024-01-04 18:30:53'),
(904, 197, 'BEDROOM', 12, 'Qn.Matt', 1, '2024-01-04 18:30:53'),
(905, 197, 'BEDROOM', 12, 'Qn Box', 1, '2024-01-04 18:30:53'),
(906, 197, 'BEDROOM', 12, 'Full Matt', 1, '2024-01-04 18:30:53'),
(907, 197, 'BEDROOM', 12, 'Full Box', 1, '2024-01-04 18:30:53'),
(908, 197, 'BEDROOM', 12, 'Twin Matt', 1, '2024-01-04 18:30:53'),
(909, 197, 'BEDROOM', 12, 'Twin Box', 2, '2024-01-04 18:30:53'),
(910, 197, 'BEDROOM', 12, 'Dresser ', 2, '2024-01-04 18:30:53'),
(911, 197, 'BEDROOM', 12, 'Night Stand', 1, '2024-01-04 18:30:53'),
(912, 197, 'BEDROOM', 12, 'Bed Frame', 2, '2024-01-04 18:30:53'),
(913, 197, 'KITCHEN', 7, 'Table', 1, '2024-01-04 18:30:53'),
(914, 197, 'KITCHEN', 7, 'Chairs', 1, '2024-01-04 18:30:53'),
(915, 197, 'KITCHEN', 7, 'Bar Stool', 1, '2024-01-04 18:30:53'),
(916, 197, 'KITCHEN', 7, 'Pan Set', 1, '2024-01-04 18:30:53'),
(917, 197, 'KITCHEN', 7, 'Dish Set (4)', 1, '2024-01-04 18:30:53'),
(918, 197, 'KITCHEN', 7, 'Music Kit box', 1, '2024-01-04 18:30:53'),
(919, 197, 'KITCHEN', 7, 'Xtra Kit items', 1, '2024-01-04 18:30:53'),
(920, 197, 'MISC', 6, 'Lamp', 1, '2024-01-04 18:30:53'),
(921, 197, 'MISC', 6, 'Lg Rug', 1, '2024-01-04 18:30:53'),
(922, 197, 'MISC', 6, 'Sm Rug', 1, '2024-01-04 18:30:53'),
(923, 197, 'MISC', 6, 'TV Tray', 1, '2024-01-04 18:30:53'),
(924, 197, 'MISC', 6, 'Folding table', 1, '2024-01-04 18:30:53'),
(925, 197, 'MISC', 6, 'Folding chair', 1, '2024-01-04 18:30:53'),
(926, 211, 'BABY', 5, 'Toddler bed', 2, '2024-01-05 16:07:39'),
(927, 211, 'BABY', 5, 'Child bag', 3, '2024-01-05 16:07:39'),
(928, 212, 'BATH', 6, 'Towel Set', 1, '2024-01-07 12:50:25'),
(929, 212, 'BATH', 6, 'Bath mat', 1, '2024-01-07 12:50:25'),
(930, 212, 'BATH', 6, 'Shower Curtain', 1, '2024-01-07 12:50:25'),
(931, 212, 'BATH', 6, 'Trash Can', 1, '2024-01-07 12:50:25'),
(932, 212, 'BATH', 6, 'Laundry Basket', 1, '2024-01-07 12:50:25'),
(933, 212, 'BATH', 6, 'Hangers', 1, '2024-01-07 12:50:25'),
(934, 212, 'LIVINGROOM', 9, 'Couch', 1, '2024-01-07 12:50:25'),
(935, 212, 'LIVINGROOM', 9, 'Loveseat', 1, '2024-01-07 12:50:25'),
(936, 212, 'LIVINGROOM', 9, 'LR Chair', 1, '2024-01-07 12:50:25'),
(937, 212, 'LIVINGROOM', 9, 'Recliner', 1, '2024-01-07 12:50:25'),
(938, 212, 'LIVINGROOM', 9, 'Rocker', 1, '2024-01-07 12:50:25'),
(939, 212, 'LIVINGROOM', 9, 'End tbl/coffee', 1, '2024-01-07 12:50:25'),
(940, 212, 'LIVINGROOM', 9, 'Book Case', 1, '2024-01-07 12:50:25'),
(941, 212, 'LIVINGROOM', 9, 'Desk', 1, '2024-01-07 12:50:25'),
(942, 212, 'LIVINGROOM', 9, 'TV stand', 1, '2024-01-07 12:50:25'),
(943, 212, 'BEDDING', 14, 'Sheet set', 1, '2024-01-07 12:50:25'),
(944, 212, 'BEDDING', 14, 'Blanket', 2, '2024-01-07 12:50:25'),
(945, 212, 'BEDDING', 14, 'Comforter', 3, '2024-01-07 12:50:25'),
(946, 212, 'BEDDING', 14, 'Pillow', 4, '2024-01-07 12:50:25'),
(947, 212, 'BEDDING', 14, 'Throw pillows', 2, '2024-01-07 12:50:25'),
(948, 212, 'BEDDING', 14, 'Matt Pad', 2, '2024-01-07 12:50:25'),
(949, 212, 'BEDROOM', 9, 'Qn.Matt', 1, '2024-01-07 12:50:25'),
(950, 212, 'BEDROOM', 9, 'Qn Box', 1, '2024-01-07 12:50:25'),
(951, 212, 'BEDROOM', 9, 'Full Matt', 1, '2024-01-07 12:50:25'),
(952, 212, 'BEDROOM', 9, 'Full Box', 1, '2024-01-07 12:50:26'),
(953, 212, 'BEDROOM', 9, 'Twin Matt', 1, '2024-01-07 12:50:26'),
(954, 212, 'BEDROOM', 9, 'Twin Box', 1, '2024-01-07 12:50:26'),
(955, 212, 'BEDROOM', 9, 'Dresser ', 1, '2024-01-07 12:50:26'),
(956, 212, 'BEDROOM', 9, 'Night Stand', 1, '2024-01-07 12:50:26'),
(957, 212, 'BEDROOM', 9, 'Bed Frame', 1, '2024-01-07 12:50:26'),
(958, 212, 'KITCHEN', 6, 'Chairs', 1, '2024-01-07 12:50:26'),
(959, 212, 'KITCHEN', 6, 'Bar Stool', 1, '2024-01-07 12:50:26'),
(960, 212, 'KITCHEN', 6, 'Pan Set', 1, '2024-01-07 12:50:26'),
(961, 212, 'KITCHEN', 6, 'Dish Set (4)', 1, '2024-01-07 12:50:26'),
(962, 212, 'KITCHEN', 6, 'Music Kit box', 1, '2024-01-07 12:50:26'),
(963, 212, 'KITCHEN', 6, 'Xtra Kit items', 1, '2024-01-07 12:50:26'),
(964, 212, 'MISC', 6, 'Lamp', 1, '2024-01-07 12:50:26'),
(965, 212, 'MISC', 6, 'Lg Rug', 1, '2024-01-07 12:50:26'),
(966, 212, 'MISC', 6, 'Sm Rug', 1, '2024-01-07 12:50:26'),
(967, 212, 'MISC', 6, 'TV Tray', 1, '2024-01-07 12:50:26'),
(968, 212, 'MISC', 6, 'Folding table', 1, '2024-01-07 12:50:26'),
(969, 212, 'MISC', 6, 'Folding chair', 1, '2024-01-07 12:50:26'),
(970, 212, 'BABY', 3, 'Toddler bed', 1, '2024-01-07 12:50:26'),
(971, 212, 'BABY', 3, 'Child bag', 1, '2024-01-07 12:50:26'),
(972, 212, 'BABY', 3, 'crib', 1, '2024-01-07 12:50:26'),
(973, 213, 'BATH', 6, 'Towel Set', 1, '2024-01-07 12:56:24'),
(974, 213, 'BATH', 6, 'Bath mat', 1, '2024-01-07 12:56:24'),
(975, 213, 'BATH', 6, 'Shower Curtain', 1, '2024-01-07 12:56:24'),
(976, 213, 'BATH', 6, 'Trash Can', 1, '2024-01-07 12:56:24'),
(977, 213, 'BATH', 6, 'Laundry Basket', 1, '2024-01-07 12:56:24'),
(978, 213, 'BATH', 6, 'Hangers', 1, '2024-01-07 12:56:24'),
(979, 213, 'LIVINGROOM', 9, 'Couch', 1, '2024-01-07 12:56:24'),
(980, 213, 'LIVINGROOM', 9, 'Loveseat', 1, '2024-01-07 12:56:24'),
(981, 213, 'LIVINGROOM', 9, 'LR Chair', 1, '2024-01-07 12:56:24'),
(982, 213, 'LIVINGROOM', 9, 'Recliner', 1, '2024-01-07 12:56:24'),
(983, 213, 'LIVINGROOM', 9, 'Rocker', 1, '2024-01-07 12:56:24'),
(984, 213, 'LIVINGROOM', 9, 'End tbl/coffee', 1, '2024-01-07 12:56:24'),
(985, 213, 'LIVINGROOM', 9, 'Book Case', 1, '2024-01-07 12:56:24'),
(986, 213, 'LIVINGROOM', 9, 'Desk', 1, '2024-01-07 12:56:24'),
(987, 213, 'LIVINGROOM', 9, 'TV stand', 1, '2024-01-07 12:56:24'),
(988, 213, 'BEDDING', 14, 'Sheet set', 1, '2024-01-07 12:56:24'),
(989, 213, 'BEDDING', 14, 'Blanket', 2, '2024-01-07 12:56:24'),
(990, 213, 'BEDDING', 14, 'Comforter', 3, '2024-01-07 12:56:24'),
(991, 213, 'BEDDING', 14, 'Pillow', 4, '2024-01-07 12:56:24'),
(992, 213, 'BEDDING', 14, 'Throw pillows', 2, '2024-01-07 12:56:24'),
(993, 213, 'BEDDING', 14, 'Matt Pad', 2, '2024-01-07 12:56:24'),
(994, 213, 'BEDROOM', 9, 'Qn.Matt', 1, '2024-01-07 12:56:24'),
(995, 213, 'BEDROOM', 9, 'Qn Box', 1, '2024-01-07 12:56:24'),
(996, 213, 'BEDROOM', 9, 'Full Matt', 1, '2024-01-07 12:56:24'),
(997, 213, 'BEDROOM', 9, 'Full Box', 1, '2024-01-07 12:56:24'),
(998, 213, 'BEDROOM', 9, 'Twin Matt', 1, '2024-01-07 12:56:24'),
(999, 213, 'BEDROOM', 9, 'Twin Box', 1, '2024-01-07 12:56:24'),
(1000, 213, 'BEDROOM', 9, 'Dresser ', 1, '2024-01-07 12:56:24'),
(1001, 213, 'BEDROOM', 9, 'Night Stand', 1, '2024-01-07 12:56:24'),
(1002, 213, 'BEDROOM', 9, 'Bed Frame', 1, '2024-01-07 12:56:24'),
(1003, 213, 'KITCHEN', 6, 'Chairs', 1, '2024-01-07 12:56:24'),
(1004, 213, 'KITCHEN', 6, 'Bar Stool', 1, '2024-01-07 12:56:24'),
(1005, 213, 'KITCHEN', 6, 'Pan Set', 1, '2024-01-07 12:56:24'),
(1006, 213, 'KITCHEN', 6, 'Dish Set (4)', 1, '2024-01-07 12:56:24'),
(1007, 213, 'KITCHEN', 6, 'Music Kit box', 1, '2024-01-07 12:56:24'),
(1008, 213, 'KITCHEN', 6, 'Xtra Kit items', 1, '2024-01-07 12:56:24'),
(1009, 213, 'MISC', 6, 'Lamp', 1, '2024-01-07 12:56:24'),
(1010, 213, 'MISC', 6, 'Lg Rug', 1, '2024-01-07 12:56:24'),
(1011, 213, 'MISC', 6, 'Sm Rug', 1, '2024-01-07 12:56:24'),
(1012, 213, 'MISC', 6, 'TV Tray', 1, '2024-01-07 12:56:24'),
(1013, 213, 'MISC', 6, 'Folding table', 1, '2024-01-07 12:56:24'),
(1014, 213, 'MISC', 6, 'Folding chair', 1, '2024-01-07 12:56:24'),
(1015, 213, 'BABY', 3, 'Toddler bed', 1, '2024-01-07 12:56:24'),
(1016, 213, 'BABY', 3, 'Child bag', 1, '2024-01-07 12:56:24'),
(1017, 213, 'BABY', 3, 'crib', 1, '2024-01-07 12:56:24'),
(1018, 214, 'BATH', 12, 'Towel Set', 2, '2024-01-07 12:57:51'),
(1019, 214, 'BATH', 12, 'Bath mat', 2, '2024-01-07 12:57:51'),
(1020, 214, 'BATH', 12, 'Shower Curtain', 2, '2024-01-07 12:57:51'),
(1021, 214, 'BATH', 12, 'Trash Can', 2, '2024-01-07 12:57:51'),
(1022, 214, 'BATH', 12, 'Laundry Basket', 2, '2024-01-07 12:57:51'),
(1023, 214, 'BATH', 12, 'Hangers', 2, '2024-01-07 12:57:51'),
(1024, 214, 'LIVINGROOM', 17, 'Couch', 1, '2024-01-07 12:57:51'),
(1025, 214, 'LIVINGROOM', 17, 'Loveseat', 2, '2024-01-07 12:57:51'),
(1026, 214, 'LIVINGROOM', 17, 'LR Chair', 2, '2024-01-07 12:57:51'),
(1027, 214, 'LIVINGROOM', 17, 'Recliner', 2, '2024-01-07 12:57:51'),
(1028, 214, 'LIVINGROOM', 17, 'Rocker', 2, '2024-01-07 12:57:51'),
(1029, 214, 'LIVINGROOM', 17, 'End tbl/coffee', 2, '2024-01-07 12:57:51'),
(1030, 214, 'LIVINGROOM', 17, 'Book Case', 2, '2024-01-07 12:57:51'),
(1031, 214, 'LIVINGROOM', 17, 'Desk', 2, '2024-01-07 12:57:51'),
(1032, 214, 'LIVINGROOM', 17, 'TV stand', 2, '2024-01-07 12:57:51'),
(1033, 214, 'BEDDING', 20, 'Sheet set', 2, '2024-01-07 12:57:51'),
(1034, 214, 'BEDDING', 20, 'Blanket', 3, '2024-01-07 12:57:51'),
(1035, 214, 'BEDDING', 20, 'Comforter', 4, '2024-01-07 12:57:51'),
(1036, 214, 'BEDDING', 20, 'Pillow', 5, '2024-01-07 12:57:51'),
(1037, 214, 'BEDDING', 20, 'Throw pillows', 3, '2024-01-07 12:57:51'),
(1038, 214, 'BEDDING', 20, 'Matt Pad', 3, '2024-01-07 12:57:51'),
(1039, 214, 'BEDROOM', 9, 'Qn.Matt', 1, '2024-01-07 12:57:51'),
(1040, 214, 'BEDROOM', 9, 'Qn Box', 1, '2024-01-07 12:57:51'),
(1041, 214, 'BEDROOM', 9, 'Full Matt', 1, '2024-01-07 12:57:51'),
(1042, 214, 'BEDROOM', 9, 'Full Box', 1, '2024-01-07 12:57:51'),
(1043, 214, 'BEDROOM', 9, 'Twin Matt', 1, '2024-01-07 12:57:51'),
(1044, 214, 'BEDROOM', 9, 'Twin Box', 1, '2024-01-07 12:57:51'),
(1045, 214, 'BEDROOM', 9, 'Dresser ', 1, '2024-01-07 12:57:51'),
(1046, 214, 'BEDROOM', 9, 'Night Stand', 1, '2024-01-07 12:57:51'),
(1047, 214, 'BEDROOM', 9, 'Bed Frame', 1, '2024-01-07 12:57:51'),
(1048, 214, 'KITCHEN', 6, 'Chairs', 1, '2024-01-07 12:57:51'),
(1049, 214, 'KITCHEN', 6, 'Bar Stool', 1, '2024-01-07 12:57:51'),
(1050, 214, 'KITCHEN', 6, 'Pan Set', 1, '2024-01-07 12:57:51'),
(1051, 214, 'KITCHEN', 6, 'Dish Set (4)', 1, '2024-01-07 12:57:51'),
(1052, 214, 'KITCHEN', 6, 'Music Kit box', 1, '2024-01-07 12:57:51'),
(1053, 214, 'KITCHEN', 6, 'Xtra Kit items', 1, '2024-01-07 12:57:51'),
(1054, 214, 'MISC', 6, 'Lamp', 1, '2024-01-07 12:57:51'),
(1055, 214, 'MISC', 6, 'Lg Rug', 1, '2024-01-07 12:57:51'),
(1056, 214, 'MISC', 6, 'Sm Rug', 1, '2024-01-07 12:57:51'),
(1057, 214, 'MISC', 6, 'TV Tray', 1, '2024-01-07 12:57:51'),
(1058, 214, 'MISC', 6, 'Folding table', 1, '2024-01-07 12:57:51'),
(1059, 214, 'MISC', 6, 'Folding chair', 1, '2024-01-07 12:57:51'),
(1060, 214, 'BABY', 6, 'Toddler bed', 2, '2024-01-07 12:57:51'),
(1061, 214, 'BABY', 6, 'Child bag', 2, '2024-01-07 12:57:51'),
(1062, 214, 'BABY', 6, 'crib', 2, '2024-01-07 12:57:51'),
(1063, 215, 'BATH', 12, 'Towel Set', 2, '2024-01-07 13:10:28'),
(1064, 215, 'BATH', 12, 'Bath mat', 2, '2024-01-07 13:10:28'),
(1065, 215, 'BATH', 12, 'Shower Curtain', 2, '2024-01-07 13:10:28'),
(1066, 215, 'BATH', 12, 'Trash Can', 2, '2024-01-07 13:10:28'),
(1067, 215, 'BATH', 12, 'Laundry Basket', 2, '2024-01-07 13:10:28'),
(1068, 215, 'BATH', 12, 'Hangers', 2, '2024-01-07 13:10:28'),
(1069, 215, 'LIVINGROOM', 17, 'Couch', 1, '2024-01-07 13:10:28'),
(1070, 215, 'LIVINGROOM', 17, 'Loveseat', 2, '2024-01-07 13:10:28'),
(1071, 215, 'LIVINGROOM', 17, 'LR Chair', 2, '2024-01-07 13:10:28'),
(1072, 215, 'LIVINGROOM', 17, 'Recliner', 2, '2024-01-07 13:10:28'),
(1073, 215, 'LIVINGROOM', 17, 'Rocker', 2, '2024-01-07 13:10:28'),
(1074, 215, 'LIVINGROOM', 17, 'End tbl/coffee', 2, '2024-01-07 13:10:28'),
(1075, 215, 'LIVINGROOM', 17, 'Book Case', 2, '2024-01-07 13:10:28'),
(1076, 215, 'LIVINGROOM', 17, 'Desk', 2, '2024-01-07 13:10:28'),
(1077, 215, 'LIVINGROOM', 17, 'TV stand', 2, '2024-01-07 13:10:28'),
(1078, 215, 'BEDDING', 20, 'Sheet set', 2, '2024-01-07 13:10:28'),
(1079, 215, 'BEDDING', 20, 'Blanket', 3, '2024-01-07 13:10:28'),
(1080, 215, 'BEDDING', 20, 'Comforter', 4, '2024-01-07 13:10:28'),
(1081, 215, 'BEDDING', 20, 'Pillow', 5, '2024-01-07 13:10:28'),
(1082, 215, 'BEDDING', 20, 'Throw pillows', 3, '2024-01-07 13:10:28'),
(1083, 215, 'BEDDING', 20, 'Matt Pad', 3, '2024-01-07 13:10:28'),
(1084, 215, 'BEDROOM', 9, 'Qn.Matt', 1, '2024-01-07 13:10:28'),
(1085, 215, 'BEDROOM', 9, 'Qn Box', 1, '2024-01-07 13:10:28'),
(1086, 215, 'BEDROOM', 9, 'Full Matt', 1, '2024-01-07 13:10:28'),
(1087, 215, 'BEDROOM', 9, 'Full Box', 1, '2024-01-07 13:10:28'),
(1088, 215, 'BEDROOM', 9, 'Twin Matt', 1, '2024-01-07 13:10:28'),
(1089, 215, 'BEDROOM', 9, 'Twin Box', 1, '2024-01-07 13:10:28'),
(1090, 215, 'BEDROOM', 9, 'Dresser ', 1, '2024-01-07 13:10:28'),
(1091, 215, 'BEDROOM', 9, 'Night Stand', 1, '2024-01-07 13:10:28'),
(1092, 215, 'BEDROOM', 9, 'Bed Frame', 1, '2024-01-07 13:10:28'),
(1093, 215, 'KITCHEN', 6, 'Chairs', 1, '2024-01-07 13:10:28'),
(1094, 215, 'KITCHEN', 6, 'Bar Stool', 1, '2024-01-07 13:10:28'),
(1095, 215, 'KITCHEN', 6, 'Pan Set', 1, '2024-01-07 13:10:28'),
(1096, 215, 'KITCHEN', 6, 'Dish Set (4)', 1, '2024-01-07 13:10:28'),
(1097, 215, 'KITCHEN', 6, 'Music Kit box', 1, '2024-01-07 13:10:28'),
(1098, 215, 'KITCHEN', 6, 'Xtra Kit items', 1, '2024-01-07 13:10:28'),
(1099, 215, 'MISC', 6, 'Lamp', 1, '2024-01-07 13:10:28'),
(1100, 215, 'MISC', 6, 'Lg Rug', 1, '2024-01-07 13:10:28'),
(1101, 215, 'MISC', 6, 'Sm Rug', 1, '2024-01-07 13:10:28'),
(1102, 215, 'MISC', 6, 'TV Tray', 1, '2024-01-07 13:10:28'),
(1103, 215, 'MISC', 6, 'Folding table', 1, '2024-01-07 13:10:28'),
(1104, 215, 'MISC', 6, 'Folding chair', 1, '2024-01-07 13:10:28'),
(1105, 215, 'BABY', 6, 'Toddler bed', 2, '2024-01-07 13:10:28'),
(1106, 215, 'BABY', 6, 'Child bag', 2, '2024-01-07 13:10:28'),
(1107, 215, 'BABY', 6, 'crib', 2, '2024-01-07 13:10:28'),
(1108, 216, 'BATH', 12, 'Towel Set', 2, '2024-01-07 13:13:08'),
(1109, 216, 'BATH', 12, 'Bath mat', 2, '2024-01-07 13:13:08'),
(1110, 216, 'BATH', 12, 'Shower Curtain', 2, '2024-01-07 13:13:08'),
(1111, 216, 'BATH', 12, 'Trash Can', 2, '2024-01-07 13:13:08'),
(1112, 216, 'BATH', 12, 'Laundry Basket', 2, '2024-01-07 13:13:08'),
(1113, 216, 'BATH', 12, 'Hangers', 2, '2024-01-07 13:13:08'),
(1114, 216, 'LIVINGROOM', 17, 'Couch', 1, '2024-01-07 13:13:08'),
(1115, 216, 'LIVINGROOM', 17, 'Loveseat', 2, '2024-01-07 13:13:08'),
(1116, 216, 'LIVINGROOM', 17, 'LR Chair', 2, '2024-01-07 13:13:08'),
(1117, 216, 'LIVINGROOM', 17, 'Recliner', 2, '2024-01-07 13:13:08'),
(1118, 216, 'LIVINGROOM', 17, 'Rocker', 2, '2024-01-07 13:13:08'),
(1119, 216, 'LIVINGROOM', 17, 'End tbl/coffee', 2, '2024-01-07 13:13:08'),
(1120, 216, 'LIVINGROOM', 17, 'Book Case', 2, '2024-01-07 13:13:08'),
(1121, 216, 'LIVINGROOM', 17, 'Desk', 2, '2024-01-07 13:13:08'),
(1122, 216, 'LIVINGROOM', 17, 'TV stand', 2, '2024-01-07 13:13:08'),
(1123, 216, 'BEDDING', 20, 'Sheet set', 2, '2024-01-07 13:13:08'),
(1124, 216, 'BEDDING', 20, 'Blanket', 3, '2024-01-07 13:13:08'),
(1125, 216, 'BEDDING', 20, 'Comforter', 4, '2024-01-07 13:13:08'),
(1126, 216, 'BEDDING', 20, 'Pillow', 5, '2024-01-07 13:13:08'),
(1127, 216, 'BEDDING', 20, 'Throw pillows', 3, '2024-01-07 13:13:08'),
(1128, 216, 'BEDDING', 20, 'Matt Pad', 3, '2024-01-07 13:13:08'),
(1129, 216, 'BEDROOM', 9, 'Qn.Matt', 1, '2024-01-07 13:13:08'),
(1130, 216, 'BEDROOM', 9, 'Qn Box', 1, '2024-01-07 13:13:08'),
(1131, 216, 'BEDROOM', 9, 'Full Matt', 1, '2024-01-07 13:13:08'),
(1132, 216, 'BEDROOM', 9, 'Full Box', 1, '2024-01-07 13:13:08'),
(1133, 216, 'BEDROOM', 9, 'Twin Matt', 1, '2024-01-07 13:13:08'),
(1134, 216, 'BEDROOM', 9, 'Twin Box', 1, '2024-01-07 13:13:08'),
(1135, 216, 'BEDROOM', 9, 'Dresser ', 1, '2024-01-07 13:13:08'),
(1136, 216, 'BEDROOM', 9, 'Night Stand', 1, '2024-01-07 13:13:08'),
(1137, 216, 'BEDROOM', 9, 'Bed Frame', 1, '2024-01-07 13:13:08'),
(1138, 216, 'KITCHEN', 6, 'Chairs', 1, '2024-01-07 13:13:08'),
(1139, 216, 'KITCHEN', 6, 'Bar Stool', 1, '2024-01-07 13:13:08'),
(1140, 216, 'KITCHEN', 6, 'Pan Set', 1, '2024-01-07 13:13:08'),
(1141, 216, 'KITCHEN', 6, 'Dish Set (4)', 1, '2024-01-07 13:13:08'),
(1142, 216, 'KITCHEN', 6, 'Music Kit box', 1, '2024-01-07 13:13:08'),
(1143, 216, 'KITCHEN', 6, 'Xtra Kit items', 1, '2024-01-07 13:13:08'),
(1144, 216, 'MISC', 6, 'Lamp', 1, '2024-01-07 13:13:08'),
(1145, 216, 'MISC', 6, 'Lg Rug', 1, '2024-01-07 13:13:08'),
(1146, 216, 'MISC', 6, 'Sm Rug', 1, '2024-01-07 13:13:08'),
(1147, 216, 'MISC', 6, 'TV Tray', 1, '2024-01-07 13:13:08'),
(1148, 216, 'MISC', 6, 'Folding table', 1, '2024-01-07 13:13:08'),
(1149, 216, 'MISC', 6, 'Folding chair', 1, '2024-01-07 13:13:08'),
(1150, 216, 'BABY', 6, 'Toddler bed', 2, '2024-01-07 13:13:08'),
(1151, 216, 'BABY', 6, 'Child bag', 2, '2024-01-07 13:13:08'),
(1152, 216, 'BABY', 6, 'crib', 2, '2024-01-07 13:13:08'),
(1153, 217, 'BATH', 12, 'Towel Set', 2, '2024-01-07 13:15:04'),
(1154, 217, 'BATH', 12, 'Bath mat', 2, '2024-01-07 13:15:04'),
(1155, 217, 'BATH', 12, 'Shower Curtain', 2, '2024-01-07 13:15:04'),
(1156, 217, 'BATH', 12, 'Trash Can', 2, '2024-01-07 13:15:04'),
(1157, 217, 'BATH', 12, 'Laundry Basket', 2, '2024-01-07 13:15:04'),
(1158, 217, 'BATH', 12, 'Hangers', 2, '2024-01-07 13:15:04'),
(1159, 217, 'LIVINGROOM', 17, 'Couch', 1, '2024-01-07 13:15:04'),
(1160, 217, 'LIVINGROOM', 17, 'Loveseat', 2, '2024-01-07 13:15:04'),
(1161, 217, 'LIVINGROOM', 17, 'LR Chair', 2, '2024-01-07 13:15:04'),
(1162, 217, 'LIVINGROOM', 17, 'Recliner', 2, '2024-01-07 13:15:04'),
(1163, 217, 'LIVINGROOM', 17, 'Rocker', 2, '2024-01-07 13:15:04'),
(1164, 217, 'LIVINGROOM', 17, 'End tbl/coffee', 2, '2024-01-07 13:15:04'),
(1165, 217, 'LIVINGROOM', 17, 'Book Case', 2, '2024-01-07 13:15:04'),
(1166, 217, 'LIVINGROOM', 17, 'Desk', 2, '2024-01-07 13:15:04'),
(1167, 217, 'LIVINGROOM', 17, 'TV stand', 2, '2024-01-07 13:15:04'),
(1168, 217, 'BEDDING', 20, 'Sheet set', 2, '2024-01-07 13:15:04'),
(1169, 217, 'BEDDING', 20, 'Blanket', 3, '2024-01-07 13:15:04'),
(1170, 217, 'BEDDING', 20, 'Comforter', 4, '2024-01-07 13:15:04'),
(1171, 217, 'BEDDING', 20, 'Pillow', 5, '2024-01-07 13:15:04'),
(1172, 217, 'BEDDING', 20, 'Throw pillows', 3, '2024-01-07 13:15:04'),
(1173, 217, 'BEDDING', 20, 'Matt Pad', 3, '2024-01-07 13:15:04'),
(1174, 217, 'BEDROOM', 9, 'Qn.Matt', 1, '2024-01-07 13:15:04'),
(1175, 217, 'BEDROOM', 9, 'Qn Box', 1, '2024-01-07 13:15:04'),
(1176, 217, 'BEDROOM', 9, 'Full Matt', 1, '2024-01-07 13:15:04'),
(1177, 217, 'BEDROOM', 9, 'Full Box', 1, '2024-01-07 13:15:04'),
(1178, 217, 'BEDROOM', 9, 'Twin Matt', 1, '2024-01-07 13:15:04'),
(1179, 217, 'BEDROOM', 9, 'Twin Box', 1, '2024-01-07 13:15:04'),
(1180, 217, 'BEDROOM', 9, 'Dresser ', 1, '2024-01-07 13:15:04'),
(1181, 217, 'BEDROOM', 9, 'Night Stand', 1, '2024-01-07 13:15:04'),
(1182, 217, 'BEDROOM', 9, 'Bed Frame', 1, '2024-01-07 13:15:04'),
(1183, 217, 'KITCHEN', 6, 'Chairs', 1, '2024-01-07 13:15:04'),
(1184, 217, 'KITCHEN', 6, 'Bar Stool', 1, '2024-01-07 13:15:04'),
(1185, 217, 'KITCHEN', 6, 'Pan Set', 1, '2024-01-07 13:15:04'),
(1186, 217, 'KITCHEN', 6, 'Dish Set (4)', 1, '2024-01-07 13:15:04'),
(1187, 217, 'KITCHEN', 6, 'Music Kit box', 1, '2024-01-07 13:15:04'),
(1188, 217, 'KITCHEN', 6, 'Xtra Kit items', 1, '2024-01-07 13:15:04'),
(1189, 217, 'MISC', 6, 'Lamp', 1, '2024-01-07 13:15:04'),
(1190, 217, 'MISC', 6, 'Lg Rug', 1, '2024-01-07 13:15:04'),
(1191, 217, 'MISC', 6, 'Sm Rug', 1, '2024-01-07 13:15:04'),
(1192, 217, 'MISC', 6, 'TV Tray', 1, '2024-01-07 13:15:04'),
(1193, 217, 'MISC', 6, 'Folding table', 1, '2024-01-07 13:15:04'),
(1194, 217, 'MISC', 6, 'Folding chair', 1, '2024-01-07 13:15:04'),
(1195, 217, 'BABY', 6, 'Toddler bed', 2, '2024-01-07 13:15:04'),
(1196, 217, 'BABY', 6, 'Child bag', 2, '2024-01-07 13:15:04'),
(1197, 217, 'BABY', 6, 'crib', 2, '2024-01-07 13:15:04'),
(1198, 218, 'BATH', 12, 'Towel Set', 2, '2024-01-07 13:16:20'),
(1199, 218, 'BATH', 12, 'Bath mat', 2, '2024-01-07 13:16:20'),
(1200, 218, 'BATH', 12, 'Shower Curtain', 2, '2024-01-07 13:16:20'),
(1201, 218, 'BATH', 12, 'Trash Can', 2, '2024-01-07 13:16:20'),
(1202, 218, 'BATH', 12, 'Laundry Basket', 2, '2024-01-07 13:16:20'),
(1203, 218, 'BATH', 12, 'Hangers', 2, '2024-01-07 13:16:20'),
(1204, 218, 'LIVINGROOM', 17, 'Couch', 1, '2024-01-07 13:16:20'),
(1205, 218, 'LIVINGROOM', 17, 'Loveseat', 2, '2024-01-07 13:16:20'),
(1206, 218, 'LIVINGROOM', 17, 'LR Chair', 2, '2024-01-07 13:16:20'),
(1207, 218, 'LIVINGROOM', 17, 'Recliner', 2, '2024-01-07 13:16:20'),
(1208, 218, 'LIVINGROOM', 17, 'Rocker', 2, '2024-01-07 13:16:20'),
(1209, 218, 'LIVINGROOM', 17, 'End tbl/coffee', 2, '2024-01-07 13:16:20'),
(1210, 218, 'LIVINGROOM', 17, 'Book Case', 2, '2024-01-07 13:16:20'),
(1211, 218, 'LIVINGROOM', 17, 'Desk', 2, '2024-01-07 13:16:20'),
(1212, 218, 'LIVINGROOM', 17, 'TV stand', 2, '2024-01-07 13:16:20'),
(1213, 218, 'BEDDING', 20, 'Sheet set', 2, '2024-01-07 13:16:20'),
(1214, 218, 'BEDDING', 20, 'Blanket', 3, '2024-01-07 13:16:20'),
(1215, 218, 'BEDDING', 20, 'Comforter', 4, '2024-01-07 13:16:20'),
(1216, 218, 'BEDDING', 20, 'Pillow', 5, '2024-01-07 13:16:20'),
(1217, 218, 'BEDDING', 20, 'Throw pillows', 3, '2024-01-07 13:16:20'),
(1218, 218, 'BEDDING', 20, 'Matt Pad', 3, '2024-01-07 13:16:20'),
(1219, 218, 'BEDROOM', 9, 'Qn.Matt', 1, '2024-01-07 13:16:20'),
(1220, 218, 'BEDROOM', 9, 'Qn Box', 1, '2024-01-07 13:16:20'),
(1221, 218, 'BEDROOM', 9, 'Full Matt', 1, '2024-01-07 13:16:20'),
(1222, 218, 'BEDROOM', 9, 'Full Box', 1, '2024-01-07 13:16:20'),
(1223, 218, 'BEDROOM', 9, 'Twin Matt', 1, '2024-01-07 13:16:20'),
(1224, 218, 'BEDROOM', 9, 'Twin Box', 1, '2024-01-07 13:16:20'),
(1225, 218, 'BEDROOM', 9, 'Dresser ', 1, '2024-01-07 13:16:20'),
(1226, 218, 'BEDROOM', 9, 'Night Stand', 1, '2024-01-07 13:16:20'),
(1227, 218, 'BEDROOM', 9, 'Bed Frame', 1, '2024-01-07 13:16:20'),
(1228, 218, 'KITCHEN', 6, 'Chairs', 1, '2024-01-07 13:16:20'),
(1229, 218, 'KITCHEN', 6, 'Bar Stool', 1, '2024-01-07 13:16:20'),
(1230, 218, 'KITCHEN', 6, 'Pan Set', 1, '2024-01-07 13:16:20'),
(1231, 218, 'KITCHEN', 6, 'Dish Set (4)', 1, '2024-01-07 13:16:20'),
(1232, 218, 'KITCHEN', 6, 'Music Kit box', 1, '2024-01-07 13:16:20'),
(1233, 218, 'KITCHEN', 6, 'Xtra Kit items', 1, '2024-01-07 13:16:20'),
(1234, 218, 'MISC', 6, 'Lamp', 1, '2024-01-07 13:16:20'),
(1235, 218, 'MISC', 6, 'Lg Rug', 1, '2024-01-07 13:16:20'),
(1236, 218, 'MISC', 6, 'Sm Rug', 1, '2024-01-07 13:16:20'),
(1237, 218, 'MISC', 6, 'TV Tray', 1, '2024-01-07 13:16:20'),
(1238, 218, 'MISC', 6, 'Folding table', 1, '2024-01-07 13:16:20'),
(1239, 218, 'MISC', 6, 'Folding chair', 1, '2024-01-07 13:16:20'),
(1240, 218, 'BABY', 6, 'Toddler bed', 2, '2024-01-07 13:16:20'),
(1241, 218, 'BABY', 6, 'Child bag', 2, '2024-01-07 13:16:20'),
(1242, 218, 'BABY', 6, 'crib', 2, '2024-01-07 13:16:20'),
(1243, 219, 'BATH', 12, 'Towel Set', 2, '2024-01-07 13:17:28'),
(1244, 219, 'BATH', 12, 'Bath mat', 2, '2024-01-07 13:17:28'),
(1245, 219, 'BATH', 12, 'Shower Curtain', 2, '2024-01-07 13:17:28'),
(1246, 219, 'BATH', 12, 'Trash Can', 2, '2024-01-07 13:17:28'),
(1247, 219, 'BATH', 12, 'Laundry Basket', 2, '2024-01-07 13:17:28'),
(1248, 219, 'BATH', 12, 'Hangers', 2, '2024-01-07 13:17:28'),
(1249, 219, 'LIVINGROOM', 17, 'Couch', 1, '2024-01-07 13:17:28'),
(1250, 219, 'LIVINGROOM', 17, 'Loveseat', 2, '2024-01-07 13:17:28'),
(1251, 219, 'LIVINGROOM', 17, 'LR Chair', 2, '2024-01-07 13:17:28'),
(1252, 219, 'LIVINGROOM', 17, 'Recliner', 2, '2024-01-07 13:17:28'),
(1253, 219, 'LIVINGROOM', 17, 'Rocker', 2, '2024-01-07 13:17:28'),
(1254, 219, 'LIVINGROOM', 17, 'End tbl/coffee', 2, '2024-01-07 13:17:28'),
(1255, 219, 'LIVINGROOM', 17, 'Book Case', 2, '2024-01-07 13:17:28'),
(1256, 219, 'LIVINGROOM', 17, 'Desk', 2, '2024-01-07 13:17:28'),
(1257, 219, 'LIVINGROOM', 17, 'TV stand', 2, '2024-01-07 13:17:28'),
(1258, 219, 'BEDDING', 20, 'Sheet set', 2, '2024-01-07 13:17:28'),
(1259, 219, 'BEDDING', 20, 'Blanket', 3, '2024-01-07 13:17:28'),
(1260, 219, 'BEDDING', 20, 'Comforter', 4, '2024-01-07 13:17:28'),
(1261, 219, 'BEDDING', 20, 'Pillow', 5, '2024-01-07 13:17:28'),
(1262, 219, 'BEDDING', 20, 'Throw pillows', 3, '2024-01-07 13:17:28'),
(1263, 219, 'BEDDING', 20, 'Matt Pad', 3, '2024-01-07 13:17:28'),
(1264, 219, 'BEDROOM', 9, 'Qn.Matt', 1, '2024-01-07 13:17:28'),
(1265, 219, 'BEDROOM', 9, 'Qn Box', 1, '2024-01-07 13:17:28'),
(1266, 219, 'BEDROOM', 9, 'Full Matt', 1, '2024-01-07 13:17:28'),
(1267, 219, 'BEDROOM', 9, 'Full Box', 1, '2024-01-07 13:17:28'),
(1268, 219, 'BEDROOM', 9, 'Twin Matt', 1, '2024-01-07 13:17:28'),
(1269, 219, 'BEDROOM', 9, 'Twin Box', 1, '2024-01-07 13:17:28'),
(1270, 219, 'BEDROOM', 9, 'Dresser ', 1, '2024-01-07 13:17:28'),
(1271, 219, 'BEDROOM', 9, 'Night Stand', 1, '2024-01-07 13:17:28'),
(1272, 219, 'BEDROOM', 9, 'Bed Frame', 1, '2024-01-07 13:17:28'),
(1273, 219, 'KITCHEN', 6, 'Chairs', 1, '2024-01-07 13:17:28'),
(1274, 219, 'KITCHEN', 6, 'Bar Stool', 1, '2024-01-07 13:17:28'),
(1275, 219, 'KITCHEN', 6, 'Pan Set', 1, '2024-01-07 13:17:28'),
(1276, 219, 'KITCHEN', 6, 'Dish Set (4)', 1, '2024-01-07 13:17:28'),
(1277, 219, 'KITCHEN', 6, 'Music Kit box', 1, '2024-01-07 13:17:28'),
(1278, 219, 'KITCHEN', 6, 'Xtra Kit items', 1, '2024-01-07 13:17:28'),
(1279, 219, 'MISC', 6, 'Lamp', 1, '2024-01-07 13:17:28'),
(1280, 219, 'MISC', 6, 'Lg Rug', 1, '2024-01-07 13:17:28'),
(1281, 219, 'MISC', 6, 'Sm Rug', 1, '2024-01-07 13:17:28'),
(1282, 219, 'MISC', 6, 'TV Tray', 1, '2024-01-07 13:17:28'),
(1283, 219, 'MISC', 6, 'Folding table', 1, '2024-01-07 13:17:28'),
(1284, 219, 'MISC', 6, 'Folding chair', 1, '2024-01-07 13:17:28'),
(1285, 219, 'BABY', 6, 'Toddler bed', 2, '2024-01-07 13:17:28'),
(1286, 219, 'BABY', 6, 'Child bag', 2, '2024-01-07 13:17:28'),
(1287, 219, 'BABY', 6, 'crib', 2, '2024-01-07 13:17:28'),
(1288, 220, 'BATH', 12, 'Towel Set', 2, '2024-01-07 13:20:51'),
(1289, 220, 'BATH', 12, 'Bath mat', 2, '2024-01-07 13:20:51'),
(1290, 220, 'BATH', 12, 'Shower Curtain', 2, '2024-01-07 13:20:51'),
(1291, 220, 'BATH', 12, 'Trash Can', 2, '2024-01-07 13:20:51'),
(1292, 220, 'BATH', 12, 'Laundry Basket', 2, '2024-01-07 13:20:51'),
(1293, 220, 'BATH', 12, 'Hangers', 2, '2024-01-07 13:20:51'),
(1294, 220, 'LIVINGROOM', 17, 'Couch', 1, '2024-01-07 13:20:51'),
(1295, 220, 'LIVINGROOM', 17, 'Loveseat', 2, '2024-01-07 13:20:51'),
(1296, 220, 'LIVINGROOM', 17, 'LR Chair', 2, '2024-01-07 13:20:51'),
(1297, 220, 'LIVINGROOM', 17, 'Recliner', 2, '2024-01-07 13:20:51'),
(1298, 220, 'LIVINGROOM', 17, 'Rocker', 2, '2024-01-07 13:20:51'),
(1299, 220, 'LIVINGROOM', 17, 'End tbl/coffee', 2, '2024-01-07 13:20:51'),
(1300, 220, 'LIVINGROOM', 17, 'Book Case', 2, '2024-01-07 13:20:51'),
(1301, 220, 'LIVINGROOM', 17, 'Desk', 2, '2024-01-07 13:20:51'),
(1302, 220, 'LIVINGROOM', 17, 'TV stand', 2, '2024-01-07 13:20:51'),
(1303, 220, 'BEDDING', 20, 'Sheet set', 2, '2024-01-07 13:20:51'),
(1304, 220, 'BEDDING', 20, 'Blanket', 3, '2024-01-07 13:20:51'),
(1305, 220, 'BEDDING', 20, 'Comforter', 4, '2024-01-07 13:20:51'),
(1306, 220, 'BEDDING', 20, 'Pillow', 5, '2024-01-07 13:20:51'),
(1307, 220, 'BEDDING', 20, 'Throw pillows', 3, '2024-01-07 13:20:51'),
(1308, 220, 'BEDDING', 20, 'Matt Pad', 3, '2024-01-07 13:20:51'),
(1309, 220, 'BEDROOM', 9, 'Qn.Matt', 1, '2024-01-07 13:20:51'),
(1310, 220, 'BEDROOM', 9, 'Qn Box', 1, '2024-01-07 13:20:51'),
(1311, 220, 'BEDROOM', 9, 'Full Matt', 1, '2024-01-07 13:20:51'),
(1312, 220, 'BEDROOM', 9, 'Full Box', 1, '2024-01-07 13:20:51'),
(1313, 220, 'BEDROOM', 9, 'Twin Matt', 1, '2024-01-07 13:20:51'),
(1314, 220, 'BEDROOM', 9, 'Twin Box', 1, '2024-01-07 13:20:51'),
(1315, 220, 'BEDROOM', 9, 'Dresser ', 1, '2024-01-07 13:20:51'),
(1316, 220, 'BEDROOM', 9, 'Night Stand', 1, '2024-01-07 13:20:51'),
(1317, 220, 'BEDROOM', 9, 'Bed Frame', 1, '2024-01-07 13:20:51'),
(1318, 220, 'KITCHEN', 6, 'Chairs', 1, '2024-01-07 13:20:51'),
(1319, 220, 'KITCHEN', 6, 'Bar Stool', 1, '2024-01-07 13:20:51'),
(1320, 220, 'KITCHEN', 6, 'Pan Set', 1, '2024-01-07 13:20:51'),
(1321, 220, 'KITCHEN', 6, 'Dish Set (4)', 1, '2024-01-07 13:20:51'),
(1322, 220, 'KITCHEN', 6, 'Music Kit box', 1, '2024-01-07 13:20:51'),
(1323, 220, 'KITCHEN', 6, 'Xtra Kit items', 1, '2024-01-07 13:20:51'),
(1324, 220, 'MISC', 6, 'Lamp', 1, '2024-01-07 13:20:51'),
(1325, 220, 'MISC', 6, 'Lg Rug', 1, '2024-01-07 13:20:51'),
(1326, 220, 'MISC', 6, 'Sm Rug', 1, '2024-01-07 13:20:51'),
(1327, 220, 'MISC', 6, 'TV Tray', 1, '2024-01-07 13:20:51'),
(1328, 220, 'MISC', 6, 'Folding table', 1, '2024-01-07 13:20:51'),
(1329, 220, 'MISC', 6, 'Folding chair', 1, '2024-01-07 13:20:51'),
(1330, 220, 'BABY', 6, 'Toddler bed', 2, '2024-01-07 13:20:51'),
(1331, 220, 'BABY', 6, 'Child bag', 2, '2024-01-07 13:20:51'),
(1332, 220, 'BABY', 6, 'crib', 2, '2024-01-07 13:20:51'),
(1333, 221, 'BATH', 12, 'Towel Set', 2, '2024-01-07 13:21:56'),
(1334, 221, 'BATH', 12, 'Bath mat', 2, '2024-01-07 13:21:56'),
(1335, 221, 'BATH', 12, 'Shower Curtain', 2, '2024-01-07 13:21:56'),
(1336, 221, 'BATH', 12, 'Trash Can', 2, '2024-01-07 13:21:56'),
(1337, 221, 'BATH', 12, 'Laundry Basket', 2, '2024-01-07 13:21:56'),
(1338, 221, 'BATH', 12, 'Hangers', 2, '2024-01-07 13:21:56'),
(1339, 221, 'LIVINGROOM', 17, 'Couch', 1, '2024-01-07 13:21:56'),
(1340, 221, 'LIVINGROOM', 17, 'Loveseat', 2, '2024-01-07 13:21:56'),
(1341, 221, 'LIVINGROOM', 17, 'LR Chair', 2, '2024-01-07 13:21:56'),
(1342, 221, 'LIVINGROOM', 17, 'Recliner', 2, '2024-01-07 13:21:56'),
(1343, 221, 'LIVINGROOM', 17, 'Rocker', 2, '2024-01-07 13:21:56'),
(1344, 221, 'LIVINGROOM', 17, 'End tbl/coffee', 2, '2024-01-07 13:21:56'),
(1345, 221, 'LIVINGROOM', 17, 'Book Case', 2, '2024-01-07 13:21:56'),
(1346, 221, 'LIVINGROOM', 17, 'Desk', 2, '2024-01-07 13:21:56'),
(1347, 221, 'LIVINGROOM', 17, 'TV stand', 2, '2024-01-07 13:21:56'),
(1348, 221, 'BEDDING', 20, 'Sheet set', 2, '2024-01-07 13:21:56'),
(1349, 221, 'BEDDING', 20, 'Blanket', 3, '2024-01-07 13:21:56'),
(1350, 221, 'BEDDING', 20, 'Comforter', 4, '2024-01-07 13:21:56'),
(1351, 221, 'BEDDING', 20, 'Pillow', 5, '2024-01-07 13:21:56'),
(1352, 221, 'BEDDING', 20, 'Throw pillows', 3, '2024-01-07 13:21:56'),
(1353, 221, 'BEDDING', 20, 'Matt Pad', 3, '2024-01-07 13:21:56'),
(1354, 221, 'BEDROOM', 9, 'Qn.Matt', 1, '2024-01-07 13:21:56'),
(1355, 221, 'BEDROOM', 9, 'Qn Box', 1, '2024-01-07 13:21:57'),
(1356, 221, 'BEDROOM', 9, 'Full Matt', 1, '2024-01-07 13:21:57'),
(1357, 221, 'BEDROOM', 9, 'Full Box', 1, '2024-01-07 13:21:57'),
(1358, 221, 'BEDROOM', 9, 'Twin Matt', 1, '2024-01-07 13:21:57'),
(1359, 221, 'BEDROOM', 9, 'Twin Box', 1, '2024-01-07 13:21:57'),
(1360, 221, 'BEDROOM', 9, 'Dresser ', 1, '2024-01-07 13:21:57'),
(1361, 221, 'BEDROOM', 9, 'Night Stand', 1, '2024-01-07 13:21:57'),
(1362, 221, 'BEDROOM', 9, 'Bed Frame', 1, '2024-01-07 13:21:57'),
(1363, 221, 'KITCHEN', 6, 'Chairs', 1, '2024-01-07 13:21:57'),
(1364, 221, 'KITCHEN', 6, 'Bar Stool', 1, '2024-01-07 13:21:57'),
(1365, 221, 'KITCHEN', 6, 'Pan Set', 1, '2024-01-07 13:21:57'),
(1366, 221, 'KITCHEN', 6, 'Dish Set (4)', 1, '2024-01-07 13:21:57'),
(1367, 221, 'KITCHEN', 6, 'Music Kit box', 1, '2024-01-07 13:21:57'),
(1368, 221, 'KITCHEN', 6, 'Xtra Kit items', 1, '2024-01-07 13:21:57'),
(1369, 221, 'MISC', 6, 'Lamp', 1, '2024-01-07 13:21:57'),
(1370, 221, 'MISC', 6, 'Lg Rug', 1, '2024-01-07 13:21:57'),
(1371, 221, 'MISC', 6, 'Sm Rug', 1, '2024-01-07 13:21:57'),
(1372, 221, 'MISC', 6, 'TV Tray', 1, '2024-01-07 13:21:57'),
(1373, 221, 'MISC', 6, 'Folding table', 1, '2024-01-07 13:21:57'),
(1374, 221, 'MISC', 6, 'Folding chair', 1, '2024-01-07 13:21:57'),
(1375, 221, 'BABY', 6, 'Toddler bed', 2, '2024-01-07 13:21:57'),
(1376, 221, 'BABY', 6, 'Child bag', 2, '2024-01-07 13:21:57'),
(1377, 221, 'BABY', 6, 'crib', 2, '2024-01-07 13:21:57'),
(1378, 222, 'BATH', 12, 'Towel Set', 2, '2024-01-07 13:28:06'),
(1379, 222, 'BATH', 12, 'Bath mat', 2, '2024-01-07 13:28:06'),
(1380, 222, 'BATH', 12, 'Shower Curtain', 2, '2024-01-07 13:28:06'),
(1381, 222, 'BATH', 12, 'Trash Can', 2, '2024-01-07 13:28:06'),
(1382, 222, 'BATH', 12, 'Laundry Basket', 2, '2024-01-07 13:28:06'),
(1383, 222, 'BATH', 12, 'Hangers', 2, '2024-01-07 13:28:07'),
(1384, 222, 'LIVINGROOM', 17, 'Couch', 1, '2024-01-07 13:28:07'),
(1385, 222, 'LIVINGROOM', 17, 'Loveseat', 2, '2024-01-07 13:28:07'),
(1386, 222, 'LIVINGROOM', 17, 'LR Chair', 2, '2024-01-07 13:28:07'),
(1387, 222, 'LIVINGROOM', 17, 'Recliner', 2, '2024-01-07 13:28:07'),
(1388, 222, 'LIVINGROOM', 17, 'Rocker', 2, '2024-01-07 13:28:07'),
(1389, 222, 'LIVINGROOM', 17, 'End tbl/coffee', 2, '2024-01-07 13:28:07'),
(1390, 222, 'LIVINGROOM', 17, 'Book Case', 2, '2024-01-07 13:28:07'),
(1391, 222, 'LIVINGROOM', 17, 'Desk', 2, '2024-01-07 13:28:07'),
(1392, 222, 'LIVINGROOM', 17, 'TV stand', 2, '2024-01-07 13:28:07'),
(1393, 222, 'BEDDING', 20, 'Sheet set', 2, '2024-01-07 13:28:07'),
(1394, 222, 'BEDDING', 20, 'Blanket', 3, '2024-01-07 13:28:07'),
(1395, 222, 'BEDDING', 20, 'Comforter', 4, '2024-01-07 13:28:07'),
(1396, 222, 'BEDDING', 20, 'Pillow', 5, '2024-01-07 13:28:07'),
(1397, 222, 'BEDDING', 20, 'Throw pillows', 3, '2024-01-07 13:28:07'),
(1398, 222, 'BEDDING', 20, 'Matt Pad', 3, '2024-01-07 13:28:07'),
(1399, 222, 'BEDROOM', 9, 'Qn.Matt', 1, '2024-01-07 13:28:07'),
(1400, 222, 'BEDROOM', 9, 'Qn Box', 1, '2024-01-07 13:28:07'),
(1401, 222, 'BEDROOM', 9, 'Full Matt', 1, '2024-01-07 13:28:07'),
(1402, 222, 'BEDROOM', 9, 'Full Box', 1, '2024-01-07 13:28:07'),
(1403, 222, 'BEDROOM', 9, 'Twin Matt', 1, '2024-01-07 13:28:07'),
(1404, 222, 'BEDROOM', 9, 'Twin Box', 1, '2024-01-07 13:28:07'),
(1405, 222, 'BEDROOM', 9, 'Dresser ', 1, '2024-01-07 13:28:07'),
(1406, 222, 'BEDROOM', 9, 'Night Stand', 1, '2024-01-07 13:28:07'),
(1407, 222, 'BEDROOM', 9, 'Bed Frame', 1, '2024-01-07 13:28:07'),
(1408, 222, 'KITCHEN', 6, 'Chairs', 1, '2024-01-07 13:28:07'),
(1409, 222, 'KITCHEN', 6, 'Bar Stool', 1, '2024-01-07 13:28:07'),
(1410, 222, 'KITCHEN', 6, 'Pan Set', 1, '2024-01-07 13:28:07'),
(1411, 222, 'KITCHEN', 6, 'Dish Set (4)', 1, '2024-01-07 13:28:07'),
(1412, 222, 'KITCHEN', 6, 'Music Kit box', 1, '2024-01-07 13:28:07'),
(1413, 222, 'KITCHEN', 6, 'Xtra Kit items', 1, '2024-01-07 13:28:07'),
(1414, 222, 'MISC', 6, 'Lamp', 1, '2024-01-07 13:28:07'),
(1415, 222, 'MISC', 6, 'Lg Rug', 1, '2024-01-07 13:28:07'),
(1416, 222, 'MISC', 6, 'Sm Rug', 1, '2024-01-07 13:28:07'),
(1417, 222, 'MISC', 6, 'TV Tray', 1, '2024-01-07 13:28:07'),
(1418, 222, 'MISC', 6, 'Folding table', 1, '2024-01-07 13:28:07'),
(1419, 222, 'MISC', 6, 'Folding chair', 1, '2024-01-07 13:28:07'),
(1420, 222, 'BABY', 6, 'Toddler bed', 2, '2024-01-07 13:28:07'),
(1421, 222, 'BABY', 6, 'Child bag', 2, '2024-01-07 13:28:07'),
(1422, 222, 'BABY', 6, 'crib', 2, '2024-01-07 13:28:07'),
(1423, 223, 'BATH', 12, 'Towel Set', 2, '2024-01-07 13:32:04'),
(1424, 223, 'BATH', 12, 'Bath mat', 2, '2024-01-07 13:32:04'),
(1425, 223, 'BATH', 12, 'Shower Curtain', 2, '2024-01-07 13:32:04'),
(1426, 223, 'BATH', 12, 'Trash Can', 2, '2024-01-07 13:32:04'),
(1427, 223, 'BATH', 12, 'Laundry Basket', 2, '2024-01-07 13:32:04'),
(1428, 223, 'BATH', 12, 'Hangers', 2, '2024-01-07 13:32:04'),
(1429, 223, 'LIVINGROOM', 17, 'Couch', 1, '2024-01-07 13:32:04'),
(1430, 223, 'LIVINGROOM', 17, 'Loveseat', 2, '2024-01-07 13:32:04'),
(1431, 223, 'LIVINGROOM', 17, 'LR Chair', 2, '2024-01-07 13:32:04'),
(1432, 223, 'LIVINGROOM', 17, 'Recliner', 2, '2024-01-07 13:32:04'),
(1433, 223, 'LIVINGROOM', 17, 'Rocker', 2, '2024-01-07 13:32:04'),
(1434, 223, 'LIVINGROOM', 17, 'End tbl/coffee', 2, '2024-01-07 13:32:04'),
(1435, 223, 'LIVINGROOM', 17, 'Book Case', 2, '2024-01-07 13:32:04'),
(1436, 223, 'LIVINGROOM', 17, 'Desk', 2, '2024-01-07 13:32:04'),
(1437, 223, 'LIVINGROOM', 17, 'TV stand', 2, '2024-01-07 13:32:04'),
(1438, 223, 'BEDDING', 20, 'Sheet set', 2, '2024-01-07 13:32:04'),
(1439, 223, 'BEDDING', 20, 'Blanket', 3, '2024-01-07 13:32:04'),
(1440, 223, 'BEDDING', 20, 'Comforter', 4, '2024-01-07 13:32:04'),
(1441, 223, 'BEDDING', 20, 'Pillow', 5, '2024-01-07 13:32:04'),
(1442, 223, 'BEDDING', 20, 'Throw pillows', 3, '2024-01-07 13:32:04'),
(1443, 223, 'BEDDING', 20, 'Matt Pad', 3, '2024-01-07 13:32:04'),
(1444, 223, 'BEDROOM', 9, 'Qn.Matt', 1, '2024-01-07 13:32:04'),
(1445, 223, 'BEDROOM', 9, 'Qn Box', 1, '2024-01-07 13:32:04'),
(1446, 223, 'BEDROOM', 9, 'Full Matt', 1, '2024-01-07 13:32:04'),
(1447, 223, 'BEDROOM', 9, 'Full Box', 1, '2024-01-07 13:32:04'),
(1448, 223, 'BEDROOM', 9, 'Twin Matt', 1, '2024-01-07 13:32:04'),
(1449, 223, 'BEDROOM', 9, 'Twin Box', 1, '2024-01-07 13:32:04'),
(1450, 223, 'BEDROOM', 9, 'Dresser ', 1, '2024-01-07 13:32:04'),
(1451, 223, 'BEDROOM', 9, 'Night Stand', 1, '2024-01-07 13:32:04'),
(1452, 223, 'BEDROOM', 9, 'Bed Frame', 1, '2024-01-07 13:32:04'),
(1453, 223, 'KITCHEN', 6, 'Chairs', 1, '2024-01-07 13:32:04'),
(1454, 223, 'KITCHEN', 6, 'Bar Stool', 1, '2024-01-07 13:32:04'),
(1455, 223, 'KITCHEN', 6, 'Pan Set', 1, '2024-01-07 13:32:04'),
(1456, 223, 'KITCHEN', 6, 'Dish Set (4)', 1, '2024-01-07 13:32:04'),
(1457, 223, 'KITCHEN', 6, 'Music Kit box', 1, '2024-01-07 13:32:04'),
(1458, 223, 'KITCHEN', 6, 'Xtra Kit items', 1, '2024-01-07 13:32:04'),
(1459, 223, 'MISC', 6, 'Lamp', 1, '2024-01-07 13:32:04'),
(1460, 223, 'MISC', 6, 'Lg Rug', 1, '2024-01-07 13:32:04'),
(1461, 223, 'MISC', 6, 'Sm Rug', 1, '2024-01-07 13:32:04'),
(1462, 223, 'MISC', 6, 'TV Tray', 1, '2024-01-07 13:32:04'),
(1463, 223, 'MISC', 6, 'Folding table', 1, '2024-01-07 13:32:04'),
(1464, 223, 'MISC', 6, 'Folding chair', 1, '2024-01-07 13:32:04'),
(1465, 223, 'BABY', 6, 'Toddler bed', 2, '2024-01-07 13:32:04'),
(1466, 223, 'BABY', 6, 'Child bag', 2, '2024-01-07 13:32:04'),
(1467, 223, 'BABY', 6, 'crib', 2, '2024-01-07 13:32:04'),
(1468, 224, 'BATH', 12, 'Towel Set', 2, '2024-01-07 13:32:57'),
(1469, 224, 'BATH', 12, 'Bath mat', 2, '2024-01-07 13:32:57'),
(1470, 224, 'BATH', 12, 'Shower Curtain', 2, '2024-01-07 13:32:57'),
(1471, 224, 'BATH', 12, 'Trash Can', 2, '2024-01-07 13:32:57'),
(1472, 224, 'BATH', 12, 'Laundry Basket', 2, '2024-01-07 13:32:57'),
(1473, 224, 'BATH', 12, 'Hangers', 2, '2024-01-07 13:32:57'),
(1474, 224, 'LIVINGROOM', 17, 'Couch', 1, '2024-01-07 13:32:57'),
(1475, 224, 'LIVINGROOM', 17, 'Loveseat', 2, '2024-01-07 13:32:57'),
(1476, 224, 'LIVINGROOM', 17, 'LR Chair', 2, '2024-01-07 13:32:57'),
(1477, 224, 'LIVINGROOM', 17, 'Recliner', 2, '2024-01-07 13:32:57'),
(1478, 224, 'LIVINGROOM', 17, 'Rocker', 2, '2024-01-07 13:32:57'),
(1479, 224, 'LIVINGROOM', 17, 'End tbl/coffee', 2, '2024-01-07 13:32:57'),
(1480, 224, 'LIVINGROOM', 17, 'Book Case', 2, '2024-01-07 13:32:57'),
(1481, 224, 'LIVINGROOM', 17, 'Desk', 2, '2024-01-07 13:32:57'),
(1482, 224, 'LIVINGROOM', 17, 'TV stand', 2, '2024-01-07 13:32:57'),
(1483, 224, 'BEDDING', 20, 'Sheet set', 2, '2024-01-07 13:32:57'),
(1484, 224, 'BEDDING', 20, 'Blanket', 3, '2024-01-07 13:32:57'),
(1485, 224, 'BEDDING', 20, 'Comforter', 4, '2024-01-07 13:32:57'),
(1486, 224, 'BEDDING', 20, 'Pillow', 5, '2024-01-07 13:32:57'),
(1487, 224, 'BEDDING', 20, 'Throw pillows', 3, '2024-01-07 13:32:57'),
(1488, 224, 'BEDDING', 20, 'Matt Pad', 3, '2024-01-07 13:32:57'),
(1489, 224, 'BEDROOM', 9, 'Qn.Matt', 1, '2024-01-07 13:32:57'),
(1490, 224, 'BEDROOM', 9, 'Qn Box', 1, '2024-01-07 13:32:57'),
(1491, 224, 'BEDROOM', 9, 'Full Matt', 1, '2024-01-07 13:32:57'),
(1492, 224, 'BEDROOM', 9, 'Full Box', 1, '2024-01-07 13:32:57'),
(1493, 224, 'BEDROOM', 9, 'Twin Matt', 1, '2024-01-07 13:32:57'),
(1494, 224, 'BEDROOM', 9, 'Twin Box', 1, '2024-01-07 13:32:57'),
(1495, 224, 'BEDROOM', 9, 'Dresser ', 1, '2024-01-07 13:32:57'),
(1496, 224, 'BEDROOM', 9, 'Night Stand', 1, '2024-01-07 13:32:57'),
(1497, 224, 'BEDROOM', 9, 'Bed Frame', 1, '2024-01-07 13:32:57'),
(1498, 224, 'KITCHEN', 6, 'Chairs', 1, '2024-01-07 13:32:57'),
(1499, 224, 'KITCHEN', 6, 'Bar Stool', 1, '2024-01-07 13:32:57'),
(1500, 224, 'KITCHEN', 6, 'Pan Set', 1, '2024-01-07 13:32:57'),
(1501, 224, 'KITCHEN', 6, 'Dish Set (4)', 1, '2024-01-07 13:32:57'),
(1502, 224, 'KITCHEN', 6, 'Music Kit box', 1, '2024-01-07 13:32:57'),
(1503, 224, 'KITCHEN', 6, 'Xtra Kit items', 1, '2024-01-07 13:32:57'),
(1504, 224, 'MISC', 6, 'Lamp', 1, '2024-01-07 13:32:57'),
(1505, 224, 'MISC', 6, 'Lg Rug', 1, '2024-01-07 13:32:57'),
(1506, 224, 'MISC', 6, 'Sm Rug', 1, '2024-01-07 13:32:57'),
(1507, 224, 'MISC', 6, 'TV Tray', 1, '2024-01-07 13:32:57'),
(1508, 224, 'MISC', 6, 'Folding table', 1, '2024-01-07 13:32:57'),
(1509, 224, 'MISC', 6, 'Folding chair', 1, '2024-01-07 13:32:57'),
(1510, 224, 'BABY', 6, 'Toddler bed', 2, '2024-01-07 13:32:57'),
(1511, 224, 'BABY', 6, 'Child bag', 2, '2024-01-07 13:32:57'),
(1512, 224, 'BABY', 6, 'crib', 2, '2024-01-07 13:32:57'),
(1513, 225, 'BATH', 12, 'Towel Set', 2, '2024-01-07 13:38:12'),
(1514, 225, 'BATH', 12, 'Bath mat', 2, '2024-01-07 13:38:12'),
(1515, 225, 'BATH', 12, 'Shower Curtain', 2, '2024-01-07 13:38:12'),
(1516, 225, 'BATH', 12, 'Trash Can', 2, '2024-01-07 13:38:12'),
(1517, 225, 'BATH', 12, 'Laundry Basket', 2, '2024-01-07 13:38:12'),
(1518, 225, 'BATH', 12, 'Hangers', 2, '2024-01-07 13:38:12'),
(1519, 225, 'LIVINGROOM', 17, 'Couch', 1, '2024-01-07 13:38:12'),
(1520, 225, 'LIVINGROOM', 17, 'Loveseat', 2, '2024-01-07 13:38:12'),
(1521, 225, 'LIVINGROOM', 17, 'LR Chair', 2, '2024-01-07 13:38:12'),
(1522, 225, 'LIVINGROOM', 17, 'Recliner', 2, '2024-01-07 13:38:12'),
(1523, 225, 'LIVINGROOM', 17, 'Rocker', 2, '2024-01-07 13:38:12'),
(1524, 225, 'LIVINGROOM', 17, 'End tbl/coffee', 2, '2024-01-07 13:38:12'),
(1525, 225, 'LIVINGROOM', 17, 'Book Case', 2, '2024-01-07 13:38:12'),
(1526, 225, 'LIVINGROOM', 17, 'Desk', 2, '2024-01-07 13:38:12'),
(1527, 225, 'LIVINGROOM', 17, 'TV stand', 2, '2024-01-07 13:38:12'),
(1528, 225, 'BEDDING', 20, 'Sheet set', 2, '2024-01-07 13:38:12'),
(1529, 225, 'BEDDING', 20, 'Blanket', 3, '2024-01-07 13:38:12'),
(1530, 225, 'BEDDING', 20, 'Comforter', 4, '2024-01-07 13:38:12'),
(1531, 225, 'BEDDING', 20, 'Pillow', 5, '2024-01-07 13:38:12'),
(1532, 225, 'BEDDING', 20, 'Throw pillows', 3, '2024-01-07 13:38:12'),
(1533, 225, 'BEDDING', 20, 'Matt Pad', 3, '2024-01-07 13:38:12'),
(1534, 225, 'BEDROOM', 9, 'Qn.Matt', 1, '2024-01-07 13:38:12'),
(1535, 225, 'BEDROOM', 9, 'Qn Box', 1, '2024-01-07 13:38:12'),
(1536, 225, 'BEDROOM', 9, 'Full Matt', 1, '2024-01-07 13:38:12'),
(1537, 225, 'BEDROOM', 9, 'Full Box', 1, '2024-01-07 13:38:12'),
(1538, 225, 'BEDROOM', 9, 'Twin Matt', 1, '2024-01-07 13:38:12'),
(1539, 225, 'BEDROOM', 9, 'Twin Box', 1, '2024-01-07 13:38:12'),
(1540, 225, 'BEDROOM', 9, 'Dresser ', 1, '2024-01-07 13:38:12'),
(1541, 225, 'BEDROOM', 9, 'Night Stand', 1, '2024-01-07 13:38:12'),
(1542, 225, 'BEDROOM', 9, 'Bed Frame', 1, '2024-01-07 13:38:12'),
(1543, 225, 'KITCHEN', 6, 'Chairs', 1, '2024-01-07 13:38:12'),
(1544, 225, 'KITCHEN', 6, 'Bar Stool', 1, '2024-01-07 13:38:12'),
(1545, 225, 'KITCHEN', 6, 'Pan Set', 1, '2024-01-07 13:38:12'),
(1546, 225, 'KITCHEN', 6, 'Dish Set (4)', 1, '2024-01-07 13:38:12'),
(1547, 225, 'KITCHEN', 6, 'Music Kit box', 1, '2024-01-07 13:38:12'),
(1548, 225, 'KITCHEN', 6, 'Xtra Kit items', 1, '2024-01-07 13:38:12'),
(1549, 225, 'MISC', 6, 'Lamp', 1, '2024-01-07 13:38:12'),
(1550, 225, 'MISC', 6, 'Lg Rug', 1, '2024-01-07 13:38:12'),
(1551, 225, 'MISC', 6, 'Sm Rug', 1, '2024-01-07 13:38:12'),
(1552, 225, 'MISC', 6, 'TV Tray', 1, '2024-01-07 13:38:12'),
(1553, 225, 'MISC', 6, 'Folding table', 1, '2024-01-07 13:38:12'),
(1554, 225, 'MISC', 6, 'Folding chair', 1, '2024-01-07 13:38:12'),
(1555, 225, 'BABY', 6, 'Toddler bed', 2, '2024-01-07 13:38:12'),
(1556, 225, 'BABY', 6, 'Child bag', 2, '2024-01-07 13:38:12'),
(1557, 225, 'BABY', 6, 'crib', 2, '2024-01-07 13:38:12'),
(1558, 226, 'BATH', 12, 'Towel Set', 2, '2024-01-07 13:39:40'),
(1559, 226, 'BATH', 12, 'Bath mat', 2, '2024-01-07 13:39:40'),
(1560, 226, 'BATH', 12, 'Shower Curtain', 2, '2024-01-07 13:39:40'),
(1561, 226, 'BATH', 12, 'Trash Can', 2, '2024-01-07 13:39:40'),
(1562, 226, 'BATH', 12, 'Laundry Basket', 2, '2024-01-07 13:39:40'),
(1563, 226, 'BATH', 12, 'Hangers', 2, '2024-01-07 13:39:40'),
(1564, 226, 'LIVINGROOM', 17, 'Couch', 1, '2024-01-07 13:39:40'),
(1565, 226, 'LIVINGROOM', 17, 'Loveseat', 2, '2024-01-07 13:39:40'),
(1566, 226, 'LIVINGROOM', 17, 'LR Chair', 2, '2024-01-07 13:39:40'),
(1567, 226, 'LIVINGROOM', 17, 'Recliner', 2, '2024-01-07 13:39:40'),
(1568, 226, 'LIVINGROOM', 17, 'Rocker', 2, '2024-01-07 13:39:40'),
(1569, 226, 'LIVINGROOM', 17, 'End tbl/coffee', 2, '2024-01-07 13:39:40'),
(1570, 226, 'LIVINGROOM', 17, 'Book Case', 2, '2024-01-07 13:39:40'),
(1571, 226, 'LIVINGROOM', 17, 'Desk', 2, '2024-01-07 13:39:40'),
(1572, 226, 'LIVINGROOM', 17, 'TV stand', 2, '2024-01-07 13:39:40'),
(1573, 226, 'BEDDING', 20, 'Sheet set', 2, '2024-01-07 13:39:40'),
(1574, 226, 'BEDDING', 20, 'Blanket', 3, '2024-01-07 13:39:40'),
(1575, 226, 'BEDDING', 20, 'Comforter', 4, '2024-01-07 13:39:40'),
(1576, 226, 'BEDDING', 20, 'Pillow', 5, '2024-01-07 13:39:40'),
(1577, 226, 'BEDDING', 20, 'Throw pillows', 3, '2024-01-07 13:39:40'),
(1578, 226, 'BEDDING', 20, 'Matt Pad', 3, '2024-01-07 13:39:40'),
(1579, 226, 'BEDROOM', 9, 'Qn.Matt', 1, '2024-01-07 13:39:40'),
(1580, 226, 'BEDROOM', 9, 'Qn Box', 1, '2024-01-07 13:39:40'),
(1581, 226, 'BEDROOM', 9, 'Full Matt', 1, '2024-01-07 13:39:40'),
(1582, 226, 'BEDROOM', 9, 'Full Box', 1, '2024-01-07 13:39:40'),
(1583, 226, 'BEDROOM', 9, 'Twin Matt', 1, '2024-01-07 13:39:40'),
(1584, 226, 'BEDROOM', 9, 'Twin Box', 1, '2024-01-07 13:39:40'),
(1585, 226, 'BEDROOM', 9, 'Dresser ', 1, '2024-01-07 13:39:40'),
(1586, 226, 'BEDROOM', 9, 'Night Stand', 1, '2024-01-07 13:39:40'),
(1587, 226, 'BEDROOM', 9, 'Bed Frame', 1, '2024-01-07 13:39:40'),
(1588, 226, 'KITCHEN', 6, 'Chairs', 1, '2024-01-07 13:39:40'),
(1589, 226, 'KITCHEN', 6, 'Bar Stool', 1, '2024-01-07 13:39:40'),
(1590, 226, 'KITCHEN', 6, 'Pan Set', 1, '2024-01-07 13:39:40'),
(1591, 226, 'KITCHEN', 6, 'Dish Set (4)', 1, '2024-01-07 13:39:40'),
(1592, 226, 'KITCHEN', 6, 'Music Kit box', 1, '2024-01-07 13:39:40'),
(1593, 226, 'KITCHEN', 6, 'Xtra Kit items', 1, '2024-01-07 13:39:40'),
(1594, 226, 'MISC', 6, 'Lamp', 1, '2024-01-07 13:39:40'),
(1595, 226, 'MISC', 6, 'Lg Rug', 1, '2024-01-07 13:39:40'),
(1596, 226, 'MISC', 6, 'Sm Rug', 1, '2024-01-07 13:39:40'),
(1597, 226, 'MISC', 6, 'TV Tray', 1, '2024-01-07 13:39:40'),
(1598, 226, 'MISC', 6, 'Folding table', 1, '2024-01-07 13:39:40'),
(1599, 226, 'MISC', 6, 'Folding chair', 1, '2024-01-07 13:39:40'),
(1600, 226, 'BABY', 6, 'Toddler bed', 2, '2024-01-07 13:39:40'),
(1601, 226, 'BABY', 6, 'Child bag', 2, '2024-01-07 13:39:40'),
(1602, 226, 'BABY', 6, 'crib', 2, '2024-01-07 13:39:40'),
(1603, 227, 'BATH', 12, 'Towel Set', 2, '2024-01-07 13:43:58'),
(1604, 227, 'BATH', 12, 'Bath mat', 2, '2024-01-07 13:43:58'),
(1605, 227, 'BATH', 12, 'Shower Curtain', 2, '2024-01-07 13:43:58'),
(1606, 227, 'BATH', 12, 'Trash Can', 2, '2024-01-07 13:43:58'),
(1607, 227, 'BATH', 12, 'Laundry Basket', 2, '2024-01-07 13:43:58'),
(1608, 227, 'BATH', 12, 'Hangers', 2, '2024-01-07 13:43:58'),
(1609, 227, 'LIVINGROOM', 17, 'Couch', 1, '2024-01-07 13:43:58'),
(1610, 227, 'LIVINGROOM', 17, 'Loveseat', 2, '2024-01-07 13:43:58'),
(1611, 227, 'LIVINGROOM', 17, 'LR Chair', 2, '2024-01-07 13:43:58'),
(1612, 227, 'LIVINGROOM', 17, 'Recliner', 2, '2024-01-07 13:43:58'),
(1613, 227, 'LIVINGROOM', 17, 'Rocker', 2, '2024-01-07 13:43:58'),
(1614, 227, 'LIVINGROOM', 17, 'End tbl/coffee', 2, '2024-01-07 13:43:58'),
(1615, 227, 'LIVINGROOM', 17, 'Book Case', 2, '2024-01-07 13:43:58'),
(1616, 227, 'LIVINGROOM', 17, 'Desk', 2, '2024-01-07 13:43:58'),
(1617, 227, 'LIVINGROOM', 17, 'TV stand', 2, '2024-01-07 13:43:58'),
(1618, 227, 'BEDDING', 20, 'Sheet set', 2, '2024-01-07 13:43:58'),
(1619, 227, 'BEDDING', 20, 'Blanket', 3, '2024-01-07 13:43:58'),
(1620, 227, 'BEDDING', 20, 'Comforter', 4, '2024-01-07 13:43:58'),
(1621, 227, 'BEDDING', 20, 'Pillow', 5, '2024-01-07 13:43:58'),
(1622, 227, 'BEDDING', 20, 'Throw pillows', 3, '2024-01-07 13:43:58'),
(1623, 227, 'BEDDING', 20, 'Matt Pad', 3, '2024-01-07 13:43:58'),
(1624, 227, 'BEDROOM', 9, 'Qn.Matt', 1, '2024-01-07 13:43:58'),
(1625, 227, 'BEDROOM', 9, 'Qn Box', 1, '2024-01-07 13:43:58'),
(1626, 227, 'BEDROOM', 9, 'Full Matt', 1, '2024-01-07 13:43:58'),
(1627, 227, 'BEDROOM', 9, 'Full Box', 1, '2024-01-07 13:43:58'),
(1628, 227, 'BEDROOM', 9, 'Twin Matt', 1, '2024-01-07 13:43:58'),
(1629, 227, 'BEDROOM', 9, 'Twin Box', 1, '2024-01-07 13:43:58'),
(1630, 227, 'BEDROOM', 9, 'Dresser ', 1, '2024-01-07 13:43:58'),
(1631, 227, 'BEDROOM', 9, 'Night Stand', 1, '2024-01-07 13:43:58'),
(1632, 227, 'BEDROOM', 9, 'Bed Frame', 1, '2024-01-07 13:43:58'),
(1633, 227, 'KITCHEN', 6, 'Chairs', 1, '2024-01-07 13:43:58'),
(1634, 227, 'KITCHEN', 6, 'Bar Stool', 1, '2024-01-07 13:43:58'),
(1635, 227, 'KITCHEN', 6, 'Pan Set', 1, '2024-01-07 13:43:58'),
(1636, 227, 'KITCHEN', 6, 'Dish Set (4)', 1, '2024-01-07 13:43:58'),
(1637, 227, 'KITCHEN', 6, 'Music Kit box', 1, '2024-01-07 13:43:58'),
(1638, 227, 'KITCHEN', 6, 'Xtra Kit items', 1, '2024-01-07 13:43:58'),
(1639, 227, 'MISC', 6, 'Lamp', 1, '2024-01-07 13:43:58'),
(1640, 227, 'MISC', 6, 'Lg Rug', 1, '2024-01-07 13:43:58'),
(1641, 227, 'MISC', 6, 'Sm Rug', 1, '2024-01-07 13:43:58'),
(1642, 227, 'MISC', 6, 'TV Tray', 1, '2024-01-07 13:43:58'),
(1643, 227, 'MISC', 6, 'Folding table', 1, '2024-01-07 13:43:58'),
(1644, 227, 'MISC', 6, 'Folding chair', 1, '2024-01-07 13:43:58'),
(1645, 227, 'BABY', 6, 'Toddler bed', 2, '2024-01-07 13:43:58'),
(1646, 227, 'BABY', 6, 'Child bag', 2, '2024-01-07 13:43:58'),
(1647, 227, 'BABY', 6, 'crib', 2, '2024-01-07 13:43:58'),
(1648, 228, 'BATH', 12, 'Towel Set', 2, '2024-01-07 13:50:58'),
(1649, 228, 'BATH', 12, 'Bath mat', 2, '2024-01-07 13:50:58');
INSERT INTO `requestorder` (`id`, `family_id`, `category`, `categoryTotal`, `requestedItem`, `amountNeeded`, `daterequested`) VALUES
(1650, 228, 'BATH', 12, 'Shower Curtain', 2, '2024-01-07 13:50:58'),
(1651, 228, 'BATH', 12, 'Trash Can', 2, '2024-01-07 13:50:58'),
(1652, 228, 'BATH', 12, 'Laundry Basket', 2, '2024-01-07 13:50:58'),
(1653, 228, 'BATH', 12, 'Hangers', 2, '2024-01-07 13:50:58'),
(1654, 228, 'LIVINGROOM', 17, 'Couch', 1, '2024-01-07 13:50:58'),
(1655, 228, 'LIVINGROOM', 17, 'Loveseat', 2, '2024-01-07 13:50:58'),
(1656, 228, 'LIVINGROOM', 17, 'LR Chair', 2, '2024-01-07 13:50:58'),
(1657, 228, 'LIVINGROOM', 17, 'Recliner', 2, '2024-01-07 13:50:58'),
(1658, 228, 'LIVINGROOM', 17, 'Rocker', 2, '2024-01-07 13:50:58'),
(1659, 228, 'LIVINGROOM', 17, 'End tbl/coffee', 2, '2024-01-07 13:50:58'),
(1660, 228, 'LIVINGROOM', 17, 'Book Case', 2, '2024-01-07 13:50:58'),
(1661, 228, 'LIVINGROOM', 17, 'Desk', 2, '2024-01-07 13:50:58'),
(1662, 228, 'LIVINGROOM', 17, 'TV stand', 2, '2024-01-07 13:50:58'),
(1663, 228, 'BEDDING', 20, 'Sheet set', 2, '2024-01-07 13:50:58'),
(1664, 228, 'BEDDING', 20, 'Blanket', 3, '2024-01-07 13:50:58'),
(1665, 228, 'BEDDING', 20, 'Comforter', 4, '2024-01-07 13:50:58'),
(1666, 228, 'BEDDING', 20, 'Pillow', 5, '2024-01-07 13:50:58'),
(1667, 228, 'BEDDING', 20, 'Throw pillows', 3, '2024-01-07 13:50:58'),
(1668, 228, 'BEDDING', 20, 'Matt Pad', 3, '2024-01-07 13:50:58'),
(1669, 228, 'BEDROOM', 9, 'Qn.Matt', 1, '2024-01-07 13:50:58'),
(1670, 228, 'BEDROOM', 9, 'Qn Box', 1, '2024-01-07 13:50:58'),
(1671, 228, 'BEDROOM', 9, 'Full Matt', 1, '2024-01-07 13:50:58'),
(1672, 228, 'BEDROOM', 9, 'Full Box', 1, '2024-01-07 13:50:58'),
(1673, 228, 'BEDROOM', 9, 'Twin Matt', 1, '2024-01-07 13:50:58'),
(1674, 228, 'BEDROOM', 9, 'Twin Box', 1, '2024-01-07 13:50:58'),
(1675, 228, 'BEDROOM', 9, 'Dresser ', 1, '2024-01-07 13:50:58'),
(1676, 228, 'BEDROOM', 9, 'Night Stand', 1, '2024-01-07 13:50:58'),
(1677, 228, 'BEDROOM', 9, 'Bed Frame', 1, '2024-01-07 13:50:58'),
(1678, 228, 'KITCHEN', 6, 'Chairs', 1, '2024-01-07 13:50:58'),
(1679, 228, 'KITCHEN', 6, 'Bar Stool', 1, '2024-01-07 13:50:58'),
(1680, 228, 'KITCHEN', 6, 'Pan Set', 1, '2024-01-07 13:50:58'),
(1681, 228, 'KITCHEN', 6, 'Dish Set (4)', 1, '2024-01-07 13:50:58'),
(1682, 228, 'KITCHEN', 6, 'Music Kit box', 1, '2024-01-07 13:50:58'),
(1683, 228, 'KITCHEN', 6, 'Xtra Kit items', 1, '2024-01-07 13:50:58'),
(1684, 228, 'MISC', 6, 'Lamp', 1, '2024-01-07 13:50:58'),
(1685, 228, 'MISC', 6, 'Lg Rug', 1, '2024-01-07 13:50:58'),
(1686, 228, 'MISC', 6, 'Sm Rug', 1, '2024-01-07 13:50:58'),
(1687, 228, 'MISC', 6, 'TV Tray', 1, '2024-01-07 13:50:58'),
(1688, 228, 'MISC', 6, 'Folding table', 1, '2024-01-07 13:50:58'),
(1689, 228, 'MISC', 6, 'Folding chair', 1, '2024-01-07 13:50:58'),
(1690, 228, 'BABY', 6, 'Toddler bed', 2, '2024-01-07 13:50:58'),
(1691, 228, 'BABY', 6, 'Child bag', 2, '2024-01-07 13:50:58'),
(1692, 228, 'BABY', 6, 'crib', 2, '2024-01-07 13:50:58'),
(1693, 229, 'BATH', 12, 'Towel Set', 2, '2024-01-07 13:55:59'),
(1694, 229, 'BATH', 12, 'Bath mat', 2, '2024-01-07 13:55:59'),
(1695, 229, 'BATH', 12, 'Shower Curtain', 2, '2024-01-07 13:55:59'),
(1696, 229, 'BATH', 12, 'Trash Can', 2, '2024-01-07 13:55:59'),
(1697, 229, 'BATH', 12, 'Laundry Basket', 2, '2024-01-07 13:55:59'),
(1698, 229, 'BATH', 12, 'Hangers', 2, '2024-01-07 13:55:59'),
(1699, 229, 'LIVINGROOM', 17, 'Couch', 1, '2024-01-07 13:55:59'),
(1700, 229, 'LIVINGROOM', 17, 'Loveseat', 2, '2024-01-07 13:55:59'),
(1701, 229, 'LIVINGROOM', 17, 'LR Chair', 2, '2024-01-07 13:55:59'),
(1702, 229, 'LIVINGROOM', 17, 'Recliner', 2, '2024-01-07 13:55:59'),
(1703, 229, 'LIVINGROOM', 17, 'Rocker', 2, '2024-01-07 13:55:59'),
(1704, 229, 'LIVINGROOM', 17, 'End tbl/coffee', 2, '2024-01-07 13:55:59'),
(1705, 229, 'LIVINGROOM', 17, 'Book Case', 2, '2024-01-07 13:55:59'),
(1706, 229, 'LIVINGROOM', 17, 'Desk', 2, '2024-01-07 13:55:59'),
(1707, 229, 'LIVINGROOM', 17, 'TV stand', 2, '2024-01-07 13:55:59'),
(1708, 229, 'BEDDING', 20, 'Sheet set', 2, '2024-01-07 13:55:59'),
(1709, 229, 'BEDDING', 20, 'Blanket', 3, '2024-01-07 13:55:59'),
(1710, 229, 'BEDDING', 20, 'Comforter', 4, '2024-01-07 13:55:59'),
(1711, 229, 'BEDDING', 20, 'Pillow', 5, '2024-01-07 13:55:59'),
(1712, 229, 'BEDDING', 20, 'Throw pillows', 3, '2024-01-07 13:55:59'),
(1713, 229, 'BEDDING', 20, 'Matt Pad', 3, '2024-01-07 13:55:59'),
(1714, 229, 'BEDROOM', 9, 'Qn.Matt', 1, '2024-01-07 13:55:59'),
(1715, 229, 'BEDROOM', 9, 'Qn Box', 1, '2024-01-07 13:55:59'),
(1716, 229, 'BEDROOM', 9, 'Full Matt', 1, '2024-01-07 13:55:59'),
(1717, 229, 'BEDROOM', 9, 'Full Box', 1, '2024-01-07 13:55:59'),
(1718, 229, 'BEDROOM', 9, 'Twin Matt', 1, '2024-01-07 13:55:59'),
(1719, 229, 'BEDROOM', 9, 'Twin Box', 1, '2024-01-07 13:55:59'),
(1720, 229, 'BEDROOM', 9, 'Dresser ', 1, '2024-01-07 13:55:59'),
(1721, 229, 'BEDROOM', 9, 'Night Stand', 1, '2024-01-07 13:55:59'),
(1722, 229, 'BEDROOM', 9, 'Bed Frame', 1, '2024-01-07 13:55:59'),
(1723, 229, 'KITCHEN', 6, 'Chairs', 1, '2024-01-07 13:55:59'),
(1724, 229, 'KITCHEN', 6, 'Bar Stool', 1, '2024-01-07 13:55:59'),
(1725, 229, 'KITCHEN', 6, 'Pan Set', 1, '2024-01-07 13:55:59'),
(1726, 229, 'KITCHEN', 6, 'Dish Set (4)', 1, '2024-01-07 13:55:59'),
(1727, 229, 'KITCHEN', 6, 'Music Kit box', 1, '2024-01-07 13:55:59'),
(1728, 229, 'KITCHEN', 6, 'Xtra Kit items', 1, '2024-01-07 13:55:59'),
(1729, 229, 'MISC', 6, 'Lamp', 1, '2024-01-07 13:55:59'),
(1730, 229, 'MISC', 6, 'Lg Rug', 1, '2024-01-07 13:55:59'),
(1731, 229, 'MISC', 6, 'Sm Rug', 1, '2024-01-07 13:55:59'),
(1732, 229, 'MISC', 6, 'TV Tray', 1, '2024-01-07 13:55:59'),
(1733, 229, 'MISC', 6, 'Folding table', 1, '2024-01-07 13:55:59'),
(1734, 229, 'MISC', 6, 'Folding chair', 1, '2024-01-07 13:55:59'),
(1735, 229, 'BABY', 6, 'Toddler bed', 2, '2024-01-07 13:55:59'),
(1736, 229, 'BABY', 6, 'Child bag', 2, '2024-01-07 13:55:59'),
(1737, 229, 'BABY', 6, 'crib', 2, '2024-01-07 13:55:59'),
(1738, 230, 'BATH', 12, 'Towel Set', 2, '2024-01-07 14:07:34'),
(1739, 230, 'BATH', 12, 'Bath mat', 2, '2024-01-07 14:07:34'),
(1740, 230, 'BATH', 12, 'Shower Curtain', 2, '2024-01-07 14:07:34'),
(1741, 230, 'BATH', 12, 'Trash Can', 2, '2024-01-07 14:07:34'),
(1742, 230, 'BATH', 12, 'Laundry Basket', 2, '2024-01-07 14:07:34'),
(1743, 230, 'BATH', 12, 'Hangers', 2, '2024-01-07 14:07:34'),
(1744, 230, 'LIVINGROOM', 17, 'Couch', 1, '2024-01-07 14:07:34'),
(1745, 230, 'LIVINGROOM', 17, 'Loveseat', 2, '2024-01-07 14:07:34'),
(1746, 230, 'LIVINGROOM', 17, 'LR Chair', 2, '2024-01-07 14:07:34'),
(1747, 230, 'LIVINGROOM', 17, 'Recliner', 2, '2024-01-07 14:07:34'),
(1748, 230, 'LIVINGROOM', 17, 'Rocker', 2, '2024-01-07 14:07:34'),
(1749, 230, 'LIVINGROOM', 17, 'End tbl/coffee', 2, '2024-01-07 14:07:34'),
(1750, 230, 'LIVINGROOM', 17, 'Book Case', 2, '2024-01-07 14:07:34'),
(1751, 230, 'LIVINGROOM', 17, 'Desk', 2, '2024-01-07 14:07:34'),
(1752, 230, 'LIVINGROOM', 17, 'TV stand', 2, '2024-01-07 14:07:34'),
(1753, 230, 'BEDDING', 20, 'Sheet set', 2, '2024-01-07 14:07:34'),
(1754, 230, 'BEDDING', 20, 'Blanket', 3, '2024-01-07 14:07:34'),
(1755, 230, 'BEDDING', 20, 'Comforter', 4, '2024-01-07 14:07:34'),
(1756, 230, 'BEDDING', 20, 'Pillow', 5, '2024-01-07 14:07:34'),
(1757, 230, 'BEDDING', 20, 'Throw pillows', 3, '2024-01-07 14:07:34'),
(1758, 230, 'BEDDING', 20, 'Matt Pad', 3, '2024-01-07 14:07:34'),
(1759, 230, 'BEDROOM', 9, 'Qn.Matt', 1, '2024-01-07 14:07:34'),
(1760, 230, 'BEDROOM', 9, 'Qn Box', 1, '2024-01-07 14:07:34'),
(1761, 230, 'BEDROOM', 9, 'Full Matt', 1, '2024-01-07 14:07:34'),
(1762, 230, 'BEDROOM', 9, 'Full Box', 1, '2024-01-07 14:07:34'),
(1763, 230, 'BEDROOM', 9, 'Twin Matt', 1, '2024-01-07 14:07:34'),
(1764, 230, 'BEDROOM', 9, 'Twin Box', 1, '2024-01-07 14:07:34'),
(1765, 230, 'BEDROOM', 9, 'Dresser ', 1, '2024-01-07 14:07:34'),
(1766, 230, 'BEDROOM', 9, 'Night Stand', 1, '2024-01-07 14:07:34'),
(1767, 230, 'BEDROOM', 9, 'Bed Frame', 1, '2024-01-07 14:07:34'),
(1768, 230, 'KITCHEN', 6, 'Chairs', 1, '2024-01-07 14:07:34'),
(1769, 230, 'KITCHEN', 6, 'Bar Stool', 1, '2024-01-07 14:07:34'),
(1770, 230, 'KITCHEN', 6, 'Pan Set', 1, '2024-01-07 14:07:34'),
(1771, 230, 'KITCHEN', 6, 'Dish Set (4)', 1, '2024-01-07 14:07:34'),
(1772, 230, 'KITCHEN', 6, 'Music Kit box', 1, '2024-01-07 14:07:34'),
(1773, 230, 'KITCHEN', 6, 'Xtra Kit items', 1, '2024-01-07 14:07:34'),
(1774, 230, 'MISC', 6, 'Lamp', 1, '2024-01-07 14:07:34'),
(1775, 230, 'MISC', 6, 'Lg Rug', 1, '2024-01-07 14:07:34'),
(1776, 230, 'MISC', 6, 'Sm Rug', 1, '2024-01-07 14:07:34'),
(1777, 230, 'MISC', 6, 'TV Tray', 1, '2024-01-07 14:07:34'),
(1778, 230, 'MISC', 6, 'Folding table', 1, '2024-01-07 14:07:34'),
(1779, 230, 'MISC', 6, 'Folding chair', 1, '2024-01-07 14:07:34'),
(1780, 230, 'BABY', 6, 'Toddler bed', 2, '2024-01-07 14:07:34'),
(1781, 230, 'BABY', 6, 'Child bag', 2, '2024-01-07 14:07:34'),
(1782, 230, 'BABY', 6, 'crib', 2, '2024-01-07 14:07:34'),
(1783, 234, 'BATH', 12, 'Towel Set', 2, '2024-01-07 14:17:38'),
(1784, 234, 'BATH', 12, 'Bath mat', 2, '2024-01-07 14:17:38'),
(1785, 234, 'BATH', 12, 'Shower Curtain', 2, '2024-01-07 14:17:38'),
(1786, 234, 'BATH', 12, 'Trash Can', 2, '2024-01-07 14:17:38'),
(1787, 234, 'BATH', 12, 'Laundry Basket', 2, '2024-01-07 14:17:38'),
(1788, 234, 'BATH', 12, 'Hangers', 2, '2024-01-07 14:17:38'),
(1789, 234, 'LIVINGROOM', 17, 'Couch', 1, '2024-01-07 14:17:38'),
(1790, 234, 'LIVINGROOM', 17, 'Loveseat', 2, '2024-01-07 14:17:38'),
(1791, 234, 'LIVINGROOM', 17, 'LR Chair', 2, '2024-01-07 14:17:38'),
(1792, 234, 'LIVINGROOM', 17, 'Recliner', 2, '2024-01-07 14:17:38'),
(1793, 234, 'LIVINGROOM', 17, 'Rocker', 2, '2024-01-07 14:17:38'),
(1794, 234, 'LIVINGROOM', 17, 'End tbl/coffee', 2, '2024-01-07 14:17:38'),
(1795, 234, 'LIVINGROOM', 17, 'Book Case', 2, '2024-01-07 14:17:38'),
(1796, 234, 'LIVINGROOM', 17, 'Desk', 2, '2024-01-07 14:17:38'),
(1797, 234, 'LIVINGROOM', 17, 'TV stand', 2, '2024-01-07 14:17:38'),
(1798, 234, 'BEDDING', 20, 'Sheet set', 2, '2024-01-07 14:17:38'),
(1799, 234, 'BEDDING', 20, 'Blanket', 3, '2024-01-07 14:17:38'),
(1800, 234, 'BEDDING', 20, 'Comforter', 4, '2024-01-07 14:17:38'),
(1801, 234, 'BEDDING', 20, 'Pillow', 5, '2024-01-07 14:17:38'),
(1802, 234, 'BEDDING', 20, 'Throw pillows', 3, '2024-01-07 14:17:38'),
(1803, 234, 'BEDDING', 20, 'Matt Pad', 3, '2024-01-07 14:17:38'),
(1804, 234, 'BEDROOM', 9, 'Qn.Matt', 1, '2024-01-07 14:17:38'),
(1805, 234, 'BEDROOM', 9, 'Qn Box', 1, '2024-01-07 14:17:38'),
(1806, 234, 'BEDROOM', 9, 'Full Matt', 1, '2024-01-07 14:17:38'),
(1807, 234, 'BEDROOM', 9, 'Full Box', 1, '2024-01-07 14:17:38'),
(1808, 234, 'BEDROOM', 9, 'Twin Matt', 1, '2024-01-07 14:17:38'),
(1809, 234, 'BEDROOM', 9, 'Twin Box', 1, '2024-01-07 14:17:39'),
(1810, 234, 'BEDROOM', 9, 'Dresser ', 1, '2024-01-07 14:17:39'),
(1811, 234, 'BEDROOM', 9, 'Night Stand', 1, '2024-01-07 14:17:39'),
(1812, 234, 'BEDROOM', 9, 'Bed Frame', 1, '2024-01-07 14:17:39'),
(1813, 234, 'KITCHEN', 6, 'Chairs', 1, '2024-01-07 14:17:39'),
(1814, 234, 'KITCHEN', 6, 'Bar Stool', 1, '2024-01-07 14:17:39'),
(1815, 234, 'KITCHEN', 6, 'Pan Set', 1, '2024-01-07 14:17:39'),
(1816, 234, 'KITCHEN', 6, 'Dish Set (4)', 1, '2024-01-07 14:17:39'),
(1817, 234, 'KITCHEN', 6, 'Music Kit box', 1, '2024-01-07 14:17:39'),
(1818, 234, 'KITCHEN', 6, 'Xtra Kit items', 1, '2024-01-07 14:17:39'),
(1819, 234, 'MISC', 6, 'Lamp', 1, '2024-01-07 14:17:39'),
(1820, 234, 'MISC', 6, 'Lg Rug', 1, '2024-01-07 14:17:39'),
(1821, 234, 'MISC', 6, 'Sm Rug', 1, '2024-01-07 14:17:39'),
(1822, 234, 'MISC', 6, 'TV Tray', 1, '2024-01-07 14:17:39'),
(1823, 234, 'MISC', 6, 'Folding table', 1, '2024-01-07 14:17:39'),
(1824, 234, 'MISC', 6, 'Folding chair', 1, '2024-01-07 14:17:39'),
(1825, 234, 'BABY', 6, 'Toddler bed', 2, '2024-01-07 14:17:39'),
(1826, 234, 'BABY', 6, 'Child bag', 2, '2024-01-07 14:17:39'),
(1827, 234, 'BABY', 6, 'crib', 2, '2024-01-07 14:17:39'),
(1828, 235, 'BATH', 12, 'Towel Set', 2, '2024-01-07 14:17:56'),
(1829, 235, 'BATH', 12, 'Bath mat', 2, '2024-01-07 14:17:56'),
(1830, 235, 'BATH', 12, 'Shower Curtain', 2, '2024-01-07 14:17:56'),
(1831, 235, 'BATH', 12, 'Trash Can', 2, '2024-01-07 14:17:56'),
(1832, 235, 'BATH', 12, 'Laundry Basket', 2, '2024-01-07 14:17:56'),
(1833, 235, 'BATH', 12, 'Hangers', 2, '2024-01-07 14:17:56'),
(1834, 235, 'LIVINGROOM', 17, 'Couch', 1, '2024-01-07 14:17:56'),
(1835, 235, 'LIVINGROOM', 17, 'Loveseat', 2, '2024-01-07 14:17:56'),
(1836, 235, 'LIVINGROOM', 17, 'LR Chair', 2, '2024-01-07 14:17:56'),
(1837, 235, 'LIVINGROOM', 17, 'Recliner', 2, '2024-01-07 14:17:56'),
(1838, 235, 'LIVINGROOM', 17, 'Rocker', 2, '2024-01-07 14:17:56'),
(1839, 235, 'LIVINGROOM', 17, 'End tbl/coffee', 2, '2024-01-07 14:17:56'),
(1840, 235, 'LIVINGROOM', 17, 'Book Case', 2, '2024-01-07 14:17:56'),
(1841, 235, 'LIVINGROOM', 17, 'Desk', 2, '2024-01-07 14:17:56'),
(1842, 235, 'LIVINGROOM', 17, 'TV stand', 2, '2024-01-07 14:17:56'),
(1843, 235, 'BEDDING', 20, 'Sheet set', 2, '2024-01-07 14:17:56'),
(1844, 235, 'BEDDING', 20, 'Blanket', 3, '2024-01-07 14:17:57'),
(1845, 235, 'BEDDING', 20, 'Comforter', 4, '2024-01-07 14:17:57'),
(1846, 235, 'BEDDING', 20, 'Pillow', 5, '2024-01-07 14:17:57'),
(1847, 235, 'BEDDING', 20, 'Throw pillows', 3, '2024-01-07 14:17:57'),
(1848, 235, 'BEDDING', 20, 'Matt Pad', 3, '2024-01-07 14:17:57'),
(1849, 235, 'BEDROOM', 9, 'Qn.Matt', 1, '2024-01-07 14:17:57'),
(1850, 235, 'BEDROOM', 9, 'Qn Box', 1, '2024-01-07 14:17:57'),
(1851, 235, 'BEDROOM', 9, 'Full Matt', 1, '2024-01-07 14:17:57'),
(1852, 235, 'BEDROOM', 9, 'Full Box', 1, '2024-01-07 14:17:57'),
(1853, 235, 'BEDROOM', 9, 'Twin Matt', 1, '2024-01-07 14:17:57'),
(1854, 235, 'BEDROOM', 9, 'Twin Box', 1, '2024-01-07 14:17:57'),
(1855, 235, 'BEDROOM', 9, 'Dresser ', 1, '2024-01-07 14:17:57'),
(1856, 235, 'BEDROOM', 9, 'Night Stand', 1, '2024-01-07 14:17:57'),
(1857, 235, 'BEDROOM', 9, 'Bed Frame', 1, '2024-01-07 14:17:57'),
(1858, 235, 'KITCHEN', 6, 'Chairs', 1, '2024-01-07 14:17:57'),
(1859, 235, 'KITCHEN', 6, 'Bar Stool', 1, '2024-01-07 14:17:57'),
(1860, 235, 'KITCHEN', 6, 'Pan Set', 1, '2024-01-07 14:17:57'),
(1861, 235, 'KITCHEN', 6, 'Dish Set (4)', 1, '2024-01-07 14:17:57'),
(1862, 235, 'KITCHEN', 6, 'Music Kit box', 1, '2024-01-07 14:17:57'),
(1863, 235, 'KITCHEN', 6, 'Xtra Kit items', 1, '2024-01-07 14:17:57'),
(1864, 235, 'MISC', 6, 'Lamp', 1, '2024-01-07 14:17:57'),
(1865, 235, 'MISC', 6, 'Lg Rug', 1, '2024-01-07 14:17:57'),
(1866, 235, 'MISC', 6, 'Sm Rug', 1, '2024-01-07 14:17:57'),
(1867, 235, 'MISC', 6, 'TV Tray', 1, '2024-01-07 14:17:57'),
(1868, 235, 'MISC', 6, 'Folding table', 1, '2024-01-07 14:17:57'),
(1869, 235, 'MISC', 6, 'Folding chair', 1, '2024-01-07 14:17:57'),
(1870, 235, 'BABY', 6, 'Toddler bed', 2, '2024-01-07 14:17:57'),
(1871, 235, 'BABY', 6, 'Child bag', 2, '2024-01-07 14:17:57'),
(1872, 235, 'BABY', 6, 'crib', 2, '2024-01-07 14:17:57'),
(1873, 236, 'BATH', 12, 'Towel Set', 2, '2024-01-07 14:18:19'),
(1874, 236, 'BATH', 12, 'Bath mat', 2, '2024-01-07 14:18:19'),
(1875, 236, 'BATH', 12, 'Shower Curtain', 2, '2024-01-07 14:18:19'),
(1876, 236, 'BATH', 12, 'Trash Can', 2, '2024-01-07 14:18:19'),
(1877, 236, 'BATH', 12, 'Laundry Basket', 2, '2024-01-07 14:18:19'),
(1878, 236, 'BATH', 12, 'Hangers', 2, '2024-01-07 14:18:19'),
(1879, 236, 'LIVINGROOM', 17, 'Couch', 1, '2024-01-07 14:18:19'),
(1880, 236, 'LIVINGROOM', 17, 'Loveseat', 2, '2024-01-07 14:18:19'),
(1881, 236, 'LIVINGROOM', 17, 'LR Chair', 2, '2024-01-07 14:18:19'),
(1882, 236, 'LIVINGROOM', 17, 'Recliner', 2, '2024-01-07 14:18:19'),
(1883, 236, 'LIVINGROOM', 17, 'Rocker', 2, '2024-01-07 14:18:19'),
(1884, 236, 'LIVINGROOM', 17, 'End tbl/coffee', 2, '2024-01-07 14:18:19'),
(1885, 236, 'LIVINGROOM', 17, 'Book Case', 2, '2024-01-07 14:18:19'),
(1886, 236, 'LIVINGROOM', 17, 'Desk', 2, '2024-01-07 14:18:19'),
(1887, 236, 'LIVINGROOM', 17, 'TV stand', 2, '2024-01-07 14:18:19'),
(1888, 236, 'BEDDING', 20, 'Sheet set', 2, '2024-01-07 14:18:19'),
(1889, 236, 'BEDDING', 20, 'Blanket', 3, '2024-01-07 14:18:19'),
(1890, 236, 'BEDDING', 20, 'Comforter', 4, '2024-01-07 14:18:19'),
(1891, 236, 'BEDDING', 20, 'Pillow', 5, '2024-01-07 14:18:19'),
(1892, 236, 'BEDDING', 20, 'Throw pillows', 3, '2024-01-07 14:18:19'),
(1893, 236, 'BEDDING', 20, 'Matt Pad', 3, '2024-01-07 14:18:19'),
(1894, 236, 'BEDROOM', 9, 'Qn.Matt', 1, '2024-01-07 14:18:19'),
(1895, 236, 'BEDROOM', 9, 'Qn Box', 1, '2024-01-07 14:18:19'),
(1896, 236, 'BEDROOM', 9, 'Full Matt', 1, '2024-01-07 14:18:19'),
(1897, 236, 'BEDROOM', 9, 'Full Box', 1, '2024-01-07 14:18:19'),
(1898, 236, 'BEDROOM', 9, 'Twin Matt', 1, '2024-01-07 14:18:19'),
(1899, 236, 'BEDROOM', 9, 'Twin Box', 1, '2024-01-07 14:18:19'),
(1900, 236, 'BEDROOM', 9, 'Dresser ', 1, '2024-01-07 14:18:19'),
(1901, 236, 'BEDROOM', 9, 'Night Stand', 1, '2024-01-07 14:18:19'),
(1902, 236, 'BEDROOM', 9, 'Bed Frame', 1, '2024-01-07 14:18:19'),
(1903, 236, 'KITCHEN', 6, 'Chairs', 1, '2024-01-07 14:18:19'),
(1904, 236, 'KITCHEN', 6, 'Bar Stool', 1, '2024-01-07 14:18:19'),
(1905, 236, 'KITCHEN', 6, 'Pan Set', 1, '2024-01-07 14:18:19'),
(1906, 236, 'KITCHEN', 6, 'Dish Set (4)', 1, '2024-01-07 14:18:19'),
(1907, 236, 'KITCHEN', 6, 'Music Kit box', 1, '2024-01-07 14:18:19'),
(1908, 236, 'KITCHEN', 6, 'Xtra Kit items', 1, '2024-01-07 14:18:19'),
(1909, 236, 'MISC', 6, 'Lamp', 1, '2024-01-07 14:18:19'),
(1910, 236, 'MISC', 6, 'Lg Rug', 1, '2024-01-07 14:18:19'),
(1911, 236, 'MISC', 6, 'Sm Rug', 1, '2024-01-07 14:18:19'),
(1912, 236, 'MISC', 6, 'TV Tray', 1, '2024-01-07 14:18:19'),
(1913, 236, 'MISC', 6, 'Folding table', 1, '2024-01-07 14:18:19'),
(1914, 236, 'MISC', 6, 'Folding chair', 1, '2024-01-07 14:18:19'),
(1915, 236, 'BABY', 6, 'Toddler bed', 2, '2024-01-07 14:18:19'),
(1916, 236, 'BABY', 6, 'Child bag', 2, '2024-01-07 14:18:19'),
(1917, 236, 'BABY', 6, 'crib', 2, '2024-01-07 14:18:19'),
(1918, 237, 'BATH', 12, 'Towel Set', 2, '2024-01-07 14:25:08'),
(1919, 237, 'BATH', 12, 'Bath mat', 2, '2024-01-07 14:25:08'),
(1920, 237, 'BATH', 12, 'Shower Curtain', 2, '2024-01-07 14:25:08'),
(1921, 237, 'BATH', 12, 'Trash Can', 2, '2024-01-07 14:25:08'),
(1922, 237, 'BATH', 12, 'Laundry Basket', 2, '2024-01-07 14:25:08'),
(1923, 237, 'BATH', 12, 'Hangers', 2, '2024-01-07 14:25:08'),
(1924, 237, 'LIVINGROOM', 17, 'Couch', 1, '2024-01-07 14:25:08'),
(1925, 237, 'LIVINGROOM', 17, 'Loveseat', 2, '2024-01-07 14:25:08'),
(1926, 237, 'LIVINGROOM', 17, 'LR Chair', 2, '2024-01-07 14:25:08'),
(1927, 237, 'LIVINGROOM', 17, 'Recliner', 2, '2024-01-07 14:25:08'),
(1928, 237, 'LIVINGROOM', 17, 'Rocker', 2, '2024-01-07 14:25:08'),
(1929, 237, 'LIVINGROOM', 17, 'End tbl/coffee', 2, '2024-01-07 14:25:08'),
(1930, 237, 'LIVINGROOM', 17, 'Book Case', 2, '2024-01-07 14:25:08'),
(1931, 237, 'LIVINGROOM', 17, 'Desk', 2, '2024-01-07 14:25:08'),
(1932, 237, 'LIVINGROOM', 17, 'TV stand', 2, '2024-01-07 14:25:08'),
(1933, 237, 'BEDDING', 20, 'Sheet set', 2, '2024-01-07 14:25:08'),
(1934, 237, 'BEDDING', 20, 'Blanket', 3, '2024-01-07 14:25:08'),
(1935, 237, 'BEDDING', 20, 'Comforter', 4, '2024-01-07 14:25:08'),
(1936, 237, 'BEDDING', 20, 'Pillow', 5, '2024-01-07 14:25:08'),
(1937, 237, 'BEDDING', 20, 'Throw pillows', 3, '2024-01-07 14:25:08'),
(1938, 237, 'BEDDING', 20, 'Matt Pad', 3, '2024-01-07 14:25:08'),
(1939, 237, 'BEDROOM', 9, 'Qn.Matt', 1, '2024-01-07 14:25:08'),
(1940, 237, 'BEDROOM', 9, 'Qn Box', 1, '2024-01-07 14:25:08'),
(1941, 237, 'BEDROOM', 9, 'Full Matt', 1, '2024-01-07 14:25:08'),
(1942, 237, 'BEDROOM', 9, 'Full Box', 1, '2024-01-07 14:25:08'),
(1943, 237, 'BEDROOM', 9, 'Twin Matt', 1, '2024-01-07 14:25:08'),
(1944, 237, 'BEDROOM', 9, 'Twin Box', 1, '2024-01-07 14:25:08'),
(1945, 237, 'BEDROOM', 9, 'Dresser ', 1, '2024-01-07 14:25:08'),
(1946, 237, 'BEDROOM', 9, 'Night Stand', 1, '2024-01-07 14:25:08'),
(1947, 237, 'BEDROOM', 9, 'Bed Frame', 1, '2024-01-07 14:25:08'),
(1948, 237, 'KITCHEN', 6, 'Chairs', 1, '2024-01-07 14:25:08'),
(1949, 237, 'KITCHEN', 6, 'Bar Stool', 1, '2024-01-07 14:25:08'),
(1950, 237, 'KITCHEN', 6, 'Pan Set', 1, '2024-01-07 14:25:08'),
(1951, 237, 'KITCHEN', 6, 'Dish Set (4)', 1, '2024-01-07 14:25:08'),
(1952, 237, 'KITCHEN', 6, 'Music Kit box', 1, '2024-01-07 14:25:08'),
(1953, 237, 'KITCHEN', 6, 'Xtra Kit items', 1, '2024-01-07 14:25:08'),
(1954, 237, 'MISC', 6, 'Lamp', 1, '2024-01-07 14:25:08'),
(1955, 237, 'MISC', 6, 'Lg Rug', 1, '2024-01-07 14:25:08'),
(1956, 237, 'MISC', 6, 'Sm Rug', 1, '2024-01-07 14:25:08'),
(1957, 237, 'MISC', 6, 'TV Tray', 1, '2024-01-07 14:25:08'),
(1958, 237, 'MISC', 6, 'Folding table', 1, '2024-01-07 14:25:08'),
(1959, 237, 'MISC', 6, 'Folding chair', 1, '2024-01-07 14:25:08'),
(1960, 237, 'BABY', 6, 'Toddler bed', 2, '2024-01-07 14:25:08'),
(1961, 237, 'BABY', 6, 'Child bag', 2, '2024-01-07 14:25:08'),
(1962, 237, 'BABY', 6, 'crib', 2, '2024-01-07 14:25:08'),
(1963, 238, 'BATH', 12, 'Towel Set', 2, '2024-01-07 14:28:14'),
(1964, 238, 'BATH', 12, 'Bath mat', 2, '2024-01-07 14:28:14'),
(1965, 238, 'BATH', 12, 'Shower Curtain', 2, '2024-01-07 14:28:14'),
(1966, 238, 'BATH', 12, 'Trash Can', 2, '2024-01-07 14:28:14'),
(1967, 238, 'BATH', 12, 'Laundry Basket', 2, '2024-01-07 14:28:14'),
(1968, 238, 'BATH', 12, 'Hangers', 2, '2024-01-07 14:28:14'),
(1969, 238, 'LIVINGROOM', 17, 'Couch', 1, '2024-01-07 14:28:14'),
(1970, 238, 'LIVINGROOM', 17, 'Loveseat', 2, '2024-01-07 14:28:14'),
(1971, 238, 'LIVINGROOM', 17, 'LR Chair', 2, '2024-01-07 14:28:14'),
(1972, 238, 'LIVINGROOM', 17, 'Recliner', 2, '2024-01-07 14:28:14'),
(1973, 238, 'LIVINGROOM', 17, 'Rocker', 2, '2024-01-07 14:28:14'),
(1974, 238, 'LIVINGROOM', 17, 'End tbl/coffee', 2, '2024-01-07 14:28:14'),
(1975, 238, 'LIVINGROOM', 17, 'Book Case', 2, '2024-01-07 14:28:14'),
(1976, 238, 'LIVINGROOM', 17, 'Desk', 2, '2024-01-07 14:28:14'),
(1977, 238, 'LIVINGROOM', 17, 'TV stand', 2, '2024-01-07 14:28:14'),
(1978, 238, 'BEDDING', 20, 'Sheet set', 2, '2024-01-07 14:28:14'),
(1979, 238, 'BEDDING', 20, 'Blanket', 3, '2024-01-07 14:28:14'),
(1980, 238, 'BEDDING', 20, 'Comforter', 4, '2024-01-07 14:28:14'),
(1981, 238, 'BEDDING', 20, 'Pillow', 5, '2024-01-07 14:28:14'),
(1982, 238, 'BEDDING', 20, 'Throw pillows', 3, '2024-01-07 14:28:14'),
(1983, 238, 'BEDDING', 20, 'Matt Pad', 3, '2024-01-07 14:28:14'),
(1984, 238, 'BEDROOM', 9, 'Qn.Matt', 1, '2024-01-07 14:28:14'),
(1985, 238, 'BEDROOM', 9, 'Qn Box', 1, '2024-01-07 14:28:14'),
(1986, 238, 'BEDROOM', 9, 'Full Matt', 1, '2024-01-07 14:28:14'),
(1987, 238, 'BEDROOM', 9, 'Full Box', 1, '2024-01-07 14:28:14'),
(1988, 238, 'BEDROOM', 9, 'Twin Matt', 1, '2024-01-07 14:28:14'),
(1989, 238, 'BEDROOM', 9, 'Twin Box', 1, '2024-01-07 14:28:14'),
(1990, 238, 'BEDROOM', 9, 'Dresser ', 1, '2024-01-07 14:28:14'),
(1991, 238, 'BEDROOM', 9, 'Night Stand', 1, '2024-01-07 14:28:14'),
(1992, 238, 'BEDROOM', 9, 'Bed Frame', 1, '2024-01-07 14:28:14'),
(1993, 238, 'KITCHEN', 6, 'Chairs', 1, '2024-01-07 14:28:14'),
(1994, 238, 'KITCHEN', 6, 'Bar Stool', 1, '2024-01-07 14:28:14'),
(1995, 238, 'KITCHEN', 6, 'Pan Set', 1, '2024-01-07 14:28:14'),
(1996, 238, 'KITCHEN', 6, 'Dish Set (4)', 1, '2024-01-07 14:28:14'),
(1997, 238, 'KITCHEN', 6, 'Music Kit box', 1, '2024-01-07 14:28:14'),
(1998, 238, 'KITCHEN', 6, 'Xtra Kit items', 1, '2024-01-07 14:28:14'),
(1999, 238, 'MISC', 6, 'Lamp', 1, '2024-01-07 14:28:14'),
(2000, 238, 'MISC', 6, 'Lg Rug', 1, '2024-01-07 14:28:14'),
(2001, 238, 'MISC', 6, 'Sm Rug', 1, '2024-01-07 14:28:14'),
(2002, 238, 'MISC', 6, 'TV Tray', 1, '2024-01-07 14:28:14'),
(2003, 238, 'MISC', 6, 'Folding table', 1, '2024-01-07 14:28:14'),
(2004, 238, 'MISC', 6, 'Folding chair', 1, '2024-01-07 14:28:14'),
(2005, 238, 'BABY', 6, 'Toddler bed', 2, '2024-01-07 14:28:14'),
(2006, 238, 'BABY', 6, 'Child bag', 2, '2024-01-07 14:28:14'),
(2007, 238, 'BABY', 6, 'crib', 2, '2024-01-07 14:28:14'),
(2008, 239, 'BATH', 12, 'Towel Set', 2, '2024-01-07 14:29:47'),
(2009, 239, 'BATH', 12, 'Bath mat', 2, '2024-01-07 14:29:47'),
(2010, 239, 'BATH', 12, 'Shower Curtain', 2, '2024-01-07 14:29:47'),
(2011, 239, 'BATH', 12, 'Trash Can', 2, '2024-01-07 14:29:47'),
(2012, 239, 'BATH', 12, 'Laundry Basket', 2, '2024-01-07 14:29:47'),
(2013, 239, 'BATH', 12, 'Hangers', 2, '2024-01-07 14:29:47'),
(2014, 239, 'LIVINGROOM', 17, 'Couch', 1, '2024-01-07 14:29:47'),
(2015, 239, 'LIVINGROOM', 17, 'Loveseat', 2, '2024-01-07 14:29:47'),
(2016, 239, 'LIVINGROOM', 17, 'LR Chair', 2, '2024-01-07 14:29:47'),
(2017, 239, 'LIVINGROOM', 17, 'Recliner', 2, '2024-01-07 14:29:47'),
(2018, 239, 'LIVINGROOM', 17, 'Rocker', 2, '2024-01-07 14:29:47'),
(2019, 239, 'LIVINGROOM', 17, 'End tbl/coffee', 2, '2024-01-07 14:29:47'),
(2020, 239, 'LIVINGROOM', 17, 'Book Case', 2, '2024-01-07 14:29:47'),
(2021, 239, 'LIVINGROOM', 17, 'Desk', 2, '2024-01-07 14:29:47'),
(2022, 239, 'LIVINGROOM', 17, 'TV stand', 2, '2024-01-07 14:29:47'),
(2023, 239, 'BEDDING', 20, 'Sheet set', 2, '2024-01-07 14:29:47'),
(2024, 239, 'BEDDING', 20, 'Blanket', 3, '2024-01-07 14:29:47'),
(2025, 239, 'BEDDING', 20, 'Comforter', 4, '2024-01-07 14:29:47'),
(2026, 239, 'BEDDING', 20, 'Pillow', 5, '2024-01-07 14:29:47'),
(2027, 239, 'BEDDING', 20, 'Throw pillows', 3, '2024-01-07 14:29:47'),
(2028, 239, 'BEDDING', 20, 'Matt Pad', 3, '2024-01-07 14:29:47'),
(2029, 239, 'BEDROOM', 9, 'Qn.Matt', 1, '2024-01-07 14:29:47'),
(2030, 239, 'BEDROOM', 9, 'Qn Box', 1, '2024-01-07 14:29:47'),
(2031, 239, 'BEDROOM', 9, 'Full Matt', 1, '2024-01-07 14:29:47'),
(2032, 239, 'BEDROOM', 9, 'Full Box', 1, '2024-01-07 14:29:47'),
(2033, 239, 'BEDROOM', 9, 'Twin Matt', 1, '2024-01-07 14:29:47'),
(2034, 239, 'BEDROOM', 9, 'Twin Box', 1, '2024-01-07 14:29:47'),
(2035, 239, 'BEDROOM', 9, 'Dresser ', 1, '2024-01-07 14:29:47'),
(2036, 239, 'BEDROOM', 9, 'Night Stand', 1, '2024-01-07 14:29:47'),
(2037, 239, 'BEDROOM', 9, 'Bed Frame', 1, '2024-01-07 14:29:47'),
(2038, 239, 'KITCHEN', 6, 'Chairs', 1, '2024-01-07 14:29:47'),
(2039, 239, 'KITCHEN', 6, 'Bar Stool', 1, '2024-01-07 14:29:47'),
(2040, 239, 'KITCHEN', 6, 'Pan Set', 1, '2024-01-07 14:29:47'),
(2041, 239, 'KITCHEN', 6, 'Dish Set (4)', 1, '2024-01-07 14:29:47'),
(2042, 239, 'KITCHEN', 6, 'Music Kit box', 1, '2024-01-07 14:29:47'),
(2043, 239, 'KITCHEN', 6, 'Xtra Kit items', 1, '2024-01-07 14:29:47'),
(2044, 239, 'MISC', 6, 'Lamp', 1, '2024-01-07 14:29:47'),
(2045, 239, 'MISC', 6, 'Lg Rug', 1, '2024-01-07 14:29:47'),
(2046, 239, 'MISC', 6, 'Sm Rug', 1, '2024-01-07 14:29:47'),
(2047, 239, 'MISC', 6, 'TV Tray', 1, '2024-01-07 14:29:47'),
(2048, 239, 'MISC', 6, 'Folding table', 1, '2024-01-07 14:29:47'),
(2049, 239, 'MISC', 6, 'Folding chair', 1, '2024-01-07 14:29:47'),
(2050, 239, 'BABY', 6, 'Toddler bed', 2, '2024-01-07 14:29:47'),
(2051, 239, 'BABY', 6, 'Child bag', 2, '2024-01-07 14:29:47'),
(2052, 239, 'BABY', 6, 'crib', 2, '2024-01-07 14:29:47'),
(2053, 240, 'BATH', 12, 'Towel Set', 2, '2024-01-07 14:31:52'),
(2054, 240, 'BATH', 12, 'Bath mat', 2, '2024-01-07 14:31:52'),
(2055, 240, 'BATH', 12, 'Shower Curtain', 2, '2024-01-07 14:31:52'),
(2056, 240, 'BATH', 12, 'Trash Can', 2, '2024-01-07 14:31:52'),
(2057, 240, 'BATH', 12, 'Laundry Basket', 2, '2024-01-07 14:31:52'),
(2058, 240, 'BATH', 12, 'Hangers', 2, '2024-01-07 14:31:52'),
(2059, 240, 'LIVINGROOM', 17, 'Couch', 1, '2024-01-07 14:31:52'),
(2060, 240, 'LIVINGROOM', 17, 'Loveseat', 2, '2024-01-07 14:31:52'),
(2061, 240, 'LIVINGROOM', 17, 'LR Chair', 2, '2024-01-07 14:31:52'),
(2062, 240, 'LIVINGROOM', 17, 'Recliner', 2, '2024-01-07 14:31:52'),
(2063, 240, 'LIVINGROOM', 17, 'Rocker', 2, '2024-01-07 14:31:52'),
(2064, 240, 'LIVINGROOM', 17, 'End tbl/coffee', 2, '2024-01-07 14:31:52'),
(2065, 240, 'LIVINGROOM', 17, 'Book Case', 2, '2024-01-07 14:31:52'),
(2066, 240, 'LIVINGROOM', 17, 'Desk', 2, '2024-01-07 14:31:52'),
(2067, 240, 'LIVINGROOM', 17, 'TV stand', 2, '2024-01-07 14:31:52'),
(2068, 240, 'BEDDING', 20, 'Sheet set', 2, '2024-01-07 14:31:52'),
(2069, 240, 'BEDDING', 20, 'Blanket', 3, '2024-01-07 14:31:52'),
(2070, 240, 'BEDDING', 20, 'Comforter', 4, '2024-01-07 14:31:52'),
(2071, 240, 'BEDDING', 20, 'Pillow', 5, '2024-01-07 14:31:52'),
(2072, 240, 'BEDDING', 20, 'Throw pillows', 3, '2024-01-07 14:31:52'),
(2073, 240, 'BEDDING', 20, 'Matt Pad', 3, '2024-01-07 14:31:52'),
(2074, 240, 'BEDROOM', 9, 'Qn.Matt', 1, '2024-01-07 14:31:52'),
(2075, 240, 'BEDROOM', 9, 'Qn Box', 1, '2024-01-07 14:31:52'),
(2076, 240, 'BEDROOM', 9, 'Full Matt', 1, '2024-01-07 14:31:52'),
(2077, 240, 'BEDROOM', 9, 'Full Box', 1, '2024-01-07 14:31:52'),
(2078, 240, 'BEDROOM', 9, 'Twin Matt', 1, '2024-01-07 14:31:52'),
(2079, 240, 'BEDROOM', 9, 'Twin Box', 1, '2024-01-07 14:31:52'),
(2080, 240, 'BEDROOM', 9, 'Dresser ', 1, '2024-01-07 14:31:52'),
(2081, 240, 'BEDROOM', 9, 'Night Stand', 1, '2024-01-07 14:31:52'),
(2082, 240, 'BEDROOM', 9, 'Bed Frame', 1, '2024-01-07 14:31:52'),
(2083, 240, 'KITCHEN', 6, 'Chairs', 1, '2024-01-07 14:31:52'),
(2084, 240, 'KITCHEN', 6, 'Bar Stool', 1, '2024-01-07 14:31:52'),
(2085, 240, 'KITCHEN', 6, 'Pan Set', 1, '2024-01-07 14:31:52'),
(2086, 240, 'KITCHEN', 6, 'Dish Set (4)', 1, '2024-01-07 14:31:52'),
(2087, 240, 'KITCHEN', 6, 'Music Kit box', 1, '2024-01-07 14:31:52'),
(2088, 240, 'KITCHEN', 6, 'Xtra Kit items', 1, '2024-01-07 14:31:52'),
(2089, 240, 'MISC', 6, 'Lamp', 1, '2024-01-07 14:31:52'),
(2090, 240, 'MISC', 6, 'Lg Rug', 1, '2024-01-07 14:31:52'),
(2091, 240, 'MISC', 6, 'Sm Rug', 1, '2024-01-07 14:31:52'),
(2092, 240, 'MISC', 6, 'TV Tray', 1, '2024-01-07 14:31:52'),
(2093, 240, 'MISC', 6, 'Folding table', 1, '2024-01-07 14:31:52'),
(2094, 240, 'MISC', 6, 'Folding chair', 1, '2024-01-07 14:31:52'),
(2095, 240, 'BABY', 6, 'Toddler bed', 2, '2024-01-07 14:31:52'),
(2096, 240, 'BABY', 6, 'Child bag', 2, '2024-01-07 14:31:52'),
(2097, 240, 'BABY', 6, 'crib', 2, '2024-01-07 14:31:52'),
(2098, 241, 'BATH', 12, 'Towel Set', 2, '2024-01-07 14:37:05'),
(2099, 241, 'BATH', 12, 'Bath mat', 2, '2024-01-07 14:37:05'),
(2100, 241, 'BATH', 12, 'Shower Curtain', 2, '2024-01-07 14:37:05'),
(2101, 241, 'BATH', 12, 'Trash Can', 2, '2024-01-07 14:37:05'),
(2102, 241, 'BATH', 12, 'Laundry Basket', 2, '2024-01-07 14:37:05'),
(2103, 241, 'BATH', 12, 'Hangers', 2, '2024-01-07 14:37:05'),
(2104, 241, 'LIVINGROOM', 17, 'Couch', 1, '2024-01-07 14:37:05'),
(2105, 241, 'LIVINGROOM', 17, 'Loveseat', 2, '2024-01-07 14:37:05'),
(2106, 241, 'LIVINGROOM', 17, 'LR Chair', 2, '2024-01-07 14:37:05'),
(2107, 241, 'LIVINGROOM', 17, 'Recliner', 2, '2024-01-07 14:37:05'),
(2108, 241, 'LIVINGROOM', 17, 'Rocker', 2, '2024-01-07 14:37:05'),
(2109, 241, 'LIVINGROOM', 17, 'End tbl/coffee', 2, '2024-01-07 14:37:05'),
(2110, 241, 'LIVINGROOM', 17, 'Book Case', 2, '2024-01-07 14:37:05'),
(2111, 241, 'LIVINGROOM', 17, 'Desk', 2, '2024-01-07 14:37:05'),
(2112, 241, 'LIVINGROOM', 17, 'TV stand', 2, '2024-01-07 14:37:05'),
(2113, 241, 'BEDDING', 20, 'Sheet set', 2, '2024-01-07 14:37:05'),
(2114, 241, 'BEDDING', 20, 'Blanket', 3, '2024-01-07 14:37:05'),
(2115, 241, 'BEDDING', 20, 'Comforter', 4, '2024-01-07 14:37:05'),
(2116, 241, 'BEDDING', 20, 'Pillow', 5, '2024-01-07 14:37:05'),
(2117, 241, 'BEDDING', 20, 'Throw pillows', 3, '2024-01-07 14:37:05'),
(2118, 241, 'BEDDING', 20, 'Matt Pad', 3, '2024-01-07 14:37:05'),
(2119, 241, 'BEDROOM', 9, 'Qn.Matt', 1, '2024-01-07 14:37:05'),
(2120, 241, 'BEDROOM', 9, 'Qn Box', 1, '2024-01-07 14:37:05'),
(2121, 241, 'BEDROOM', 9, 'Full Matt', 1, '2024-01-07 14:37:05'),
(2122, 241, 'BEDROOM', 9, 'Full Box', 1, '2024-01-07 14:37:05'),
(2123, 241, 'BEDROOM', 9, 'Twin Matt', 1, '2024-01-07 14:37:05'),
(2124, 241, 'BEDROOM', 9, 'Twin Box', 1, '2024-01-07 14:37:05'),
(2125, 241, 'BEDROOM', 9, 'Dresser ', 1, '2024-01-07 14:37:05'),
(2126, 241, 'BEDROOM', 9, 'Night Stand', 1, '2024-01-07 14:37:05'),
(2127, 241, 'BEDROOM', 9, 'Bed Frame', 1, '2024-01-07 14:37:05'),
(2128, 241, 'KITCHEN', 6, 'Chairs', 1, '2024-01-07 14:37:05'),
(2129, 241, 'KITCHEN', 6, 'Bar Stool', 1, '2024-01-07 14:37:05'),
(2130, 241, 'KITCHEN', 6, 'Pan Set', 1, '2024-01-07 14:37:05'),
(2131, 241, 'KITCHEN', 6, 'Dish Set (4)', 1, '2024-01-07 14:37:05'),
(2132, 241, 'KITCHEN', 6, 'Music Kit box', 1, '2024-01-07 14:37:05'),
(2133, 241, 'KITCHEN', 6, 'Xtra Kit items', 1, '2024-01-07 14:37:05'),
(2134, 241, 'MISC', 6, 'Lamp', 1, '2024-01-07 14:37:05'),
(2135, 241, 'MISC', 6, 'Lg Rug', 1, '2024-01-07 14:37:05'),
(2136, 241, 'MISC', 6, 'Sm Rug', 1, '2024-01-07 14:37:05'),
(2137, 241, 'MISC', 6, 'TV Tray', 1, '2024-01-07 14:37:05'),
(2138, 241, 'MISC', 6, 'Folding table', 1, '2024-01-07 14:37:05'),
(2139, 241, 'MISC', 6, 'Folding chair', 1, '2024-01-07 14:37:05'),
(2140, 241, 'BABY', 6, 'Toddler bed', 2, '2024-01-07 14:37:05'),
(2141, 241, 'BABY', 6, 'Child bag', 2, '2024-01-07 14:37:05'),
(2142, 241, 'BABY', 6, 'crib', 2, '2024-01-07 14:37:05'),
(2143, 242, 'BATH', 12, 'Towel Set', 2, '2024-01-07 14:37:29'),
(2144, 242, 'BATH', 12, 'Bath mat', 2, '2024-01-07 14:37:29'),
(2145, 242, 'BATH', 12, 'Shower Curtain', 2, '2024-01-07 14:37:29'),
(2146, 242, 'BATH', 12, 'Trash Can', 2, '2024-01-07 14:37:29'),
(2147, 242, 'BATH', 12, 'Laundry Basket', 2, '2024-01-07 14:37:29'),
(2148, 242, 'BATH', 12, 'Hangers', 2, '2024-01-07 14:37:29'),
(2149, 242, 'LIVINGROOM', 17, 'Couch', 1, '2024-01-07 14:37:29'),
(2150, 242, 'LIVINGROOM', 17, 'Loveseat', 2, '2024-01-07 14:37:29'),
(2151, 242, 'LIVINGROOM', 17, 'LR Chair', 2, '2024-01-07 14:37:29'),
(2152, 242, 'LIVINGROOM', 17, 'Recliner', 2, '2024-01-07 14:37:29'),
(2153, 242, 'LIVINGROOM', 17, 'Rocker', 2, '2024-01-07 14:37:29'),
(2154, 242, 'LIVINGROOM', 17, 'End tbl/coffee', 2, '2024-01-07 14:37:29'),
(2155, 242, 'LIVINGROOM', 17, 'Book Case', 2, '2024-01-07 14:37:29'),
(2156, 242, 'LIVINGROOM', 17, 'Desk', 2, '2024-01-07 14:37:29'),
(2157, 242, 'LIVINGROOM', 17, 'TV stand', 2, '2024-01-07 14:37:29'),
(2158, 242, 'BEDDING', 20, 'Sheet set', 2, '2024-01-07 14:37:29'),
(2159, 242, 'BEDDING', 20, 'Blanket', 3, '2024-01-07 14:37:29'),
(2160, 242, 'BEDDING', 20, 'Comforter', 4, '2024-01-07 14:37:29'),
(2161, 242, 'BEDDING', 20, 'Pillow', 5, '2024-01-07 14:37:29'),
(2162, 242, 'BEDDING', 20, 'Throw pillows', 3, '2024-01-07 14:37:29'),
(2163, 242, 'BEDDING', 20, 'Matt Pad', 3, '2024-01-07 14:37:29'),
(2164, 242, 'BEDROOM', 9, 'Qn.Matt', 1, '2024-01-07 14:37:29'),
(2165, 242, 'BEDROOM', 9, 'Qn Box', 1, '2024-01-07 14:37:29'),
(2166, 242, 'BEDROOM', 9, 'Full Matt', 1, '2024-01-07 14:37:29'),
(2167, 242, 'BEDROOM', 9, 'Full Box', 1, '2024-01-07 14:37:29'),
(2168, 242, 'BEDROOM', 9, 'Twin Matt', 1, '2024-01-07 14:37:29'),
(2169, 242, 'BEDROOM', 9, 'Twin Box', 1, '2024-01-07 14:37:29'),
(2170, 242, 'BEDROOM', 9, 'Dresser ', 1, '2024-01-07 14:37:29'),
(2171, 242, 'BEDROOM', 9, 'Night Stand', 1, '2024-01-07 14:37:29'),
(2172, 242, 'BEDROOM', 9, 'Bed Frame', 1, '2024-01-07 14:37:29'),
(2173, 242, 'KITCHEN', 6, 'Chairs', 1, '2024-01-07 14:37:29'),
(2174, 242, 'KITCHEN', 6, 'Bar Stool', 1, '2024-01-07 14:37:29'),
(2175, 242, 'KITCHEN', 6, 'Pan Set', 1, '2024-01-07 14:37:29'),
(2176, 242, 'KITCHEN', 6, 'Dish Set (4)', 1, '2024-01-07 14:37:29'),
(2177, 242, 'KITCHEN', 6, 'Music Kit box', 1, '2024-01-07 14:37:29'),
(2178, 242, 'KITCHEN', 6, 'Xtra Kit items', 1, '2024-01-07 14:37:29'),
(2179, 242, 'MISC', 6, 'Lamp', 1, '2024-01-07 14:37:29'),
(2180, 242, 'MISC', 6, 'Lg Rug', 1, '2024-01-07 14:37:29'),
(2181, 242, 'MISC', 6, 'Sm Rug', 1, '2024-01-07 14:37:29'),
(2182, 242, 'MISC', 6, 'TV Tray', 1, '2024-01-07 14:37:29'),
(2183, 242, 'MISC', 6, 'Folding table', 1, '2024-01-07 14:37:29'),
(2184, 242, 'MISC', 6, 'Folding chair', 1, '2024-01-07 14:37:29'),
(2185, 242, 'BABY', 6, 'Toddler bed', 2, '2024-01-07 14:37:29'),
(2186, 242, 'BABY', 6, 'Child bag', 2, '2024-01-07 14:37:29'),
(2187, 242, 'BABY', 6, 'crib', 2, '2024-01-07 14:37:29'),
(2188, 243, 'BATH', 12, 'Towel Set', 2, '2024-01-07 14:42:46'),
(2189, 243, 'BATH', 12, 'Bath mat', 2, '2024-01-07 14:42:46'),
(2190, 243, 'BATH', 12, 'Shower Curtain', 2, '2024-01-07 14:42:46'),
(2191, 243, 'BATH', 12, 'Trash Can', 2, '2024-01-07 14:42:46'),
(2192, 243, 'BATH', 12, 'Laundry Basket', 2, '2024-01-07 14:42:46'),
(2193, 243, 'BATH', 12, 'Hangers', 2, '2024-01-07 14:42:46'),
(2194, 243, 'LIVINGROOM', 17, 'Couch', 1, '2024-01-07 14:42:46'),
(2195, 243, 'LIVINGROOM', 17, 'Loveseat', 2, '2024-01-07 14:42:46'),
(2196, 243, 'LIVINGROOM', 17, 'LR Chair', 2, '2024-01-07 14:42:46'),
(2197, 243, 'LIVINGROOM', 17, 'Recliner', 2, '2024-01-07 14:42:46'),
(2198, 243, 'LIVINGROOM', 17, 'Rocker', 2, '2024-01-07 14:42:46'),
(2199, 243, 'LIVINGROOM', 17, 'End tbl/coffee', 2, '2024-01-07 14:42:46'),
(2200, 243, 'LIVINGROOM', 17, 'Book Case', 2, '2024-01-07 14:42:46'),
(2201, 243, 'LIVINGROOM', 17, 'Desk', 2, '2024-01-07 14:42:46'),
(2202, 243, 'LIVINGROOM', 17, 'TV stand', 2, '2024-01-07 14:42:46'),
(2203, 243, 'BEDDING', 20, 'Sheet set', 2, '2024-01-07 14:42:46'),
(2204, 243, 'BEDDING', 20, 'Blanket', 3, '2024-01-07 14:42:46'),
(2205, 243, 'BEDDING', 20, 'Comforter', 4, '2024-01-07 14:42:46'),
(2206, 243, 'BEDDING', 20, 'Pillow', 5, '2024-01-07 14:42:46'),
(2207, 243, 'BEDDING', 20, 'Throw pillows', 3, '2024-01-07 14:42:46'),
(2208, 243, 'BEDDING', 20, 'Matt Pad', 3, '2024-01-07 14:42:47'),
(2209, 243, 'BEDROOM', 9, 'Qn.Matt', 1, '2024-01-07 14:42:47'),
(2210, 243, 'BEDROOM', 9, 'Qn Box', 1, '2024-01-07 14:42:47'),
(2211, 243, 'BEDROOM', 9, 'Full Matt', 1, '2024-01-07 14:42:47'),
(2212, 243, 'BEDROOM', 9, 'Full Box', 1, '2024-01-07 14:42:47'),
(2213, 243, 'BEDROOM', 9, 'Twin Matt', 1, '2024-01-07 14:42:47'),
(2214, 243, 'BEDROOM', 9, 'Twin Box', 1, '2024-01-07 14:42:47'),
(2215, 243, 'BEDROOM', 9, 'Dresser ', 1, '2024-01-07 14:42:47'),
(2216, 243, 'BEDROOM', 9, 'Night Stand', 1, '2024-01-07 14:42:47'),
(2217, 243, 'BEDROOM', 9, 'Bed Frame', 1, '2024-01-07 14:42:47'),
(2218, 243, 'KITCHEN', 6, 'Chairs', 1, '2024-01-07 14:42:47'),
(2219, 243, 'KITCHEN', 6, 'Bar Stool', 1, '2024-01-07 14:42:47'),
(2220, 243, 'KITCHEN', 6, 'Pan Set', 1, '2024-01-07 14:42:47'),
(2221, 243, 'KITCHEN', 6, 'Dish Set (4)', 1, '2024-01-07 14:42:47'),
(2222, 243, 'KITCHEN', 6, 'Music Kit box', 1, '2024-01-07 14:42:47'),
(2223, 243, 'KITCHEN', 6, 'Xtra Kit items', 1, '2024-01-07 14:42:47'),
(2224, 243, 'MISC', 6, 'Lamp', 1, '2024-01-07 14:42:47'),
(2225, 243, 'MISC', 6, 'Lg Rug', 1, '2024-01-07 14:42:47'),
(2226, 243, 'MISC', 6, 'Sm Rug', 1, '2024-01-07 14:42:47'),
(2227, 243, 'MISC', 6, 'TV Tray', 1, '2024-01-07 14:42:47'),
(2228, 243, 'MISC', 6, 'Folding table', 1, '2024-01-07 14:42:47'),
(2229, 243, 'MISC', 6, 'Folding chair', 1, '2024-01-07 14:42:47'),
(2230, 243, 'BABY', 6, 'Toddler bed', 2, '2024-01-07 14:42:47'),
(2231, 243, 'BABY', 6, 'Child bag', 2, '2024-01-07 14:42:47'),
(2232, 243, 'BABY', 6, 'crib', 2, '2024-01-07 14:42:47'),
(2233, 244, 'BATH', 12, 'Towel Set', 2, '2024-01-07 14:45:10'),
(2234, 244, 'BATH', 12, 'Bath mat', 2, '2024-01-07 14:45:10'),
(2235, 244, 'BATH', 12, 'Shower Curtain', 2, '2024-01-07 14:45:10'),
(2236, 244, 'BATH', 12, 'Trash Can', 2, '2024-01-07 14:45:10'),
(2237, 244, 'BATH', 12, 'Laundry Basket', 2, '2024-01-07 14:45:10'),
(2238, 244, 'BATH', 12, 'Hangers', 2, '2024-01-07 14:45:10'),
(2239, 244, 'LIVINGROOM', 17, 'Couch', 1, '2024-01-07 14:45:10'),
(2240, 244, 'LIVINGROOM', 17, 'Loveseat', 2, '2024-01-07 14:45:10'),
(2241, 244, 'LIVINGROOM', 17, 'LR Chair', 2, '2024-01-07 14:45:10'),
(2242, 244, 'LIVINGROOM', 17, 'Recliner', 2, '2024-01-07 14:45:10'),
(2243, 244, 'LIVINGROOM', 17, 'Rocker', 2, '2024-01-07 14:45:10'),
(2244, 244, 'LIVINGROOM', 17, 'End tbl/coffee', 2, '2024-01-07 14:45:10'),
(2245, 244, 'LIVINGROOM', 17, 'Book Case', 2, '2024-01-07 14:45:10'),
(2246, 244, 'LIVINGROOM', 17, 'Desk', 2, '2024-01-07 14:45:10'),
(2247, 244, 'LIVINGROOM', 17, 'TV stand', 2, '2024-01-07 14:45:10'),
(2248, 244, 'BEDDING', 20, 'Sheet set', 2, '2024-01-07 14:45:10'),
(2249, 244, 'BEDDING', 20, 'Blanket', 3, '2024-01-07 14:45:10'),
(2250, 244, 'BEDDING', 20, 'Comforter', 4, '2024-01-07 14:45:10'),
(2251, 244, 'BEDDING', 20, 'Pillow', 5, '2024-01-07 14:45:10'),
(2252, 244, 'BEDDING', 20, 'Throw pillows', 3, '2024-01-07 14:45:10'),
(2253, 244, 'BEDDING', 20, 'Matt Pad', 3, '2024-01-07 14:45:10'),
(2254, 244, 'BEDROOM', 9, 'Qn.Matt', 1, '2024-01-07 14:45:10'),
(2255, 244, 'BEDROOM', 9, 'Qn Box', 1, '2024-01-07 14:45:10'),
(2256, 244, 'BEDROOM', 9, 'Full Matt', 1, '2024-01-07 14:45:10'),
(2257, 244, 'BEDROOM', 9, 'Full Box', 1, '2024-01-07 14:45:10'),
(2258, 244, 'BEDROOM', 9, 'Twin Matt', 1, '2024-01-07 14:45:10'),
(2259, 244, 'BEDROOM', 9, 'Twin Box', 1, '2024-01-07 14:45:10'),
(2260, 244, 'BEDROOM', 9, 'Dresser ', 1, '2024-01-07 14:45:10'),
(2261, 244, 'BEDROOM', 9, 'Night Stand', 1, '2024-01-07 14:45:10'),
(2262, 244, 'BEDROOM', 9, 'Bed Frame', 1, '2024-01-07 14:45:10'),
(2263, 244, 'KITCHEN', 6, 'Chairs', 1, '2024-01-07 14:45:10'),
(2264, 244, 'KITCHEN', 6, 'Bar Stool', 1, '2024-01-07 14:45:10'),
(2265, 244, 'KITCHEN', 6, 'Pan Set', 1, '2024-01-07 14:45:10'),
(2266, 244, 'KITCHEN', 6, 'Dish Set (4)', 1, '2024-01-07 14:45:10'),
(2267, 244, 'KITCHEN', 6, 'Music Kit box', 1, '2024-01-07 14:45:10'),
(2268, 244, 'KITCHEN', 6, 'Xtra Kit items', 1, '2024-01-07 14:45:10'),
(2269, 244, 'MISC', 6, 'Lamp', 1, '2024-01-07 14:45:10'),
(2270, 244, 'MISC', 6, 'Lg Rug', 1, '2024-01-07 14:45:10'),
(2271, 244, 'MISC', 6, 'Sm Rug', 1, '2024-01-07 14:45:10'),
(2272, 244, 'MISC', 6, 'TV Tray', 1, '2024-01-07 14:45:10'),
(2273, 244, 'MISC', 6, 'Folding table', 1, '2024-01-07 14:45:10'),
(2274, 244, 'MISC', 6, 'Folding chair', 1, '2024-01-07 14:45:10'),
(2275, 244, 'BABY', 6, 'Toddler bed', 2, '2024-01-07 14:45:10'),
(2276, 244, 'BABY', 6, 'Child bag', 2, '2024-01-07 14:45:10'),
(2277, 244, 'BABY', 6, 'crib', 2, '2024-01-07 14:45:10'),
(2278, 245, 'BATH', 12, 'Towel Set', 2, '2024-01-07 15:08:31'),
(2279, 245, 'BATH', 12, 'Bath mat', 2, '2024-01-07 15:08:31'),
(2280, 245, 'BATH', 12, 'Shower Curtain', 2, '2024-01-07 15:08:31'),
(2281, 245, 'BATH', 12, 'Trash Can', 2, '2024-01-07 15:08:31'),
(2282, 245, 'BATH', 12, 'Laundry Basket', 2, '2024-01-07 15:08:31'),
(2283, 245, 'BATH', 12, 'Hangers', 2, '2024-01-07 15:08:31'),
(2284, 245, 'LIVINGROOM', 17, 'Couch', 1, '2024-01-07 15:08:31'),
(2285, 245, 'LIVINGROOM', 17, 'Loveseat', 2, '2024-01-07 15:08:31'),
(2286, 245, 'LIVINGROOM', 17, 'LR Chair', 2, '2024-01-07 15:08:31'),
(2287, 245, 'LIVINGROOM', 17, 'Recliner', 2, '2024-01-07 15:08:31'),
(2288, 245, 'LIVINGROOM', 17, 'Rocker', 2, '2024-01-07 15:08:31'),
(2289, 245, 'LIVINGROOM', 17, 'End tbl/coffee', 2, '2024-01-07 15:08:31'),
(2290, 245, 'LIVINGROOM', 17, 'Book Case', 2, '2024-01-07 15:08:31'),
(2291, 245, 'LIVINGROOM', 17, 'Desk', 2, '2024-01-07 15:08:31'),
(2292, 245, 'LIVINGROOM', 17, 'TV stand', 2, '2024-01-07 15:08:31'),
(2293, 245, 'BEDDING', 20, 'Sheet set', 2, '2024-01-07 15:08:31'),
(2294, 245, 'BEDDING', 20, 'Blanket', 3, '2024-01-07 15:08:31'),
(2295, 245, 'BEDDING', 20, 'Comforter', 4, '2024-01-07 15:08:32'),
(2296, 245, 'BEDDING', 20, 'Pillow', 5, '2024-01-07 15:08:32'),
(2297, 245, 'BEDDING', 20, 'Throw pillows', 3, '2024-01-07 15:08:32'),
(2298, 245, 'BEDDING', 20, 'Matt Pad', 3, '2024-01-07 15:08:32'),
(2299, 245, 'BEDROOM', 9, 'Qn.Matt', 1, '2024-01-07 15:08:32'),
(2300, 245, 'BEDROOM', 9, 'Qn Box', 1, '2024-01-07 15:08:32'),
(2301, 245, 'BEDROOM', 9, 'Full Matt', 1, '2024-01-07 15:08:32'),
(2302, 245, 'BEDROOM', 9, 'Full Box', 1, '2024-01-07 15:08:32'),
(2303, 245, 'BEDROOM', 9, 'Twin Matt', 1, '2024-01-07 15:08:32'),
(2304, 245, 'BEDROOM', 9, 'Twin Box', 1, '2024-01-07 15:08:32'),
(2305, 245, 'BEDROOM', 9, 'Dresser ', 1, '2024-01-07 15:08:32'),
(2306, 245, 'BEDROOM', 9, 'Night Stand', 1, '2024-01-07 15:08:32'),
(2307, 245, 'BEDROOM', 9, 'Bed Frame', 1, '2024-01-07 15:08:32'),
(2308, 245, 'KITCHEN', 6, 'Chairs', 1, '2024-01-07 15:08:32'),
(2309, 245, 'KITCHEN', 6, 'Bar Stool', 1, '2024-01-07 15:08:32'),
(2310, 245, 'KITCHEN', 6, 'Pan Set', 1, '2024-01-07 15:08:32'),
(2311, 245, 'KITCHEN', 6, 'Dish Set (4)', 1, '2024-01-07 15:08:32'),
(2312, 245, 'KITCHEN', 6, 'Music Kit box', 1, '2024-01-07 15:08:32'),
(2313, 245, 'KITCHEN', 6, 'Xtra Kit items', 1, '2024-01-07 15:08:32'),
(2314, 245, 'MISC', 6, 'Lamp', 1, '2024-01-07 15:08:32'),
(2315, 245, 'MISC', 6, 'Lg Rug', 1, '2024-01-07 15:08:32'),
(2316, 245, 'MISC', 6, 'Sm Rug', 1, '2024-01-07 15:08:32'),
(2317, 245, 'MISC', 6, 'TV Tray', 1, '2024-01-07 15:08:32'),
(2318, 245, 'MISC', 6, 'Folding table', 1, '2024-01-07 15:08:32'),
(2319, 245, 'MISC', 6, 'Folding chair', 1, '2024-01-07 15:08:32'),
(2320, 246, 'BATH', 18, 'Towel Set', 3, '2024-01-07 15:13:23'),
(2321, 246, 'BATH', 18, 'Bath mat', 3, '2024-01-07 15:13:23'),
(2322, 246, 'BATH', 18, 'Shower Curtain', 3, '2024-01-07 15:13:23'),
(2323, 246, 'BATH', 18, 'Trash Can', 3, '2024-01-07 15:13:23'),
(2324, 246, 'BATH', 18, 'Laundry Basket', 3, '2024-01-07 15:13:23'),
(2325, 246, 'BATH', 18, 'Hangers', 3, '2024-01-07 15:13:23'),
(2326, 246, 'LIVINGROOM', 27, 'Couch', 3, '2024-01-07 15:13:23'),
(2327, 246, 'LIVINGROOM', 27, 'Loveseat', 3, '2024-01-07 15:13:23'),
(2328, 246, 'LIVINGROOM', 27, 'LR Chair', 3, '2024-01-07 15:13:23'),
(2329, 246, 'LIVINGROOM', 27, 'Recliner', 3, '2024-01-07 15:13:23'),
(2330, 246, 'LIVINGROOM', 27, 'Rocker', 3, '2024-01-07 15:13:23'),
(2331, 246, 'LIVINGROOM', 27, 'End tbl/coffee', 3, '2024-01-07 15:13:23'),
(2332, 246, 'LIVINGROOM', 27, 'Book Case', 3, '2024-01-07 15:13:23'),
(2333, 246, 'LIVINGROOM', 27, 'Desk', 3, '2024-01-07 15:13:23'),
(2334, 246, 'LIVINGROOM', 27, 'TV stand', 3, '2024-01-07 15:13:23'),
(2335, 246, 'BEDDING', 18, 'Sheet set', 3, '2024-01-07 15:13:23'),
(2336, 246, 'BEDDING', 18, 'Blanket', 3, '2024-01-07 15:13:23'),
(2337, 246, 'BEDDING', 18, 'Comforter', 3, '2024-01-07 15:13:23'),
(2338, 246, 'BEDDING', 18, 'Pillow', 3, '2024-01-07 15:13:23'),
(2339, 246, 'BEDDING', 18, 'Throw pillows', 3, '2024-01-07 15:13:23'),
(2340, 246, 'BEDDING', 18, 'Matt Pad', 3, '2024-01-07 15:13:23'),
(2341, 246, 'BEDROOM', 27, 'Qn.Matt', 3, '2024-01-07 15:13:23'),
(2342, 246, 'BEDROOM', 27, 'Qn Box', 3, '2024-01-07 15:13:23'),
(2343, 246, 'BEDROOM', 27, 'Full Matt', 3, '2024-01-07 15:13:23'),
(2344, 246, 'BEDROOM', 27, 'Full Box', 3, '2024-01-07 15:13:23'),
(2345, 246, 'BEDROOM', 27, 'Twin Matt', 3, '2024-01-07 15:13:23'),
(2346, 246, 'BEDROOM', 27, 'Twin Box', 3, '2024-01-07 15:13:23'),
(2347, 246, 'BEDROOM', 27, 'Dresser ', 3, '2024-01-07 15:13:23'),
(2348, 246, 'BEDROOM', 27, 'Night Stand', 3, '2024-01-07 15:13:23'),
(2349, 246, 'BEDROOM', 27, 'Bed Frame', 3, '2024-01-07 15:13:23'),
(2350, 246, 'KITCHEN', 18, 'Table', 3, '2024-01-07 15:13:23'),
(2351, 246, 'KITCHEN', 18, 'Chairs', 3, '2024-01-07 15:13:23'),
(2352, 246, 'KITCHEN', 18, 'Bar Stool', 3, '2024-01-07 15:13:23'),
(2353, 246, 'KITCHEN', 18, 'Pan Set', 3, '2024-01-07 15:13:23'),
(2354, 246, 'KITCHEN', 18, 'Dish Set (4)', 3, '2024-01-07 15:13:23'),
(2355, 246, 'KITCHEN', 18, 'Music Kit box', 3, '2024-01-07 15:13:23'),
(2356, 247, 'BATH', 18, 'Towel Set', 3, '2024-01-07 15:15:22'),
(2357, 247, 'BATH', 18, 'Bath mat', 3, '2024-01-07 15:15:22'),
(2358, 247, 'BATH', 18, 'Shower Curtain', 3, '2024-01-07 15:15:22'),
(2359, 247, 'BATH', 18, 'Trash Can', 3, '2024-01-07 15:15:22'),
(2360, 247, 'BATH', 18, 'Laundry Basket', 3, '2024-01-07 15:15:22'),
(2361, 247, 'BATH', 18, 'Hangers', 3, '2024-01-07 15:15:22'),
(2362, 247, 'LIVINGROOM', 27, 'Couch', 3, '2024-01-07 15:15:22'),
(2363, 247, 'LIVINGROOM', 27, 'Loveseat', 3, '2024-01-07 15:15:22'),
(2364, 247, 'LIVINGROOM', 27, 'LR Chair', 3, '2024-01-07 15:15:22'),
(2365, 247, 'LIVINGROOM', 27, 'Recliner', 3, '2024-01-07 15:15:22'),
(2366, 247, 'LIVINGROOM', 27, 'Rocker', 3, '2024-01-07 15:15:22'),
(2367, 247, 'LIVINGROOM', 27, 'End tbl/coffee', 3, '2024-01-07 15:15:22'),
(2368, 247, 'LIVINGROOM', 27, 'Book Case', 3, '2024-01-07 15:15:22'),
(2369, 247, 'LIVINGROOM', 27, 'Desk', 3, '2024-01-07 15:15:22'),
(2370, 247, 'LIVINGROOM', 27, 'TV stand', 3, '2024-01-07 15:15:22'),
(2371, 247, 'BEDDING', 18, 'Sheet set', 3, '2024-01-07 15:15:22'),
(2372, 247, 'BEDDING', 18, 'Blanket', 3, '2024-01-07 15:15:22'),
(2373, 247, 'BEDDING', 18, 'Comforter', 3, '2024-01-07 15:15:22'),
(2374, 247, 'BEDDING', 18, 'Pillow', 3, '2024-01-07 15:15:22'),
(2375, 247, 'BEDDING', 18, 'Throw pillows', 3, '2024-01-07 15:15:22'),
(2376, 247, 'BEDDING', 18, 'Matt Pad', 3, '2024-01-07 15:15:22'),
(2377, 247, 'BEDROOM', 27, 'Qn.Matt', 3, '2024-01-07 15:15:22'),
(2378, 247, 'BEDROOM', 27, 'Qn Box', 3, '2024-01-07 15:15:22'),
(2379, 247, 'BEDROOM', 27, 'Full Matt', 3, '2024-01-07 15:15:22'),
(2380, 247, 'BEDROOM', 27, 'Full Box', 3, '2024-01-07 15:15:22'),
(2381, 247, 'BEDROOM', 27, 'Twin Matt', 3, '2024-01-07 15:15:22'),
(2382, 247, 'BEDROOM', 27, 'Twin Box', 3, '2024-01-07 15:15:22'),
(2383, 247, 'BEDROOM', 27, 'Dresser ', 3, '2024-01-07 15:15:22'),
(2384, 247, 'BEDROOM', 27, 'Night Stand', 3, '2024-01-07 15:15:22'),
(2385, 247, 'BEDROOM', 27, 'Bed Frame', 3, '2024-01-07 15:15:22'),
(2386, 247, 'KITCHEN', 18, 'Table', 3, '2024-01-07 15:15:22'),
(2387, 247, 'KITCHEN', 18, 'Chairs', 3, '2024-01-07 15:15:22'),
(2388, 247, 'KITCHEN', 18, 'Bar Stool', 3, '2024-01-07 15:15:22'),
(2389, 247, 'KITCHEN', 18, 'Pan Set', 3, '2024-01-07 15:15:22'),
(2390, 247, 'KITCHEN', 18, 'Dish Set (4)', 3, '2024-01-07 15:15:22'),
(2391, 247, 'KITCHEN', 18, 'Music Kit box', 3, '2024-01-07 15:15:22'),
(2392, 247, 'BABY', 9, 'Toddler bed', 3, '2024-01-07 15:15:22'),
(2393, 247, 'BABY', 9, 'Child bag', 3, '2024-01-07 15:15:22'),
(2394, 247, 'BABY', 9, 'crib', 3, '2024-01-07 15:15:22'),
(2395, 248, 'LIVINGROOM', 1, 'Couch', 1, '2024-01-07 16:37:53'),
(2396, 248, 'KITCHEN', 2, 'Table', 1, '2024-01-07 16:37:53'),
(2397, 248, 'KITCHEN', 2, 'Bar Stool', 1, '2024-01-07 16:37:53'),
(2398, 249, 'LIVINGROOM', 1, 'Couch', 1, '2024-01-07 16:41:13'),
(2399, 249, 'KITCHEN', 2, 'Table', 1, '2024-01-07 16:41:13'),
(2400, 249, 'KITCHEN', 2, 'Bar Stool', 1, '2024-01-07 16:41:13'),
(2401, 250, 'LIVINGROOM', 2, 'Couch', 2, '2024-01-07 16:50:05'),
(2402, 250, 'BEDROOM', 2, 'Qn.Matt', 2, '2024-01-07 16:50:05'),
(2403, 250, 'KITCHEN', 2, 'Table', 2, '2024-01-07 16:50:05'),
(2404, 251, 'LIVINGROOM', 2, 'Couch', 2, '2024-01-11 15:23:35'),
(2405, 252, 'LIVINGROOM', 2, 'Couch', 2, '2024-01-11 15:30:49'),
(2406, 253, 'LIVINGROOM', 2, 'Couch', 2, '2024-01-11 15:31:04'),
(2407, 254, 'LIVINGROOM', 1, 'Couch', 1, '2024-01-11 15:31:54'),
(2408, 255, 'LIVINGROOM', 1, 'Couch', 1, '2024-01-11 15:42:44'),
(2409, 256, 'LIVINGROOM', 1, 'Couch', 1, '2024-01-11 15:47:05'),
(2410, 257, 'LIVINGROOM', 1, 'Couch', 1, '2024-01-11 15:51:47'),
(2411, 258, 'LIVINGROOM', 1, 'Couch', 1, '2024-01-11 15:53:17'),
(2412, 259, 'LIVINGROOM', 1, 'Couch', 1, '2024-01-11 16:03:17'),
(2413, 260, 'LIVINGROOM', 2, 'Couch', 2, '2024-01-11 17:48:08'),
(2414, 261, 'LIVINGROOM', 2, 'Couch', 2, '2024-01-11 17:51:41'),
(2415, 262, 'LIVINGROOM', 2, 'Couch', 2, '2024-01-11 18:04:29'),
(2416, 263, 'LIVINGROOM', 2, 'Couch', 2, '2024-01-11 18:08:14'),
(2417, 264, 'LIVINGROOM', 2, 'Couch', 2, '2024-01-11 18:08:33'),
(2418, 265, 'LIVINGROOM', 2, 'Couch', 2, '2024-01-11 18:13:45'),
(2419, 266, 'LIVINGROOM', 2, 'Couch', 2, '2024-01-11 18:17:11'),
(2420, 267, 'LIVINGROOM', 2, 'Couch', 2, '2024-01-11 18:22:09'),
(2421, 268, 'LIVINGROOM', 2, 'Couch', 2, '2024-01-11 18:27:52'),
(2422, 269, 'LIVINGROOM', 2, 'Couch', 2, '2024-01-11 18:29:19'),
(2423, 270, 'LIVINGROOM', 2, 'Couch', 2, '2024-01-11 18:30:44'),
(2424, 271, 'LIVINGROOM', 2, 'Couch', 2, '2024-01-11 18:42:47'),
(2425, 272, 'LIVINGROOM', 2, 'Couch', 2, '2024-01-11 18:44:21'),
(2426, 273, 'LIVINGROOM', 2, 'Couch', 2, '2024-01-11 18:45:36'),
(2427, 274, 'LIVINGROOM', 2, 'Couch', 2, '2024-01-11 18:57:01'),
(2428, 275, 'LIVINGROOM', 2, 'Couch', 2, '2024-01-11 19:38:05'),
(2429, 276, 'LIVINGROOM', 1, 'Couch', 1, '2024-01-13 12:32:25'),
(2430, 277, 'LIVINGROOM', 1, 'Couch', 1, '2024-01-13 12:36:18');
INSERT INTO `requestorder` (`id`, `family_id`, `category`, `categoryTotal`, `requestedItem`, `amountNeeded`, `daterequested`) VALUES
(2431, 278, 'LIVINGROOM', 1, 'Couch', 1, '2024-01-13 12:36:26'),
(2432, 279, 'LIVINGROOM', 1, 'Couch', 1, '2024-01-13 12:38:24'),
(2433, 280, 'LIVINGROOM', 1, 'Couch', 1, '2024-01-13 12:41:32'),
(2434, 281, 'LIVINGROOM', 1, 'Couch', 1, '2024-01-13 12:46:55'),
(2435, 282, 'LIVINGROOM', 1, 'Couch', 1, '2024-01-13 12:47:58'),
(2436, 283, 'LIVINGROOM', 1, 'Couch', 1, '2024-01-13 12:50:26'),
(2437, 284, 'LIVINGROOM', 1, 'Couch', 1, '2024-01-13 13:00:20'),
(2438, 285, 'LIVINGROOM', 1, 'Couch', 1, '2024-01-13 13:01:32'),
(2439, 286, 'LIVINGROOM', 1, 'Couch', 1, '2024-01-13 13:02:07'),
(2440, 287, 'LIVINGROOM', 1, 'Couch', 1, '2024-01-13 13:09:18'),
(2441, 288, 'LIVINGROOM', 1, 'Couch', 1, '2024-01-13 14:04:30'),
(2442, 289, 'LIVINGROOM', 1, 'Couch', 1, '2024-01-13 14:06:25'),
(2443, 290, 'LIVINGROOM', 1, 'Couch', 1, '2024-01-13 14:08:51'),
(2444, 291, 'LIVINGROOM', 1, 'Couch', 1, '2024-01-13 14:17:31'),
(2445, 292, 'LIVINGROOM', 1, 'Couch', 1, '2024-01-13 14:49:41'),
(2446, 293, 'LIVINGROOM', 2, 'Couch', 1, '2024-01-20 15:23:48'),
(2447, 293, 'LIVINGROOM', 2, 'Loveseat', 1, '2024-01-20 15:23:48'),
(2448, 294, 'LIVINGROOM', 2, 'Couch', 1, '2024-01-20 15:25:40'),
(2449, 294, 'LIVINGROOM', 2, 'Loveseat', 1, '2024-01-20 15:25:40'),
(2450, 295, 'LIVINGROOM', 2, 'Couch', 1, '2024-01-20 15:26:45'),
(2451, 295, 'LIVINGROOM', 2, 'Loveseat', 1, '2024-01-20 15:26:45'),
(2452, 296, 'LIVINGROOM', 2, 'Couch', 1, '2024-01-20 15:28:51'),
(2453, 296, 'LIVINGROOM', 2, 'Loveseat', 1, '2024-01-20 15:28:51'),
(2454, 297, 'LIVINGROOM', 2, 'Couch', 1, '2024-01-20 15:33:57'),
(2455, 297, 'LIVINGROOM', 2, 'Loveseat', 1, '2024-01-20 15:33:57'),
(2456, 298, 'LIVINGROOM', 2, 'Couch', 1, '2024-01-20 15:36:57'),
(2457, 298, 'LIVINGROOM', 2, 'Loveseat', 1, '2024-01-20 15:36:57'),
(2458, 299, 'LIVINGROOM', 2, 'Couch', 1, '2024-01-20 15:50:00'),
(2459, 299, 'LIVINGROOM', 2, 'Loveseat', 1, '2024-01-20 15:50:00'),
(2460, 300, 'LIVINGROOM', 2, 'Couch', 1, '2024-01-20 15:53:21'),
(2461, 300, 'LIVINGROOM', 2, 'Loveseat', 1, '2024-01-20 15:53:21'),
(2462, 301, 'LIVINGROOM', 2, 'Couch', 1, '2024-01-20 15:53:41'),
(2463, 301, 'LIVINGROOM', 2, 'Loveseat', 1, '2024-01-20 15:53:41'),
(2464, 302, 'LIVINGROOM', 2, 'Couch', 1, '2024-01-20 15:53:53'),
(2465, 302, 'LIVINGROOM', 2, 'Loveseat', 1, '2024-01-20 15:53:53'),
(2466, 303, 'LIVINGROOM', 2, 'Couch', 1, '2024-01-20 15:54:37'),
(2467, 303, 'LIVINGROOM', 2, 'Loveseat', 1, '2024-01-20 15:54:37'),
(2468, 304, 'LIVINGROOM', 2, 'Couch', 1, '2024-01-20 16:01:26'),
(2469, 304, 'LIVINGROOM', 2, 'Loveseat', 1, '2024-01-20 16:01:26'),
(2470, 305, 'LIVINGROOM', 2, 'Couch', 1, '2024-01-20 16:07:02'),
(2471, 305, 'LIVINGROOM', 2, 'Loveseat', 1, '2024-01-20 16:07:02'),
(2472, 306, 'LIVINGROOM', 2, 'Couch', 1, '2024-01-20 16:07:24'),
(2473, 306, 'LIVINGROOM', 2, 'Loveseat', 1, '2024-01-20 16:07:24'),
(2474, 307, 'LIVINGROOM', 2, 'Couch', 1, '2024-01-20 16:07:52'),
(2475, 307, 'LIVINGROOM', 2, 'Loveseat', 1, '2024-01-20 16:07:52'),
(2476, 308, 'LIVINGROOM', 2, 'Couch', 1, '2024-01-20 16:08:14'),
(2477, 308, 'LIVINGROOM', 2, 'Loveseat', 1, '2024-01-20 16:08:14'),
(2478, 309, 'LIVINGROOM', 2, 'Couch', 1, '2024-01-20 16:12:41'),
(2479, 309, 'LIVINGROOM', 2, 'Loveseat', 1, '2024-01-20 16:12:41'),
(2480, 310, 'LIVINGROOM', 1, 'Couch', 1, '2024-01-20 16:14:01'),
(2481, 310, 'KITCHEN', 1, 'Table', 1, '2024-01-20 16:14:01'),
(2482, 311, 'LIVINGROOM', 1, 'Couch', 1, '2024-01-20 16:14:28'),
(2483, 311, 'KITCHEN', 1, 'Table', 1, '2024-01-20 16:14:28'),
(2484, 312, 'LIVINGROOM', 1, 'Couch', 1, '2024-01-20 16:14:56'),
(2485, 312, 'KITCHEN', 1, 'Table', 1, '2024-01-20 16:14:56'),
(2486, 313, 'LIVINGROOM', 1, 'Couch', 1, '2024-01-20 16:15:24'),
(2487, 313, 'KITCHEN', 1, 'Table', 1, '2024-01-20 16:15:24'),
(2488, 314, 'LIVINGROOM', 1, 'Couch', 1, '2024-01-20 16:15:53'),
(2489, 314, 'KITCHEN', 1, 'Table', 1, '2024-01-20 16:15:53'),
(2490, 315, 'LIVINGROOM', 1, 'Couch', 1, '2024-01-20 16:16:04'),
(2491, 315, 'KITCHEN', 1, 'Table', 1, '2024-01-20 16:16:04'),
(2492, 316, 'LIVINGROOM', 1, 'Couch', 1, '2024-01-20 16:17:48'),
(2493, 316, 'KITCHEN', 1, 'Table', 1, '2024-01-20 16:17:48'),
(2494, 317, 'LIVINGROOM', 2, 'Couch', 1, '2024-01-20 16:22:02'),
(2495, 317, 'LIVINGROOM', 2, 'Loveseat', 1, '2024-01-20 16:22:02'),
(2496, 318, 'LIVINGROOM', 2, 'Couch', 1, '2024-01-20 16:22:53'),
(2497, 318, 'LIVINGROOM', 2, 'Loveseat', 1, '2024-01-20 16:22:53'),
(2498, 319, 'LIVINGROOM', 2, 'Couch', 1, '2024-01-20 16:23:09'),
(2499, 319, 'LIVINGROOM', 2, 'Loveseat', 1, '2024-01-20 16:23:09'),
(2500, 320, 'LIVINGROOM', 2, 'Couch', 1, '2024-01-20 16:24:42'),
(2501, 320, 'LIVINGROOM', 2, 'Loveseat', 1, '2024-01-20 16:24:42'),
(2502, 321, 'LIVINGROOM', 3, 'Book Case', 1, '2024-01-20 16:38:02'),
(2503, 321, 'LIVINGROOM', 3, 'Desk', 1, '2024-01-20 16:38:02'),
(2504, 321, 'LIVINGROOM', 3, 'TV stand', 1, '2024-01-20 16:38:02'),
(2505, 321, 'KITCHEN', 3, 'Xtra Kit items', 3, '2024-01-20 16:38:02'),
(2506, 322, 'LIVINGROOM', 3, 'Book Case', 1, '2024-01-20 16:41:40'),
(2507, 322, 'LIVINGROOM', 3, 'Desk', 1, '2024-01-20 16:41:40'),
(2508, 322, 'LIVINGROOM', 3, 'TV stand', 1, '2024-01-20 16:41:40'),
(2509, 322, 'KITCHEN', 3, 'Xtra Kit items', 3, '2024-01-20 16:41:40'),
(2510, 323, 'BATH', 3, 'Towel Set', 1, '2024-01-20 16:55:08'),
(2511, 323, 'BATH', 3, 'Laundry Basket', 2, '2024-01-20 16:55:08'),
(2512, 323, 'LIVINGROOM', 2, 'Couch', 1, '2024-01-20 16:55:08'),
(2513, 323, 'LIVINGROOM', 2, 'Loveseat', 1, '2024-01-20 16:55:08'),
(2514, 323, 'BEDDING', 3, 'Sheet set', 2, '2024-01-20 16:55:08'),
(2515, 323, 'BEDDING', 3, 'Throw pillows', 1, '2024-01-20 16:55:08'),
(2516, 323, 'BEDROOM', 1, 'Full Box', 1, '2024-01-20 16:55:08'),
(2517, 323, 'KITCHEN', 2, 'Table', 1, '2024-01-20 16:55:08'),
(2518, 323, 'KITCHEN', 2, 'Chairs', 1, '2024-01-20 16:55:08'),
(2519, 323, 'BABY', 1, 'Toddler bed', 1, '2024-01-20 16:55:08'),
(2520, 324, 'BATH', 3, 'Towel Set', 1, '2024-01-20 16:59:48'),
(2521, 324, 'BATH', 3, 'Laundry Basket', 2, '2024-01-20 16:59:48'),
(2522, 324, 'LIVINGROOM', 2, 'Couch', 1, '2024-01-20 16:59:48'),
(2523, 324, 'LIVINGROOM', 2, 'Loveseat', 1, '2024-01-20 16:59:48'),
(2524, 324, 'BEDDING', 3, 'Sheet set', 2, '2024-01-20 16:59:48'),
(2525, 324, 'BEDDING', 3, 'Throw pillows', 1, '2024-01-20 16:59:48'),
(2526, 324, 'BEDROOM', 1, 'Full Box', 1, '2024-01-20 16:59:48'),
(2527, 324, 'KITCHEN', 2, 'Table', 1, '2024-01-20 16:59:48'),
(2528, 324, 'KITCHEN', 2, 'Chairs', 1, '2024-01-20 16:59:48'),
(2529, 324, 'BABY', 1, 'Toddler bed', 1, '2024-01-20 16:59:48'),
(2530, 325, 'LIVINGROOM', 1, 'Couch', 1, '2024-01-27 10:17:14'),
(2531, 326, 'LIVINGROOM', 1, 'Couch', 1, '2024-01-27 10:20:10'),
(2532, 327, 'LIVINGROOM', 1, 'Couch', 1, '2024-01-27 10:21:42'),
(2533, 328, 'LIVINGROOM', 1, 'Couch', 1, '2024-01-27 10:33:32'),
(2534, 329, 'LIVINGROOM', 1, 'Couch', 1, '2024-01-27 10:45:42'),
(2535, 330, 'LIVINGROOM', 1, 'Couch', 1, '2024-01-27 11:55:21'),
(2536, 331, 'LIVINGROOM', 1, 'Couch', 1, '2024-01-27 11:56:19'),
(2537, 332, 'LIVINGROOM', 1, 'Couch', 1, '2024-01-27 11:57:21'),
(2538, 333, 'LIVINGROOM', 1, 'Couch', 1, '2024-01-27 11:59:07'),
(2539, 334, 'BATH', 1, 'Towel Set', 1, '2024-01-28 15:03:05'),
(2540, 334, 'LIVINGROOM', 2, 'Couch', 1, '2024-01-28 15:03:05'),
(2541, 334, 'LIVINGROOM', 2, 'Loveseat', 1, '2024-01-28 15:03:05'),
(2542, 334, 'BEDDING', 1, 'Blanket', 1, '2024-01-28 15:03:05'),
(2543, 334, 'BEDROOM', 2, 'Qn.Matt', 1, '2024-01-28 15:03:05'),
(2544, 334, 'BEDROOM', 2, 'Qn Box', 1, '2024-01-28 15:03:05'),
(2545, 334, 'KITCHEN', 2, 'Table', 1, '2024-01-28 15:03:05'),
(2546, 334, 'KITCHEN', 2, 'Chairs', 1, '2024-01-28 15:03:05'),
(2547, 334, 'BABY', 1, 'Toddler bed', 1, '2024-01-28 15:03:05'),
(2548, 335, 'BATH', 1, 'Towel Set', 1, '2024-01-28 15:03:22'),
(2549, 335, 'LIVINGROOM', 2, 'Couch', 1, '2024-01-28 15:03:22'),
(2550, 335, 'LIVINGROOM', 2, 'Loveseat', 1, '2024-01-28 15:03:22'),
(2551, 335, 'BEDDING', 1, 'Blanket', 1, '2024-01-28 15:03:22'),
(2552, 335, 'BEDROOM', 2, 'Qn.Matt', 1, '2024-01-28 15:03:22'),
(2553, 335, 'BEDROOM', 2, 'Qn Box', 1, '2024-01-28 15:03:22'),
(2554, 335, 'KITCHEN', 2, 'Table', 1, '2024-01-28 15:03:22'),
(2555, 335, 'KITCHEN', 2, 'Chairs', 1, '2024-01-28 15:03:22'),
(2556, 335, 'BABY', 1, 'Toddler bed', 1, '2024-01-28 15:03:22'),
(2557, 336, 'BATH', 1, 'Towel Set', 1, '2024-01-28 15:09:51'),
(2558, 336, 'LIVINGROOM', 2, 'Couch', 1, '2024-01-28 15:09:51'),
(2559, 336, 'LIVINGROOM', 2, 'Loveseat', 1, '2024-01-28 15:09:51'),
(2560, 336, 'BEDDING', 1, 'Blanket', 1, '2024-01-28 15:09:51'),
(2561, 336, 'BEDROOM', 2, 'Qn.Matt', 1, '2024-01-28 15:09:51'),
(2562, 336, 'BEDROOM', 2, 'Qn Box', 1, '2024-01-28 15:09:51'),
(2563, 336, 'KITCHEN', 2, 'Table', 1, '2024-01-28 15:09:51'),
(2564, 336, 'KITCHEN', 2, 'Chairs', 1, '2024-01-28 15:09:51'),
(2565, 336, 'BABY', 1, 'Toddler bed', 1, '2024-01-28 15:09:51'),
(2566, 337, 'BATH', 1, 'Towel Set', 1, '2024-01-28 15:09:59'),
(2567, 337, 'LIVINGROOM', 2, 'Couch', 1, '2024-01-28 15:09:59'),
(2568, 337, 'LIVINGROOM', 2, 'Loveseat', 1, '2024-01-28 15:09:59'),
(2569, 337, 'BEDDING', 1, 'Blanket', 1, '2024-01-28 15:09:59'),
(2570, 337, 'BEDROOM', 2, 'Qn.Matt', 1, '2024-01-28 15:09:59'),
(2571, 337, 'BEDROOM', 2, 'Qn Box', 1, '2024-01-28 15:09:59'),
(2572, 337, 'KITCHEN', 2, 'Table', 1, '2024-01-28 15:09:59'),
(2573, 337, 'KITCHEN', 2, 'Chairs', 1, '2024-01-28 15:09:59'),
(2574, 337, 'BABY', 1, 'Toddler bed', 1, '2024-01-28 15:09:59'),
(2575, 338, 'BATH', 1, 'Towel Set', 1, '2024-01-28 15:17:39'),
(2576, 338, 'LIVINGROOM', 2, 'Couch', 1, '2024-01-28 15:17:39'),
(2577, 338, 'LIVINGROOM', 2, 'Loveseat', 1, '2024-01-28 15:17:39'),
(2578, 338, 'BEDDING', 1, 'Blanket', 1, '2024-01-28 15:17:39'),
(2579, 338, 'BEDROOM', 2, 'Qn.Matt', 1, '2024-01-28 15:17:39'),
(2580, 338, 'BEDROOM', 2, 'Qn Box', 1, '2024-01-28 15:17:39'),
(2581, 338, 'KITCHEN', 2, 'Table', 1, '2024-01-28 15:17:39'),
(2582, 338, 'KITCHEN', 2, 'Chairs', 1, '2024-01-28 15:17:39'),
(2583, 338, 'BABY', 1, 'Toddler bed', 1, '2024-01-28 15:17:39'),
(2584, 339, 'BATH', 1, 'Towel Set', 1, '2024-01-28 15:27:38'),
(2585, 339, 'LIVINGROOM', 2, 'Couch', 1, '2024-01-28 15:27:38'),
(2586, 339, 'LIVINGROOM', 2, 'Loveseat', 1, '2024-01-28 15:27:38'),
(2587, 339, 'BEDDING', 1, 'Blanket', 1, '2024-01-28 15:27:38'),
(2588, 339, 'BEDROOM', 2, 'Qn.Matt', 1, '2024-01-28 15:27:38'),
(2589, 339, 'BEDROOM', 2, 'Qn Box', 1, '2024-01-28 15:27:38'),
(2590, 339, 'KITCHEN', 2, 'Table', 1, '2024-01-28 15:27:38'),
(2591, 339, 'KITCHEN', 2, 'Chairs', 1, '2024-01-28 15:27:38'),
(2592, 339, 'BABY', 1, 'Toddler bed', 1, '2024-01-28 15:27:38'),
(2593, 340, 'BATH', 1, 'Towel Set', 1, '2024-01-28 15:29:28'),
(2594, 340, 'LIVINGROOM', 2, 'Couch', 1, '2024-01-28 15:29:28'),
(2595, 340, 'LIVINGROOM', 2, 'Loveseat', 1, '2024-01-28 15:29:28'),
(2596, 340, 'BEDDING', 1, 'Blanket', 1, '2024-01-28 15:29:28'),
(2597, 340, 'BEDROOM', 2, 'Qn.Matt', 1, '2024-01-28 15:29:28'),
(2598, 340, 'BEDROOM', 2, 'Qn Box', 1, '2024-01-28 15:29:28'),
(2599, 340, 'KITCHEN', 2, 'Table', 1, '2024-01-28 15:29:28'),
(2600, 340, 'KITCHEN', 2, 'Chairs', 1, '2024-01-28 15:29:28'),
(2601, 340, 'BABY', 1, 'Toddler bed', 1, '2024-01-28 15:29:28'),
(2602, 341, 'BATH', 1, 'Towel Set', 1, '2024-01-28 15:29:39'),
(2603, 341, 'LIVINGROOM', 2, 'Couch', 1, '2024-01-28 15:29:39'),
(2604, 341, 'LIVINGROOM', 2, 'Loveseat', 1, '2024-01-28 15:29:39'),
(2605, 341, 'BEDDING', 1, 'Blanket', 1, '2024-01-28 15:29:39'),
(2606, 341, 'BEDROOM', 2, 'Qn.Matt', 1, '2024-01-28 15:29:39'),
(2607, 341, 'BEDROOM', 2, 'Qn Box', 1, '2024-01-28 15:29:39'),
(2608, 341, 'KITCHEN', 2, 'Table', 1, '2024-01-28 15:29:39'),
(2609, 341, 'KITCHEN', 2, 'Chairs', 1, '2024-01-28 15:29:39'),
(2610, 341, 'BABY', 1, 'Toddler bed', 1, '2024-01-28 15:29:39'),
(2611, 342, 'LIVINGROOM', 4, 'Couch', 1, '2024-01-28 15:34:48'),
(2612, 342, 'LIVINGROOM', 4, 'Recliner', 2, '2024-01-28 15:34:48'),
(2613, 342, 'LIVINGROOM', 4, 'Rocker', 1, '2024-01-28 15:34:48'),
(2614, 342, 'BEDROOM', 4, 'Qn.Matt', 2, '2024-01-28 15:34:48'),
(2615, 342, 'BEDROOM', 4, 'Qn Box', 2, '2024-01-28 15:34:48'),
(2616, 342, 'KITCHEN', 4, 'Table', 1, '2024-01-28 15:34:48'),
(2617, 342, 'KITCHEN', 4, 'Chairs', 1, '2024-01-28 15:34:48'),
(2618, 342, 'KITCHEN', 4, 'Bar Stool', 2, '2024-01-28 15:34:48'),
(2619, 343, 'LIVINGROOM', 4, 'Couch', 1, '2024-01-28 15:35:28'),
(2620, 343, 'LIVINGROOM', 4, 'Recliner', 2, '2024-01-28 15:35:28'),
(2621, 343, 'LIVINGROOM', 4, 'Rocker', 1, '2024-01-28 15:35:28'),
(2622, 343, 'BEDROOM', 4, 'Qn.Matt', 2, '2024-01-28 15:35:28'),
(2623, 343, 'BEDROOM', 4, 'Qn Box', 2, '2024-01-28 15:35:28'),
(2624, 343, 'KITCHEN', 4, 'Table', 1, '2024-01-28 15:35:28'),
(2625, 343, 'KITCHEN', 4, 'Chairs', 1, '2024-01-28 15:35:28'),
(2626, 343, 'KITCHEN', 4, 'Bar Stool', 2, '2024-01-28 15:35:28');

-- --------------------------------------------------------

--
-- Table structure for table `smallappliances`
--

CREATE TABLE `smallappliances` (
  `id` int(11) NOT NULL,
  `smallAppliances_item` varchar(19) DEFAULT NULL
) ENGINE=InnoDB DEFAULT CHARSET=utf8 COLLATE=utf8_general_ci;

--
-- Dumping data for table `smallappliances`
--

INSERT INTO `smallappliances` (`id`, `smallAppliances_item`) VALUES
(1, 'Microwave'),
(2, 'Mixer/blender'),
(3, 'coffee Pot'),
(4, 'George Foreman'),
(5, 'Crock pot');

-- --------------------------------------------------------

--
-- Table structure for table `todolist`
--

CREATE TABLE `todolist` (
  `id` int(11) NOT NULL,
  `posted_by` varchar(255) NOT NULL,
  `task_name` varchar(100) NOT NULL,
  `task_status` tinyint(1) DEFAULT NULL,
  `updated_at` datetime NOT NULL,
  `created_at` datetime NOT NULL
) ENGINE=InnoDB DEFAULT CHARSET=utf8 COLLATE=utf8_general_ci;

--
-- Dumping data for table `todolist`
--

INSERT INTO `todolist` (`id`, `posted_by`, `task_name`, `task_status`, `updated_at`, `created_at`) VALUES
(301, '4', 'Call Zack ', 0, '2023-12-09 10:10:23', '2023-12-09 10:10:23'),
(302, '4', 'this is how new note will be added ', 0, '2023-12-09 10:10:44', '2023-12-09 10:10:44'),
(303, '4', 'this is a note on AshDanO workspace ', 0, '2023-12-09 10:16:20', '2023-12-09 10:16:20'),
(304, '5', 'This is susanJ workspace ', 0, '2023-12-09 10:18:20', '2023-12-09 10:18:20'),
(305, '4', 'it works ', 0, '2023-12-09 10:24:03', '2023-12-09 10:24:03'),
(306, '4', 'Dangelo', 0, '2023-12-09 10:25:35', '2023-12-09 10:25:35'),
(307, '4', 'doubleD', 0, '2023-12-14 18:02:34', '2023-12-14 18:02:34'),
(308, '4', 'vendetta ', 0, '2023-12-15 21:46:40', '2023-12-15 21:46:40'),
(309, '4', 'taco', 0, '2023-12-29 22:43:53', '2023-12-29 22:43:53');

-- --------------------------------------------------------

--
-- Table structure for table `uploads`
--

CREATE TABLE `uploads` (
  `id` int(11) NOT NULL,
  `family_id` int(11) NOT NULL,
  `document` longblob DEFAULT NULL,
  `filename` varchar(50) NOT NULL,
  `created_at` datetime NOT NULL DEFAULT current_timestamp(),
  `updated_at` datetime NOT NULL DEFAULT current_timestamp()
) ENGINE=InnoDB DEFAULT CHARSET=utf8 COLLATE=utf8_general_ci;

--
-- Dumping data for table `uploads`
--

INSERT INTO `uploads` (`id`, `family_id`, `document`, `filename`, `created_at`, `updated_at`) VALUES
(6, 97, 0x2f73746f726167652f75706c6f6164732f313638363335343633385f4427416e67656c6f20416e746f696e652e706466, '1686354638_test.pdf', '2023-06-09 18:50:38', '2023-06-09 18:50:38'),
(9, 100, 0x2f73746f726167652f75706c6f6164732f313638363937373032385f3132332e706466, '1686977028_123.pdf', '2023-06-16 23:43:48', '2023-06-16 23:43:48'),
(10, 98, 0x2f73746f726167652f75706c6f6164732f313638363937373039315f3132332e706466, '1686977091_789.pdf', '2023-06-16 23:44:51', '2023-06-17 00:15:30'),
(11, 88, 0x2f73746f726167652f75706c6f6164732f313638373438363432335f6c75636b792e706466, '1687486423_lucky.pdf', '2023-06-22 21:13:43', '2023-06-22 21:13:43'),
(12, 96, 0x2f73746f726167652f75706c6f6164732f313639333037363733315f44616e67656c6f2020416e746f696e65206376206e742e646f63782e706466, '1693076731_Dangelo  Antoine cv nt.docx.pdf', '2023-08-26 14:05:31', '2023-08-26 14:05:31');

-- --------------------------------------------------------

--
-- Table structure for table `users`
--

CREATE TABLE `users` (
  `id` bigint(20) UNSIGNED NOT NULL,
  `first_name` varchar(255) NOT NULL,
  `last_name` varchar(255) NOT NULL,
  `username` varchar(255) NOT NULL,
  `email` varchar(255) NOT NULL,
  `email_verified_at` timestamp NULL DEFAULT NULL,
  `password` varchar(255) NOT NULL,
  `user_type` enum('admin','standard') NOT NULL DEFAULT 'standard',
  `remember_token` varchar(100) DEFAULT NULL,
  `created_at` timestamp NULL DEFAULT NULL,
  `updated_at` timestamp NULL DEFAULT NULL
) ENGINE=InnoDB DEFAULT CHARSET=utf8mb4 COLLATE=utf8mb4_unicode_ci;

--
-- Dumping data for table `users`
--

INSERT INTO `users` (`id`, `first_name`, `last_name`, `username`, `email`, `email_verified_at`, `password`, `user_type`, `remember_token`, `created_at`, `updated_at`) VALUES
(3, 'Dangelo', 'Antoine', 'Danny971', 'dangeloantoine94@gmail.com', NULL, '$2y$10$R6ofH24h.ItIGpK42XKyqOvwGY1I3kvxx.S6bDPu1Ablec095/0UG', 'admin', NULL, '2023-05-31 01:44:21', '2023-05-31 01:44:21'),
(4, 'Ashford', 'Daniel', 'AshDanO', 'Huperdan@gmail.com', NULL, '$2y$10$T22.6NTq3aHIW/.5VT16sun0cqsZEFc2Dcrr72WRaLBs1hSkNvZOC', 'standard', NULL, '2023-05-31 01:45:13', '2023-05-31 01:45:13'),
(5, 'Susan', 'Jhonston', 'SusanJ', 'something@gmail.com', NULL, '$2y$10$8Ak3eon1Vl2FBEiX9YcZcux.tpZy.h7r0z0.YPU2e3osJQGcEiDiu', 'admin', NULL, '2023-07-28 15:26:14', '2023-07-28 15:26:14');

--
-- Indexes for dumped tables
--

--
-- Indexes for table `agency`
--
ALTER TABLE `agency`
  ADD PRIMARY KEY (`agency_id`);

--
-- Indexes for table `baby`
--
ALTER TABLE `baby`
  ADD PRIMARY KEY (`id`);

--
-- Indexes for table `backorder`
--
ALTER TABLE `backorder`
  ADD PRIMARY KEY (`id`),
  ADD KEY `family_id` (`family_id`);

--
-- Indexes for table `backorder_inventory`
--
ALTER TABLE `backorder_inventory`
  ADD PRIMARY KEY (`id`);

--
-- Indexes for table `bath`
--
ALTER TABLE `bath`
  ADD PRIMARY KEY (`id`);

--
-- Indexes for table `bedding`
--
ALTER TABLE `bedding`
  ADD PRIMARY KEY (`id`);

--
-- Indexes for table `bedroom`
--
ALTER TABLE `bedroom`
  ADD PRIMARY KEY (`id`);

--
-- Indexes for table `calender`
--
ALTER TABLE `calender`
  ADD PRIMARY KEY (`event_id`);

--
-- Indexes for table `client_data`
--
ALTER TABLE `client_data`
  ADD PRIMARY KEY (`id`),
  ADD KEY `family_id` (`family_id`);

--
-- Indexes for table `client_profile_ext`
--
ALTER TABLE `client_profile_ext`
  ADD PRIMARY KEY (`id`),
  ADD KEY `family_id` (`family_id`);

--
-- Indexes for table `declinecases`
--
ALTER TABLE `declinecases`
  ADD PRIMARY KEY (`id`),
  ADD KEY `family_id` (`family_id`);

--
-- Indexes for table `failed_jobs`
--
ALTER TABLE `failed_jobs`
  ADD PRIMARY KEY (`id`),
  ADD UNIQUE KEY `failed_jobs_uuid_unique` (`uuid`);

--
-- Indexes for table `family`
--
ALTER TABLE `family`
  ADD PRIMARY KEY (`id`),
  ADD UNIQUE KEY `Agency` (`id`);

--
-- Indexes for table `family_demographics`
--
ALTER TABLE `family_demographics`
  ADD PRIMARY KEY (`id`),
  ADD KEY `family_id` (`family_id`);

--
-- Indexes for table `fullfillmentcases`
--
ALTER TABLE `fullfillmentcases`
  ADD PRIMARY KEY (`id`),
  ADD KEY `family_id` (`family_id`);

--
-- Indexes for table `inventory`
--
ALTER TABLE `inventory`
  ADD PRIMARY KEY (`id`);

--
-- Indexes for table `kitchen`
--
ALTER TABLE `kitchen`
  ADD PRIMARY KEY (`id`);

--
-- Indexes for table `livingroom`
--
ALTER TABLE `livingroom`
  ADD PRIMARY KEY (`id`);

--
-- Indexes for table `migrations`
--
ALTER TABLE `migrations`
  ADD PRIMARY KEY (`id`);

--
-- Indexes for table `miscellaneous`
--
ALTER TABLE `miscellaneous`
  ADD PRIMARY KEY (`id`);

--
-- Indexes for table `notes`
--
ALTER TABLE `notes`
  ADD PRIMARY KEY (`note_id`),
  ADD KEY `family_id` (`family_id`);

--
-- Indexes for table `password_resets`
--
ALTER TABLE `password_resets`
  ADD PRIMARY KEY (`email`);

--
-- Indexes for table `pendingcase`
--
ALTER TABLE `pendingcase`
  ADD PRIMARY KEY (`id`),
  ADD KEY `pendingcase_fk1` (`family_id`);

--
-- Indexes for table `personal_access_tokens`
--
ALTER TABLE `personal_access_tokens`
  ADD PRIMARY KEY (`id`),
  ADD UNIQUE KEY `personal_access_tokens_token_unique` (`token`),
  ADD KEY `personal_access_tokens_tokenable_type_tokenable_id_index` (`tokenable_type`,`tokenable_id`);

--
-- Indexes for table `received`
--
ALTER TABLE `received`
  ADD PRIMARY KEY (`id`),
  ADD KEY `requestorder_id` (`requestorder_id`),
  ADD KEY `family_id` (`family_id`);

--
-- Indexes for table `referrals`
--
ALTER TABLE `referrals`
  ADD PRIMARY KEY (`id`);

--
-- Indexes for table `requestorder`
--
ALTER TABLE `requestorder`
  ADD PRIMARY KEY (`id`),
  ADD KEY `family_id` (`family_id`);

--
-- Indexes for table `smallappliances`
--
ALTER TABLE `smallappliances`
  ADD PRIMARY KEY (`id`);

--
-- Indexes for table `todolist`
--
ALTER TABLE `todolist`
  ADD PRIMARY KEY (`id`);

--
-- Indexes for table `uploads`
--
ALTER TABLE `uploads`
  ADD PRIMARY KEY (`id`),
  ADD KEY `family_id` (`family_id`);

--
-- Indexes for table `users`
--
ALTER TABLE `users`
  ADD PRIMARY KEY (`id`),
  ADD UNIQUE KEY `users_username_unique` (`username`),
  ADD UNIQUE KEY `users_email_unique` (`email`);

--
-- AUTO_INCREMENT for dumped tables
--

--
-- AUTO_INCREMENT for table `agency`
--
ALTER TABLE `agency`
  MODIFY `agency_id` int(11) NOT NULL AUTO_INCREMENT, AUTO_INCREMENT=4;

--
-- AUTO_INCREMENT for table `baby`
--
ALTER TABLE `baby`
  MODIFY `id` int(11) NOT NULL AUTO_INCREMENT, AUTO_INCREMENT=4;

--
-- AUTO_INCREMENT for table `backorder`
--
ALTER TABLE `backorder`
  MODIFY `id` int(11) NOT NULL AUTO_INCREMENT;

--
-- AUTO_INCREMENT for table `backorder_inventory`
--
ALTER TABLE `backorder_inventory`
  MODIFY `id` int(11) NOT NULL AUTO_INCREMENT;

--
-- AUTO_INCREMENT for table `bath`
--
ALTER TABLE `bath`
  MODIFY `id` int(11) NOT NULL AUTO_INCREMENT, AUTO_INCREMENT=7;

--
-- AUTO_INCREMENT for table `bedding`
--
ALTER TABLE `bedding`
  MODIFY `id` int(11) NOT NULL AUTO_INCREMENT, AUTO_INCREMENT=7;

--
-- AUTO_INCREMENT for table `bedroom`
--
ALTER TABLE `bedroom`
  MODIFY `id` int(11) NOT NULL AUTO_INCREMENT, AUTO_INCREMENT=10;

--
-- AUTO_INCREMENT for table `calender`
--
ALTER TABLE `calender`
  MODIFY `event_id` int(11) NOT NULL AUTO_INCREMENT;

--
-- AUTO_INCREMENT for table `client_data`
--
ALTER TABLE `client_data`
  MODIFY `id` int(11) NOT NULL AUTO_INCREMENT, AUTO_INCREMENT=7;

--
-- AUTO_INCREMENT for table `client_profile_ext`
--
ALTER TABLE `client_profile_ext`
  MODIFY `id` int(11) NOT NULL AUTO_INCREMENT, AUTO_INCREMENT=16;

--
-- AUTO_INCREMENT for table `declinecases`
--
ALTER TABLE `declinecases`
  MODIFY `id` int(11) NOT NULL AUTO_INCREMENT, AUTO_INCREMENT=6;

--
-- AUTO_INCREMENT for table `failed_jobs`
--
ALTER TABLE `failed_jobs`
  MODIFY `id` bigint(20) UNSIGNED NOT NULL AUTO_INCREMENT;

--
-- AUTO_INCREMENT for table `family`
--
ALTER TABLE `family`
  MODIFY `id` int(11) NOT NULL AUTO_INCREMENT, AUTO_INCREMENT=344;

--
-- AUTO_INCREMENT for table `family_demographics`
--
ALTER TABLE `family_demographics`
  MODIFY `id` int(11) NOT NULL AUTO_INCREMENT, AUTO_INCREMENT=403;

--
-- AUTO_INCREMENT for table `fullfillmentcases`
--
ALTER TABLE `fullfillmentcases`
  MODIFY `id` int(11) NOT NULL AUTO_INCREMENT, AUTO_INCREMENT=18;

--
-- AUTO_INCREMENT for table `inventory`
--
ALTER TABLE `inventory`
  MODIFY `id` int(11) NOT NULL AUTO_INCREMENT, AUTO_INCREMENT=7;

--
-- AUTO_INCREMENT for table `kitchen`
--
ALTER TABLE `kitchen`
  MODIFY `id` int(11) NOT NULL AUTO_INCREMENT, AUTO_INCREMENT=8;

--
-- AUTO_INCREMENT for table `livingroom`
--
ALTER TABLE `livingroom`
  MODIFY `id` int(11) NOT NULL AUTO_INCREMENT, AUTO_INCREMENT=10;

--
-- AUTO_INCREMENT for table `migrations`
--
ALTER TABLE `migrations`
  MODIFY `id` int(10) UNSIGNED NOT NULL AUTO_INCREMENT, AUTO_INCREMENT=14;

--
-- AUTO_INCREMENT for table `miscellaneous`
--
ALTER TABLE `miscellaneous`
  MODIFY `id` int(11) NOT NULL AUTO_INCREMENT, AUTO_INCREMENT=7;

--
-- AUTO_INCREMENT for table `notes`
--
ALTER TABLE `notes`
  MODIFY `note_id` int(11) NOT NULL AUTO_INCREMENT, AUTO_INCREMENT=87;

--
-- AUTO_INCREMENT for table `pendingcase`
--
ALTER TABLE `pendingcase`
  MODIFY `id` int(11) NOT NULL AUTO_INCREMENT, AUTO_INCREMENT=41;

--
-- AUTO_INCREMENT for table `personal_access_tokens`
--
ALTER TABLE `personal_access_tokens`
  MODIFY `id` bigint(20) UNSIGNED NOT NULL AUTO_INCREMENT;

--
-- AUTO_INCREMENT for table `received`
--
ALTER TABLE `received`
  MODIFY `id` int(11) NOT NULL AUTO_INCREMENT, AUTO_INCREMENT=38;

--
-- AUTO_INCREMENT for table `referrals`
--
ALTER TABLE `referrals`
  MODIFY `id` int(11) NOT NULL AUTO_INCREMENT, AUTO_INCREMENT=6;

--
-- AUTO_INCREMENT for table `requestorder`
--
ALTER TABLE `requestorder`
  MODIFY `id` int(11) NOT NULL AUTO_INCREMENT, AUTO_INCREMENT=2627;

--
-- AUTO_INCREMENT for table `smallappliances`
--
ALTER TABLE `smallappliances`
  MODIFY `id` int(11) NOT NULL AUTO_INCREMENT, AUTO_INCREMENT=6;

--
-- AUTO_INCREMENT for table `todolist`
--
ALTER TABLE `todolist`
  MODIFY `id` int(11) NOT NULL AUTO_INCREMENT, AUTO_INCREMENT=310;

--
-- AUTO_INCREMENT for table `uploads`
--
ALTER TABLE `uploads`
  MODIFY `id` int(11) NOT NULL AUTO_INCREMENT, AUTO_INCREMENT=14;

--
-- AUTO_INCREMENT for table `users`
--
ALTER TABLE `users`
  MODIFY `id` bigint(20) UNSIGNED NOT NULL AUTO_INCREMENT, AUTO_INCREMENT=6;

--
-- Constraints for dumped tables
--

--
-- Constraints for table `backorder`
--
ALTER TABLE `backorder`
  ADD CONSTRAINT `backorder_ibfk_1` FOREIGN KEY (`family_id`) REFERENCES `family` (`id`) ON UPDATE CASCADE;

--
-- Constraints for table `client_data`
--
ALTER TABLE `client_data`
  ADD CONSTRAINT `client_data_ibfk_1` FOREIGN KEY (`family_id`) REFERENCES `family` (`id`) ON UPDATE CASCADE;

--
-- Constraints for table `client_profile_ext`
--
ALTER TABLE `client_profile_ext`
  ADD CONSTRAINT `client_profile_ext_ibfk_1` FOREIGN KEY (`family_id`) REFERENCES `family` (`id`) ON UPDATE CASCADE;

--
-- Constraints for table `declinecases`
--
ALTER TABLE `declinecases`
  ADD CONSTRAINT `declinecases_ibfk_1` FOREIGN KEY (`family_id`) REFERENCES `family` (`id`) ON UPDATE CASCADE;

--
-- Constraints for table `family_demographics`
--
ALTER TABLE `family_demographics`
  ADD CONSTRAINT `family_demographics_ibfk_1` FOREIGN KEY (`family_id`) REFERENCES `family` (`id`);

--
-- Constraints for table `fullfillmentcases`
--
ALTER TABLE `fullfillmentcases`
  ADD CONSTRAINT `fullfillmentcases_ibfk_1` FOREIGN KEY (`family_id`) REFERENCES `family` (`id`) ON UPDATE CASCADE;

--
-- Constraints for table `notes`
--
ALTER TABLE `notes`
  ADD CONSTRAINT `notes_ibfk_1` FOREIGN KEY (`family_id`) REFERENCES `family` (`id`) ON UPDATE CASCADE;

--
-- Constraints for table `pendingcase`
--
ALTER TABLE `pendingcase`
  ADD CONSTRAINT `pendingcase_fk1` FOREIGN KEY (`family_id`) REFERENCES `family` (`id`) ON DELETE CASCADE;

--
-- Constraints for table `received`
--
ALTER TABLE `received`
  ADD CONSTRAINT `received_ibfk_1` FOREIGN KEY (`requestorder_id`) REFERENCES `requestorder` (`id`),
  ADD CONSTRAINT `received_ibfk_2` FOREIGN KEY (`family_id`) REFERENCES `family` (`id`) ON UPDATE CASCADE;

--
-- Constraints for table `requestorder`
--
ALTER TABLE `requestorder`
  ADD CONSTRAINT `requestorder_ibfk_1` FOREIGN KEY (`family_id`) REFERENCES `family` (`id`);

--
-- Constraints for table `uploads`
--
ALTER TABLE `uploads`
  ADD CONSTRAINT `uploads_ibfk_1` FOREIGN KEY (`family_id`) REFERENCES `family` (`id`) ON UPDATE CASCADE;
COMMIT;

/*!40101 SET CHARACTER_SET_CLIENT=@OLD_CHARACTER_SET_CLIENT */;
/*!40101 SET CHARACTER_SET_RESULTS=@OLD_CHARACTER_SET_RESULTS */;
/*!40101 SET COLLATION_CONNECTION=@OLD_COLLATION_CONNECTION */;
